Mono path[0] = 'G:/Program Files (x86)/steam/steamapps/common/Elin/Elin_Data/Managed'
Mono config path = 'G:/Program Files (x86)/steam/steamapps/common/Elin/MonoBleedingEdge/etc'
Fallback handler could not load library G:/Program Files (x86)/steam/steamapps/common/Elin/Elin_Data/MonoBleedingEdge/data-000002648B4EBA40.dll
Fallback handler could not load library G:/Program Files (x86)/steam/steamapps/common/Elin/Elin_Data/MonoBleedingEdge/data-00000264911D9040.dll
[Physics::Module] Initialized MultithreadedJobDispatcher with {0} workers.
Initialize engine version: 2021.3.45f2 (88f88f591b2e)
[Subsystems] Discovering subsystems at path G:/Program Files (x86)/steam/steamapps/common/Elin/Elin_Data/UnitySubsystems
GfxDevice: creating device client; threaded=1; jobified=1
Direct3D:
    Version:  Direct3D 11.0 [level 11.1]
    Renderer: NVIDIA GeForce RTX 5060 Laptop GPU (ID=0x2d59)
    Vendor:   NVIDIA
    VRAM:     7810 MB
    Driver:   32.0.15.8108
Begin MonoManager ReloadAssembly
- Completed reload, in  0.136 seconds
ERROR: Shader Custom/UI/RadialBlur shader is not supported on this GPU (none of subshaders/fallbacks are suitable)
ERROR: Shader Applibot/UI/Dissolve shader is not supported on this GPU (none of subshaders/fallbacks are suitable)
<RI> Initializing input.
<RI> Input initialized.
<RI> Initialized touch support.
UnloadTime: 0.644600 ms
[Message: Preloader] BepInEx 6.0.0-pre.1 - Elin
[Info   :   BepInEx] System platform: Windows 10 64-bit
[Info   :   BepInEx] Process bitness: 64-bit (x64)
[Info   : Preloader] Running under Unity v2021.3.45.8976527
[Info   : Preloader] CLR runtime version: 4.0.30319.42000
[Info   : Preloader] Supports SRE: True
[Message: Preloader] Preloader started
[Info   :AssemblyPatcher] Loaded 1 patcher type from [BepInEx.Preloader.Unity 6.0.0.0]
[Info   : Preloader] 1 patcher plugin loaded
[Info   : Preloader] 152 assemblies discovered
[Message:AssemblyPatcher] Executing 1 patch(es)
[Message: Preloader] Preloader finished
[Message:   BepInEx] Chainloader initialized
[Info   :   BepInEx] 1 plugin to load
[Info   :   BepInEx] Loading [Package Chainloader 1.0.0]
[Message:   BepInEx] Chainloader startup complete
Core Awake
Version:EA 23.237 Patch 1
Init CorePath
Copy User Folder:G:/Program Files (x86)/steam/steamapps/common/Elin/Elin_Data/../User/  to  C:/Users/reinotamasi/AppData/LocalLow/Lafrontier/Elin/User/
Copy Custom Folder:G:/Program Files (x86)/steam/steamapps/common/Elin/Elin_Data/../Custom/  to  C:/Users/reinotamasi/AppData/LocalLow/Lafrontier/Elin/Custom/
Commandline args:G:\PROGRAM FILES (X86)\STEAM\STEAMAPPS\COMMON\ELIN\ELIN.EXE
2135150
Local User: 虛無_鬼王:20
Initalizing Steam Input System
#io LoadFile;C:/Users/reinotamasi/AppData/LocalLow/Lafrontier/Elin/Save//config.txt
Unloading 5 Unused Serialized files (Serialized files now loaded: 0)
Loading Config:C:/Users/reinotamasi/AppData/LocalLow/Lafrontier/Elin/Save//config.txt - CoreConfig
StartCase:False
Initializing ModManager:_Elona/G:/Program Files (x86)/steam/steamapps/common/Elin/Elin_Data/../Package/
IsOffline:False
dirWorkshop:G:\Program Files (x86)\steam\steamapps/workshop/content/2135150
Mod Init:G:/Program Files (x86)/steam/steamapps/common/Elin/Elin_Data/../Package/_Elona/
Fetching subscribed Mods...(Hit ESC to cancel)
Failed to load the Steam App List: State = ProtocolError, Error Message = HTTP/1.1 404 Not Found
Unloading 24 unused Assets to reduce memory usage. Loaded Objects now: 6196.
Total: 9.117900 ms (FindLiveObjects: 0.318600 ms CreateObjectMapping: 0.075800 ms MarkObjects: 8.683500 ms  DeleteObjects: 0.039200 ms)

Item [Better Harvest Event Notification] has no preview file!
Item [] has no preview file!
Item [Yeek Replace] has no preview file!
Chinese Language/elin_language_chinese/True/G:\Program Files (x86)\steam\steamapps\common\Elin\Package\_Lang_Chinese
Elin Core/elin_core1/True/G:\Program Files (x86)\steam\steamapps\common\Elin\Package\_Elona
Portrait Specification Framework Local Settings/android_specific_portraits_settings/True/G:\Program Files (x86)\steam\steamapps\common\Elin\Package\Mod_Specific_Portraits_Settings
Slot/elin_minigame_slot/True/G:\Program Files (x86)\steam\steamapps\common\Elin\Package\Mod_Slot
3406136677/elin_minigame_slot/True/G:\Program Files (x86)\steam\steamapps\common\Elin\Package\Mod_oninotamasi
Fixed Packaged Loader/dk.elinplugins.fixedpackageloader/True/G:\Program Files (x86)\steam\steamapps\common\Elin\Package\Mod_FixedPackageLoader
可可的异界大冒险/KokoGreatAdventure/True/G:\Program Files (x86)\steam\steamapps\common\Elin\Package\Mod_Donakoko
CustomAIRedux/air1068.elin.customai.redux/True/G:\Program Files (x86)\steam\steamapps\workshop\content\2135150\3561260845
Various Portraits2/Various_portrait_naruse8/True/G:\Program Files (x86)\steam\steamapps\workshop\content\2135150\3609910269
Jialong/XLEM.mod.jialong/True/G:\Program Files (x86)\steam\steamapps\workshop\content\2135150\3609256708
SPC-TheSharkPracticeCombat/SharkPracticeCombat/True/G:\Program Files (x86)\steam\steamapps\workshop\content\2135150\3609038696
更好的附魔/258767c/True/G:\Program Files (x86)\steam\steamapps\workshop\content\2135150\3607386330
Better Sleep/omegaplatinum.elin.bettersleep/True/G:\Program Files (x86)\steam\steamapps\workshop\content\2135150\3374145837
Auto Pickup Tent/omegaplatinum.elin.autopickuptent/True/G:\Program Files (x86)\steam\steamapps\workshop\content\2135150\3396695393
Ingrid "Vulpisfoglia" Venezia - PCC/Arknights-Vulpisfoglia-PCC/True/G:\Program Files (x86)\steam\steamapps\workshop\content\2135150\3606170129
Thx_additional_PCC/elin_thxani_pccpack1/True/G:\Program Files (x86)\steam\steamapps\workshop\content\2135150\3605570054
Thx_PCC_reference/elin_thxani_pcc_2/True/G:\Program Files (x86)\steam\steamapps\workshop\content\2135150\3569844956
Ayane Ichijō/Ayane/True/G:\Program Files (x86)\steam\steamapps\workshop\content\2135150\3604316726
爱丽丝/alice_wvd/True/G:\Program Files (x86)\steam\steamapps\workshop\content\2135150\3604456928
MilkStats/air1068.elin.milkstats/True/G:\Program Files (x86)\steam\steamapps\workshop\content\2135150\3397427592
Batch Processing/omegaplatinum.elin.batchprocessing/True/G:\Program Files (x86)\steam\steamapps\workshop\content\2135150\3601903765
Dynamic Craftable Weapons and Armor/io.gitgud.mrpopsalot.dynamicCraftable/True/G:\Program Files (x86)\steam\steamapps\workshop\content\2135150\3601556041
Elin with AI (Beta)/dk.elinplugins.emmersive/True/G:\Program Files (x86)\steam\steamapps\workshop\content\2135150\3587340176
Resist Mutation: Percentage/han.mutation.mod/True/G:\Program Files (x86)\steam\steamapps\workshop\content\2135150\3520348668
YK DevTool/jp.cmbc.mod.elin.yk-devtool/True/G:\Program Files (x86)\steam\steamapps\workshop\content\2135150\3400020855
Restock Tracker/larles.elinplugins.restocktracker/True/G:\Program Files (x86)\steam\steamapps\workshop\content\2135150\3420351842
HIYU_OlderYoungerSisterPortraits/hiyutoshiimo/True/G:\Program Files (x86)\steam\steamapps\workshop\content\2135150\3598080168
Identify All Items For The Entire Party/BetterIdentifyAll/True/G:\Program Files (x86)\steam\steamapps\workshop\content\2135150\3381874947
Portrait of Billy/portrait_of_billy/True/G:\Program Files (x86)\steam\steamapps\workshop\content\2135150\3594740486
Necronomancer Majorita/Majo/True/G:\Program Files (x86)\steam\steamapps\workshop\content\2135150\3594155504
造物法则2/zaowu2/True/G:\Program Files (x86)\steam\steamapps\workshop\content\2135150\3584176502
Replace Murderball/bor_murder_drones_v/True/G:\Program Files (x86)\steam\steamapps\workshop\content\2135150\3592062933
SubNPC Portraits/SubNPCportrait_naruse9/True/G:\Program Files (x86)\steam\steamapps\workshop\content\2135150\3591487518
KK With My Sister/KK_WithMySister/True/G:\Program Files (x86)\steam\steamapps\workshop\content\2135150\3358081949
Moist_Mounts/moist.mounts/True/G:\Program Files (x86)\steam\steamapps\workshop\content\2135150\3590412252
FilterMessages/Balrog_FilterMessages/True/G:\Program Files (x86)\steam\steamapps\workshop\content\2135150\3387427055
Livestock Eat to Exp/livestock_eat_to_exp/True/G:\Program Files (x86)\steam\steamapps\workshop\content\2135150\3588842059
Candle Ghost replacer/Mod_Candle Ghost replacer/True/G:\Program Files (x86)\steam\steamapps\workshop\content\2135150\3584407887
夏莉莉妮雅/xll/True/G:\Program Files (x86)\steam\steamapps\workshop\content\2135150\3586332785
yanokikyo_Girl_PCC2/yanokikyo_Girl_PCC2/True/G:\Program Files (x86)\steam\steamapps\workshop\content\2135150\3585457729
Shared Factories/regaccio.sharedfactories/True/G:\Program Files (x86)\steam\steamapps\workshop\content\2135150\3387548958
TAO Adoption/tao.adoption/True/G:\Program Files (x86)\steam\steamapps\workshop\content\2135150\3381058285
The Eternal Student: Kubrika/The Eternal Student Kubrika/True/G:\Program Files (x86)\steam\steamapps\workshop\content\2135150\3380350255
Item Filter Plus/elin_itemfilterplus/True/G:\Program Files (x86)\steam\steamapps\workshop\content\2135150\3536487869
Party MP/ST bar/NS_PartyMPST/True/G:\Program Files (x86)\steam\steamapps\workshop\content\2135150\3563841222
CombatStatsDisplay/NS_combat_stats_display/True/G:\Program Files (x86)\steam\steamapps\workshop\content\2135150\3555582126
NJYM_LittleGirl_Replace/NJYM_LittleGirl_Replace/True/G:\Program Files (x86)\steam\steamapps\workshop\content\2135150\3359533667
Alice PCC - BLACK SOULS II/BS-Alice-PCC/True/G:\Program Files (x86)\steam\steamapps\workshop\content\2135150\3360293202
NJYM_OlderYoungerSister_Replace/NJYM_OlderYoungerSister_Replace/True/G:\Program Files (x86)\steam\steamapps\workshop\content\2135150\3360525261
NJYM_Sister_Replace/NJYM_Sister_Replace/True/G:\Program Files (x86)\steam\steamapps\workshop\content\2135150\3360525192
AdditionalPortrats/Portrate_blueberry1/True/G:\Program Files (x86)\steam\steamapps\workshop\content\2135150\3362538268
KK Quest Timer/KK_QuestTimer/True/G:\Program Files (x86)\steam\steamapps\workshop\content\2135150\3363283268
TpAnyStethoscope/tp_any_stethoscope/True/G:\Program Files (x86)\steam\steamapps\workshop\content\2135150\3358085540
EtherDiseaseNotification/EtherDiseaseNotification/True/G:\Program Files (x86)\steam\steamapps\workshop\content\2135150\3359571755
NJYM_Servants of Gods_Replace/NJYM_ServantsofGods_Replace/True/G:\Program Files (x86)\steam\steamapps\workshop\content\2135150\3365563490
TpStackableTool/tp_stackable_tool/True/G:\Program Files (x86)\steam\steamapps\workshop\content\2135150\3358087279
Parasitic/elin_mod_custom_Parasitic/True/G:\Program Files (x86)\steam\steamapps\workshop\content\2135150\3368080692
队友能接住投掷的物品 Allies Can Catch Thrown Items/AlliesCatchThrownFood/True/G:\Program Files (x86)\steam\steamapps\workshop\content\2135150\3369127468
Klyin's Futon Retexture/Klyin_Futon_Retexture/True/G:\Program Files (x86)\steam\steamapps\workshop\content\2135150\3369349447
Canisminor Elin: PCC/canisminor_elin_pcc/True/G:\Program Files (x86)\steam\steamapps\workshop\content\2135150\3365647685
Remove Faith Limit for Faction Equipment/GodArtifactLimitRemoveModVersion/True/G:\Program Files (x86)\steam\steamapps\workshop\content\2135150\3366811232
FoodParameter/Kin.FoodParameter/True/G:\Program Files (x86)\steam\steamapps\workshop\content\2135150\3372367175
Inspect Everything/drakenydev_elin_InspectEverything/True/G:\Program Files (x86)\steam\steamapps\workshop\content\2135150\3372598874
Did I Learn this spell book?/elin_spell_book_note/True/G:\Program Files (x86)\steam\steamapps\workshop\content\2135150\3372869571
SayPietyAfterOffered/SayPiety/True/G:\Program Files (x86)\steam\steamapps\workshop\content\2135150\3371881685
Wumi'种(Seed)/Wumi_seed/True/G:\Program Files (x86)\steam\steamapps\workshop\content\2135150\3373664611
PartyWage/mistermeagle_PartyWage/True/G:\Program Files (x86)\steam\steamapps\workshop\content\2135150\3372589196
EnemyHpDiaPlay/elin_xizai_hpex/True/G:\Program Files (x86)\steam\steamapps\workshop\content\2135150\3374408312
EnchantValueDisplay/bluebird.EnchantValueDisplay/True/G:\Program Files (x86)\steam\steamapps\workshop\content\2135150\3374656094
HugMe/HugMe_yik/True/G:\Program Files (x86)\steam\steamapps\workshop\content\2135150\3376922889
戦場依頼にぎやかしMOD/SwarmEventMOD/yz_SwarmEvent/True/G:\Program Files (x86)\steam\steamapps\workshop\content\2135150\3378519489
Portrait Picker Chat Option/android_portrait_picker/True/G:\Program Files (x86)\steam\steamapps\workshop\content\2135150\3378879190
PresentForU/PresentForU_yik/True/G:\Program Files (x86)\steam\steamapps\workshop\content\2135150\3379612218
属性显示测试/mimi_showattributes/True/G:\Program Files (x86)\steam\steamapps\workshop\content\2135150\3379739374
Better Harvest Event Notification/ryan.elinharvestevent/True/G:\Program Files (x86)\steam\steamapps\workshop\content\2135150\3379829493
[Adventurer]若葉睦/custom_adv_mutsumi/True/G:\Program Files (x86)\steam\steamapps\workshop\content\2135150\3380127472
Adv Train For Rematch/Sobagaki_AdvTrainForRematch/True/G:\Program Files (x86)\steam\steamapps\workshop\content\2135150\3380405884
Gaki: True Mesugaki- Replace/Gaki: True Mesugaki- Replace/True/G:\Program Files (x86)\steam\steamapps\workshop\content\2135150\3373995503
KnowWhoYouBuy/Balrog_KnowWhoYouBuy/True/G:\Program Files (x86)\steam\steamapps\workshop\content\2135150\3376862926
ShinySpell/魔法エフェクト追加MOD/yz_ShinySpell/True/G:\Program Files (x86)\steam\steamapps\workshop\content\2135150\3380616117
TpStackableAging/tp_stackable_aging/True/G:\Program Files (x86)\steam\steamapps\workshop\content\2135150\3376525381
Give It Back/bep_giveitback/True/G:\Program Files (x86)\steam\steamapps\workshop\content\2135150\3358095275
Miranda: Rookie Gunner/Miranda: Rookie Gunner/True/G:\Program Files (x86)\steam\steamapps\workshop\content\2135150\3383166653
No Random Quest Limit/omegaplatinum.elin.norandomquestlimit/True/G:\Program Files (x86)\steam\steamapps\workshop\content\2135150\3383173590
Mod Help/drakenydev_elin_modhelp/True/G:\Program Files (x86)\steam\steamapps\workshop\content\2135150\3406542368
(Stable) Custom Whatever Loader/dk.elinplugins.customdialogloader.stable/True/G:\Program Files (x86)\steam\steamapps\workshop\content\2135150\3544010094
Animated Custom Sprites/dk.elinplugins.animatedcustomsprites/True/G:\Program Files (x86)\steam\steamapps\workshop\content\2135150\3382563342
Christmas Red Saber - Custom Adventurer/drakenydev_elin_padoru/True/G:\Program Files (x86)\steam\steamapps\workshop\content\2135150\3383191390
MissingObjectRecipeInformation/Balrog_MissingObjectRecipeInformation/True/G:\Program Files (x86)\steam\steamapps\workshop\content\2135150\3383772306
PickQuestRewards/Balrog_PickQuestRewards/True/G:\Program Files (x86)\steam\steamapps\workshop\content\2135150\3379923360
PartyTalk PTメンバーが電波で話しかけてくるようになるMOD/PartyTalk_yik/True/G:\Program Files (x86)\steam\steamapps\workshop\content\2135150\3384121582
OnlyMeals/Balrog_OnlyMeals/True/G:\Program Files (x86)\steam\steamapps\workshop\content\2135150\3382140352
Fairy dust: Una/Fairy dust: Una/True/G:\Program Files (x86)\steam\steamapps\workshop\content\2135150\3384670717
Wumi'TEX'黒天使(Black Angel)/Wumi_TEX_blackangel/True/G:\Program Files (x86)\steam\steamapps\workshop\content\2135150\3384991028
Mod Config GUI/xtracr_modconfiggui/True/G:\Program Files (x86)\steam\steamapps\workshop\content\2135150\3379819704
鑽頭傳說：轉生異世界重音テト/KasaneTeto/True/G:\Program Files (x86)\steam\steamapps\workshop\content\2135150\3385442190
Ma_Monsters_Tex_Replace/Ma_Monsters_Tex_Replace/True/G:\Program Files (x86)\steam\steamapps\workshop\content\2135150\3383563672
rbc1_portrait/rbc1_portrait/True/G:\Program Files (x86)\steam\steamapps\workshop\content\2135150\3385597428
「オブザーバー」種族追加MOD/observer_race_mod/True/G:\Program Files (x86)\steam\steamapps\workshop\content\2135150\3385578698
Mod Options/evilmask.elinplugins.modoptions/True/G:\Program Files (x86)\steam\steamapps\workshop\content\2135150\3381182341
Stamina Action Stop/omegaplatinum.elin.staminaactionstop/True/G:\Program Files (x86)\steam\steamapps\workshop\content\2135150\3385902412
PCC_Backpack/PCC_mame/True/G:\Program Files (x86)\steam\steamapps\workshop\content\2135150\3360459492
LongMeditate/Balrog_LongMeditate/True/G:\Program Files (x86)\steam\steamapps\workshop\content\2135150\3387979914
Frieren/Frieren_Elin/True/G:\Program Files (x86)\steam\steamapps\workshop\content\2135150\3387860984
Panty On Head/elin_pantyonhead/True/G:\Program Files (x86)\steam\steamapps\workshop\content\2135150\3389525107
Kiria_PCC/elin_kiria_pcc_mod/True/G:\Program Files (x86)\steam\steamapps\workshop\content\2135150\3378461941
Somnium_OjosanPcc_mod/Somnium_OjosanPcc_mod/True/G:\Program Files (x86)\steam\steamapps\workshop\content\2135150\3381900329
Karu_PCC/karu_kawaiinekogirls_slot/True/G:\Program Files (x86)\steam\steamapps\workshop\content\2135150\3377907538
PCC Kats Clothes 1/KMK_Katyusha_Clothes1/True/G:\Program Files (x86)\steam\steamapps\workshop\content\2135150\3376111972
Mekakure PCC/serikawa_mekakure_pcc/True/G:\Program Files (x86)\steam\steamapps\workshop\content\2135150\3381889732
Variable Sprite Support/dk.elinplugins.forcepixelsize/True/G:\Program Files (x86)\steam\steamapps\workshop\content\2135150\3369451909
Delivery_PCC/Delivery_PCC/True/G:\Program Files (x86)\steam\steamapps\workshop\content\2135150\3377482814
Mermaid PCC/mermaid_pcc_slop/True/G:\Program Files (x86)\steam\steamapps\workshop\content\2135150\3365992337
Elaina_PCC/Elaina_PCC/True/G:\Program Files (x86)\steam\steamapps\workshop\content\2135150\3367195279
PCC Kats Clothes 2/KMK_Katyusha_Clothes2/True/G:\Program Files (x86)\steam\steamapps\workshop\content\2135150\3376112744
Mondori_SAMURAI GIRL_PCC/Mondori_SAMURAI GIRL1.0/True/G:\Program Files (x86)\steam\steamapps\workshop\content\2135150\3382422457
F25_PCC_Pack/Mel_F25_PCC/True/G:\Program Files (x86)\steam\steamapps\workshop\content\2135150\3369491820
GranblueFantasy PCC/GBF_PCC_TRI/True/G:\Program Files (x86)\steam\steamapps\workshop\content\2135150\3363119351
BLACK SOULS SERIES - Elin-ified Characters/Elin-BlackSouls-ElinifiedPCC/True/G:\Program Files (x86)\steam\steamapps\workshop\content\2135150\3384300909
Nemuine's PCC Glasses/NemuineruGlasses_01/True/G:\Program Files (x86)\steam\steamapps\workshop\content\2135150\3373210052
Red Hood PCC - BLACK SOULS II/BS-RedHood-PCC/True/G:\Program Files (x86)\steam\steamapps\workshop\content\2135150\3359197958
Lizard Bill PCC - BLACK SOULS II/BS-LBill-PCC/True/G:\Program Files (x86)\steam\steamapps\workshop\content\2135150\3359948163
Cooking Attire/KMK_Cooking_Attire/True/G:\Program Files (x86)\steam\steamapps\workshop\content\2135150\3370446538
Wumi'Mount Skin/Wumi_mountskin/True/G:\Program Files (x86)\steam\steamapps\workshop\content\2135150\3377641565
bell_maid_cppc_and_portrait/bell_maid_cppc_and/True/G:\Program Files (x86)\steam\steamapps\workshop\content\2135150\3378477046
Straw Hat And Scarf/Straw_Hat_Hat_And_Scarf/True/G:\Program Files (x86)\steam\steamapps\workshop\content\2135150\3369414922
Wich Hat/Wich_Wizard_Hat/True/G:\Program Files (x86)\steam\steamapps\workshop\content\2135150\3369919962
EDR's-Portrait/EDoRasCustomPortrait/True/G:\Program Files (x86)\steam\steamapps\workshop\content\2135150\3362033184
Leaf PCC - BLACK SOULS/BS-Leaf-PCC/True/G:\Program Files (x86)\steam\steamapps\workshop\content\2135150\3361265487
KK Resident Alias Changer/KK_ResidentAliasChanger/True/G:\Program Files (x86)\steam\steamapps\workshop\content\2135150\3364468451
Wumi'TEX'棋(Piece)/Wumi_TEX_piece/True/G:\Program Files (x86)\steam\steamapps\workshop\content\2135150\3390103964
Defertilizer Works/regaccio.defertilizerworks/True/G:\Program Files (x86)\steam\steamapps\workshop\content\2135150\3390250064
NJYM_UniqueNPCs_Replace1/NJYM_UniqueNPCs_Replace1/True/G:\Program Files (x86)\steam\steamapps\workshop\content\2135150\3389336399
NoComplainingOnlyCarrying/Balrog_NoComplainingOnlyCarrying/True/G:\Program Files (x86)\steam\steamapps\workshop\content\2135150\3389925452
ResidentsShareFindings/Balrog_ResidentsShareFindings/True/G:\Program Files (x86)\steam\steamapps\workshop\content\2135150\3389569673
YK Framework/jp.cmbc.mod.elin.yk-framework/True/G:\Program Files (x86)\steam\steamapps\workshop\content\2135150\3400020753
Portrait Specification Framework/android_specific_portraits/True/G:\Program Files (x86)\steam\steamapps\workshop\content\2135150\3369998688
Mizumi's_Portrait/mizumis_portrait/True/G:\Program Files (x86)\steam\steamapps\workshop\content\2135150\3373702652
AdditionalPortraits2/Portrate_blueberry2/True/G:\Program Files (x86)\steam\steamapps\workshop\content\2135150\3369464668
goto Title without save/elin_goto_title_hotkey/True/G:\Program Files (x86)\steam\steamapps\workshop\content\2135150\3372500300
WakeUp/Balrog_WakeUp/True/G:\Program Files (x86)\steam\steamapps\workshop\content\2135150\3392673898
NoResidentSharedFood/Balrog_NoResidentSharedFood/True/G:\Program Files (x86)\steam\steamapps\workshop\content\2135150\3389359940
FoxMask/elin_mod_custom_FoxMask/True/G:\Program Files (x86)\steam\steamapps\workshop\content\2135150\3367891369
Additional Deco/AD_Additional Deco/True/G:\Program Files (x86)\steam\steamapps\workshop\content\2135150\3393176988
Amazing Party/Sobagaki_AmazingParty/True/G:\Program Files (x86)\steam\steamapps\workshop\content\2135150\3373228937
Junk Digger Elin/JunkDiggerElin/True/G:\Program Files (x86)\steam\steamapps\workshop\content\2135150\3394048166
Allies With Auto Picking/AllyAutoPick/True/G:\Program Files (x86)\steam\steamapps\workshop\content\2135150\3381534454
MainText Alert/larles.elinplugins.maintextalert/True/G:\Program Files (x86)\steam\steamapps\workshop\content\2135150\3395758908
CWL Example: Tiny Mita/player.stay.with.me/True/G:\Program Files (x86)\steam\steamapps\workshop\content\2135150\3396774199
Highlight Dirty Floor/k3nny_51rcy.elinplugins.highlightdirtyfloor/True/G:\Program Files (x86)\steam\steamapps\workshop\content\2135150\3397213071
TpPerfectTrainer/tp_perfect_trainer/True/G:\Program Files (x86)\steam\steamapps\workshop\content\2135150\3358086840
AdditionalPortraits4/Portrate_blueberry4/True/G:\Program Files (x86)\steam\steamapps\workshop\content\2135150\3398543312
Iegami's_Portrait_04/Elin_Iegami's_Portrait_04/True/G:\Program Files (x86)\steam\steamapps\workshop\content\2135150\3399241670
原初歌姬-初音未來/O_miku/True/G:\Program Files (x86)\steam\steamapps\workshop\content\2135150\3399432174
Yuzuki Yukari/Yuzuki Yukari/True/G:\Program Files (x86)\steam\steamapps\workshop\content\2135150\3402066373
PCC Necktie/rezza.pcc.necktie.test.mod/True/G:\Program Files (x86)\steam\steamapps\workshop\content\2135150\3401648550
Provisional TextureExpand/Sobagaki_TextureExpand_Provisional/True/G:\Program Files (x86)\steam\steamapps\workshop\content\2135150\3551767784
Thx_TE_Mermaid/elin_thxani_ccte_1/True/G:\Program Files (x86)\steam\steamapps\workshop\content\2135150\3401080530
SaB_foxPCC/SaB_foxPCC/True/G:\Program Files (x86)\steam\steamapps\workshop\content\2135150\3358081434
Furan_PCC/neko.carton.furan/True/G:\Program Files (x86)\steam\steamapps\workshop\content\2135150\3402997260
Kizuna Akari/Kizuna Akari/True/G:\Program Files (x86)\steam\steamapps\workshop\content\2135150\3403186474
SpecificNotifications/Balrog_SpecificNotifications/True/G:\Program Files (x86)\steam\steamapps\workshop\content\2135150\3400402923
naoT_Snakes_Replace/naoT_Snakes_Replace/True/G:\Program Files (x86)\steam\steamapps\workshop\content\2135150\3402457622
Dont Pat My Waifu!/bep_sivn_dontpatmywaifu/True/G:\Program Files (x86)\steam\steamapps\workshop\content\2135150\3367891864
EnhancedSearch/EnhancedSearch_xn/True/G:\Program Files (x86)\steam\steamapps\workshop\content\2135150\3366741353
Sparkly Water For All/reiyu.elinplugins.sparklywater/True/G:\Program Files (x86)\steam\steamapps\workshop\content\2135150\3404035606
Ririn Chan/Ririn Chan/True/G:\Program Files (x86)\steam\steamapps\workshop\content\2135150\3404135947
Nzz_Portrait_02/Portrait_Nzz_02/True/G:\Program Files (x86)\steam\steamapps\workshop\content\2135150\3403981076
No Enmity Between Servant/elin_servantunememy/True/G:\Program Files (x86)\steam\steamapps\workshop\content\2135150\3365633669
Residents Fish With You/omegaplatinum.elin.residentsfishwithyou/True/G:\Program Files (x86)\steam\steamapps\workshop\content\2135150\3395250511
ResidentsDoNotWaste/Balrog_ResidentsDoNotWaste/True/G:\Program Files (x86)\steam\steamapps\workshop\content\2135150\3389920359
Iegami's_Portrait_05/Elin_Iegami's_Portrait_05/True/G:\Program Files (x86)\steam\steamapps\workshop\content\2135150\3406723142
自动行动 Auto Act/AutoAct/True/G:\Program Files (x86)\steam\steamapps\workshop\content\2135150\3370686923
Auto Act - Ally Expansion/AutoActAllyExpansion/True/G:\Program Files (x86)\steam\steamapps\workshop\content\2135150\3396025367
Aci's Horn Pack/acishornpack1/True/G:\Program Files (x86)\steam\steamapps\workshop\content\2135150\3407552087
Angelina - custom adventurer/a1684523.elinmodAngelina/True/G:\Program Files (x86)\steam\steamapps\workshop\content\2135150\3408000126
Astesia - custom adventurer/a1684523.elinmodAstesia/True/G:\Program Files (x86)\steam\steamapps\workshop\content\2135150\3408001523
Aci's Kemono Eyes/acikemono1/True/G:\Program Files (x86)\steam\steamapps\workshop\content\2135150\3408670804
rbc1_portrait2/rbc1_portrait2/True/G:\Program Files (x86)\steam\steamapps\workshop\content\2135150\3409277719
Carbuncle_Mount_Skin/Carbuncle_Mount_Skin/True/G:\Program Files (x86)\steam\steamapps\workshop\content\2135150\3402840716
Orangebox style-Male Character Portrats/Orangebox_elin_portrait/True/G:\Program Files (x86)\steam\steamapps\workshop\content\2135150\3366762306
Mudrock - custom adventurer/a1684523.elinmodMudrock/True/G:\Program Files (x86)\steam\steamapps\workshop\content\2135150\3410395553
"Kiria's Memory" / 「キリアの記憶」 Quest DLC [EN/CN/JP/TW]/kiria_dlc/True/G:\Program Files (x86)\steam\steamapps\workshop\content\2135150\3381789374
limbus_company 以实玛利头发+头像 /lcb ish /True/G:\Program Files (x86)\steam\steamapps\workshop\content\2135150\3363080922
Rabbit anthropomorphic PCC mod/mod_mevie_rabbit_pcc/True/G:\Program Files (x86)\steam\steamapps\workshop\content\2135150\3410352323
yanokikyo_Girl_Portrait/yanokikyo_Girl_Portrait1/True/G:\Program Files (x86)\steam\steamapps\workshop\content\2135150\3372630771
YBK portraits/YBK_portraits01/True/G:\Program Files (x86)\steam\steamapps\workshop\content\2135150\3407921377
hashidoi_Littlegirl Portraits/hashidoiLittlegirlPortraits/True/G:\Program Files (x86)\steam\steamapps\workshop\content\2135150\3405243755
Auto Drop Sculpture After Crafting/AutoDropSculpture/True/G:\Program Files (x86)\steam\steamapps\workshop\content\2135150\3401797056
Monmusu Portraits/monmusu_portraits/True/G:\Program Files (x86)\steam\steamapps\workshop\content\2135150\3398595548
Playable Putit/jzjerry.playable.putit/True/G:\Program Files (x86)\steam\steamapps\workshop\content\2135150\3391652903
MouseWheelZoom/ririgon.mousewheelzoom/True/G:\Program Files (x86)\steam\steamapps\workshop\content\2135150\3394986459
yanokikyo_Girl_PCC1/yanokikyo_Girl_PCC1/True/G:\Program Files (x86)\steam\steamapps\workshop\content\2135150\3380501659
Iegami's_Portrait_01/Elin_Iegami's_Portrait_01/True/G:\Program Files (x86)\steam\steamapps\workshop\content\2135150\3378534811
RedFox_PCC/Benikitsune-RedFoxPCC1/True/G:\Program Files (x86)\steam\steamapps\workshop\content\2135150\3371102352
Yanie PCC - SEQUEL awake/SEQ-Yanie-PCC/True/G:\Program Files (x86)\steam\steamapps\workshop\content\2135150\3368722167
Malice PCC - ASYLUM/ASY-Malice-PCC/True/G:\Program Files (x86)\steam\steamapps\workshop\content\2135150\3367414139
Artificial Race/mod_aya_mob/True/G:\Program Files (x86)\steam\steamapps\workshop\content\2135150\3363692260
Rodwyn Replace/Sobagaki_RodwynReplace/True/G:\Program Files (x86)\steam\steamapps\workshop\content\2135150\3383463780
PCC Fiama Cloth/pcc_fiama_cloth/True/G:\Program Files (x86)\steam\steamapps\workshop\content\2135150\3373776661
CrowPCC/Crow.PCC/True/G:\Program Files (x86)\steam\steamapps\workshop\content\2135150\3392183109
Fence Won't Destroy Plants/FenceWontDestroyPlants/True/G:\Program Files (x86)\steam\steamapps\workshop\content\2135150\3399586785
Yamada Portrait A/Yamada_ymd_Portrait_folder_A/True/G:\Program Files (x86)\steam\steamapps\workshop\content\2135150\3412045516
Fairy PCC/n15g_fairies/True/G:\Program Files (x86)\steam\steamapps\workshop\content\2135150\3400287057
Conchan and Seal/Conchan_and_Seal/True/G:\Program Files (x86)\steam\steamapps\workshop\content\2135150\3412944490
Elin_AddFoodDistribution/yu-ituki.elin.add-food-distribution/True/G:\Program Files (x86)\steam\steamapps\workshop\content\2135150\3412881546
Residents Eat With You/omegaplatinum.elin.residentseatwithyou/True/G:\Program Files (x86)\steam\steamapps\workshop\content\2135150\3411102521
N15g Kitsune PCC/n15g-kitsune-pcc/True/G:\Program Files (x86)\steam\steamapps\workshop\content\2135150\3413557291
Iegami's_Portrait_06/Elin_Iegami's_Portrait_06/True/G:\Program Files (x86)\steam\steamapps\workshop\content\2135150\3414014207
PCC_Loytel_Set/PCC_Loytel_Set/True/G:\Program Files (x86)\steam\steamapps\workshop\content\2135150\3414086986
Nzz_Portrait_03/Portrait_Nzz_03/True/G:\Program Files (x86)\steam\steamapps\workshop\content\2135150\3414948078
hashidoi_Carbuncle PortraitsCharachip/hashidoiCarbunclePortraitsCharachip/True/G:\Program Files (x86)\steam\steamapps\workshop\content\2135150\3415048768
Eaphi_PCC/Eaphi_PCC_slot/True/G:\Program Files (x86)\steam\steamapps\workshop\content\2135150\3415705559
Better Trolley/larles.elinplugins.bettertrolley/True/G:\Program Files (x86)\steam\steamapps\workshop\content\2135150\3415760150
Lion Mount Skin/CKC_LionMountSkin_chakuro/True/G:\Program Files (x86)\steam\steamapps\workshop\content\2135150\3415783743
Carbuncle_Texture/Awii_Carbuncle_Texture/True/G:\Program Files (x86)\steam\steamapps\workshop\content\2135150\3415797230
Residents Ranch With You/omegaplatinum.elin.residentsranchwithyou/True/G:\Program Files (x86)\steam\steamapps\workshop\content\2135150\3415830749
【TextureEX】Lurong_MilitantTextureExpand/Lurong_Texture_Militant/True/G:\Program Files (x86)\steam\steamapps\workshop\content\2135150\3416196491
MikoshiCat Mount Skin/CKC_MikoshiCat_chakuro/True/G:\Program Files (x86)\steam\steamapps\workshop\content\2135150\3416294037
Vepar/Awii_Vepar/True/G:\Program Files (x86)\steam\steamapps\workshop\content\2135150\3416966564
Party Info HP Display/air1068.elin.partyinfohpdisplay/True/G:\Program Files (x86)\steam\steamapps\workshop\content\2135150\3416877565
PetsTakeMoreItems/Balrog_PetsTakeMoreItems/True/G:\Program Files (x86)\steam\steamapps\workshop\content\2135150\3391034162
[Prism]K.S.Miracle/K.S.miracle/True/G:\Program Files (x86)\steam\steamapps\workshop\content\2135150\3418848389
Hnp: Multi Item Detector/hinapi.elinmod.multiitemdetector/True/G:\Program Files (x86)\steam\steamapps\workshop\content\2135150\3400855120
Mimu - Zealot of fire Replace/mimu_Zealot_of_fire_Replace/True/G:\Program Files (x86)\steam\steamapps\workshop\content\2135150\3419528187
ortho's_Portrait/elin_ortho_portrait01/True/G:\Program Files (x86)\steam\steamapps\workshop\content\2135150\3420824872
DragonGirl_PCC/Nagi_DragonGirl_PCC/True/G:\Program Files (x86)\steam\steamapps\workshop\content\2135150\3421551283
[BLACKSOULS] Elin-fied Grimm PCC + Portrait/skyfallterminus.blacksouls.grimmpcc/True/G:\Program Files (x86)\steam\steamapps\workshop\content\2135150\3421937885
Elin_AutoEat/yu-ituki.elin.auto-eat/True/G:\Program Files (x86)\steam\steamapps\workshop\content\2135150\3422758583
Ma_Fairies_Tex_Replace/Ma_Fairies_Tex_Replace/True/G:\Program Files (x86)\steam\steamapps\workshop\content\2135150\3423756032
Melilith Replace/Rabi_Melilith_Replace/True/G:\Program Files (x86)\steam\steamapps\workshop\content\2135150\3425304498
AdditionalPortraits5/Portrate_blueberry5/True/G:\Program Files (x86)\steam\steamapps\workshop\content\2135150\3425341525
Mimu - Miral and Garokk Replace/mimu_Miral_Garokk_Replace/True/G:\Program Files (x86)\steam\steamapps\workshop\content\2135150\3425592313
ResidentsExcludedSharedContainers/Balrog_ResidentsExcludedSharedContainers/True/G:\Program Files (x86)\steam\steamapps\workshop\content\2135150\3389898370
PCC_RoboHelm/lokome_PCC_RoboHelm/True/G:\Program Files (x86)\steam\steamapps\workshop\content\2135150\3427795825
BakeryPutty/BakeryPutty/True/G:\Program Files (x86)\steam\steamapps\workshop\content\2135150\3428569903
KeepUsingtheSameAmmo/byakko.mods.KUSA/True/G:\Program Files (x86)\steam\steamapps\workshop\content\2135150\3430669327
BlackCat_Mount_Skin/BlackCat_Mount_Skin/True/G:\Program Files (x86)\steam\steamapps\workshop\content\2135150\3430739869
Small_Animals_Texture/Awii_Small_Animals_Texture/True/G:\Program Files (x86)\steam\steamapps\workshop\content\2135150\3430743058
Cerberus_Texture/Awii_Cerberus_Texture/True/G:\Program Files (x86)\steam\steamapps\workshop\content\2135150\3430743817
PCC_Crab/lokome_PCC_Crab/True/G:\Program Files (x86)\steam\steamapps\workshop\content\2135150\3431434458
PCC_Cat on top/lokome_PCC_Cat on top/True/G:\Program Files (x86)\steam\steamapps\workshop\content\2135150\3432108129
Race:UmaMusume/UmaMusumeInElin/True/G:\Program Files (x86)\steam\steamapps\workshop\content\2135150\3432710743
SnowGirl_PCC/Nagi_SnowGirl_PCC/True/G:\Program Files (x86)\steam\steamapps\workshop\content\2135150\3433275575
Wumi'PCC+/Wumi_PCCplus/True/G:\Program Files (x86)\steam\steamapps\workshop\content\2135150\3433465408
WinterAnimals（snow putit）/elin_NAS_WinterPutit/True/G:\Program Files (x86)\steam\steamapps\workshop\content\2135150\3436691794
Nudira:Giant Queen/Nudira/True/G:\Program Files (x86)\steam\steamapps\workshop\content\2135150\3437023418
naoT_Honeybees_Replace/naoT_Honeybees_Replace/True/G:\Program Files (x86)\steam\steamapps\workshop\content\2135150\3438965434
Livia Dark Moon Girls/Livia Dark Moon Girls/True/G:\Program Files (x86)\steam\steamapps\workshop\content\2135150\3439526917
naoT_Handmaiden_Replace/naoT_Handmaiden_Replace/True/G:\Program Files (x86)\steam\steamapps\workshop\content\2135150\3444317871
LCY_QoLSprite_Shade[WIP]/LCY_QoLSprite_Shade/True/G:\Program Files (x86)\steam\steamapps\workshop\content\2135150\3445493545
SthuthySthnek Mountain Spirit: Greta/Sussysnek_Greta/True/G:\Program Files (x86)\steam\steamapps\workshop\content\2135150\3433960411
FarmDoctor/drakenydev_elin_farmdoctor/True/G:\Program Files (x86)\steam\steamapps\workshop\content\2135150\3366547733
Sleight of Hand Display Power/Thiena.Mods.SleightOfHandDisplay/True/G:\Program Files (x86)\steam\steamapps\workshop\content\2135150\3448052470
FlowerGarden_MOD/FlowerGarden_MOD/True/G:\Program Files (x86)\steam\steamapps\workshop\content\2135150\3451025284
Hnp: Death Scene Modifier/hinapi.elinmod.deathscenemodifier/True/G:\Program Files (x86)\steam\steamapps\workshop\content\2135150\3452306613
Honeycomb Replacement/Ignotus_Honeycomb_Replacement/True/G:\Program Files (x86)\steam\steamapps\workshop\content\2135150\3454320605
Touhou Adventures/th_adventurers/True/G:\Program Files (x86)\steam\steamapps\workshop\content\2135150\3453133762
TouhouAdventuresCN/TouhouAdventuresCN/True/G:\Program Files (x86)\steam\steamapps\workshop\content\2135150\3455076445
Mod Viewer Plus/dk.elinplugins.modviewerminus/True/G:\Program Files (x86)\steam\steamapps\workshop\content\2135150\3523551623
HSPixels FamiliarFashion/HSP.PCCFashionMod/True/G:\Program Files (x86)\steam\steamapps\workshop\content\2135150\3462715812
Bank Utility(maintenance)/floor.elin.bankutility/True/G:\Program Files (x86)\steam\steamapps\workshop\content\2135150\3570082930
PCC_Chicken/elin_example_mod_PCC_Chicken_Sekoia/True/G:\Program Files (x86)\steam\steamapps\workshop\content\2135150\3377610728
yanokikyo_Littleone/yanokikyo_Littleone/True/G:\Program Files (x86)\steam\steamapps\workshop\content\2135150\3463729645
Enra_And_Aka/Awii_Enra_And_Aka/True/G:\Program Files (x86)\steam\steamapps\workshop\content\2135150\3463927093
Evil Eye Princess Seraphina/Sera/True/G:\Program Files (x86)\steam\steamapps\workshop\content\2135150\3464347430
Nzz_Portrait_04/Portrait_Nzz_04/True/G:\Program Files (x86)\steam\steamapps\workshop\content\2135150\3465041612
UBelim_Sonoco(由蓓莉姆帝国的索诺珂)/UBelimSonoco/True/G:\Program Files (x86)\steam\steamapps\workshop\content\2135150\3465665987
NAS_Portrait_Boys9/elin_NAS_Portrait_Boys/True/G:\Program Files (x86)\steam\steamapps\workshop\content\2135150\3465736699
Legendary Fortune Teller Sakuya/Sakuya/True/G:\Program Files (x86)\steam\steamapps\workshop\content\2135150\3466395991
Flonne Zesshosai/flonne/True/G:\Program Files (x86)\steam\steamapps\workshop\content\2135150\3466765662
KK Smart Abilities/KK_SmartAbilities3/True/G:\Program Files (x86)\steam\steamapps\workshop\content\2135150\3467116666
H7 Mo' Danger Mo' Oren/H7.NefiaCurrencyScaling/True/G:\Program Files (x86)\steam\steamapps\workshop\content\2135150\3467507802
Farlands Armory_PCC/Farlands Armory_PCC/True/G:\Program Files (x86)\steam\steamapps\workshop\content\2135150\3467596662
Add Little Info/n20250402_e901.ElinMod.Add_Little_Info/True/G:\Program Files (x86)\steam\steamapps\workshop\content\2135150\3468604730
Emela PCC - SEQUEL Colony/SEQ-Emela-PCC/True/G:\Program Files (x86)\steam\steamapps\workshop\content\2135150\3469082409
Baggage First/n20250402_e901.ElinMod.Baggage_First/True/G:\Program Files (x86)\steam\steamapps\workshop\content\2135150\3469550749
NAS_Portrait_Mens8/elin_NAS_Portrait_Mens/True/G:\Program Files (x86)\steam\steamapps\workshop\content\2135150\3471213421
RidingBlackAngel/UshiodoRidingBlackAngel/True/G:\Program Files (x86)\steam\steamapps\workshop\content\2135150\3472588197
Melilith Parasitism/Melilith Parasitism/True/G:\Program Files (x86)\steam\steamapps\workshop\content\2135150\3472588286
ポーションを投げないで/Silva_DontThrowPotion/True/G:\Program Files (x86)\steam\steamapps\workshop\content\2135150\3399781924
SisterBlade/SisterBlade/True/G:\Program Files (x86)\steam\steamapps\workshop\content\2135150\3472723314
Minyan_Fancy_Portrait_Backgrounds/Minyan_Fancy_Portrait_Backgrounds/True/G:\Program Files (x86)\steam\steamapps\workshop\content\2135150\3474947476
Konosuba Character Pack/konosuba_chara_pack/True/G:\Program Files (x86)\steam\steamapps\workshop\content\2135150\3475254676
Ultra-chan:HyperSuperRobot/HSR-ULT-0001/True/G:\Program Files (x86)\steam\steamapps\workshop\content\2135150\3476878681
SAO Character Pack/sao_chara_pack/True/G:\Program Files (x86)\steam\steamapps\workshop\content\2135150\3477606066
Adventurers_Texture_2/Awii_Adventurers_Texture_2/True/G:\Program Files (x86)\steam\steamapps\workshop\content\2135150\3478056217
Artificial Race人工种族汉化/artificialrace.chinese_translation.modid/True/G:\Program Files (x86)\steam\steamapps\workshop\content\2135150\3479845110
Final Fantasy VII Character Pack/ff7_chara_pack/True/G:\Program Files (x86)\steam\steamapps\workshop\content\2135150\3480392278
Seraph of the End Character Pack/seraph-of-the-end_chara_pack/True/G:\Program Files (x86)\steam\steamapps\workshop\content\2135150\3480392411
RWBY Character Pack/rwby_chara_pack/True/G:\Program Files (x86)\steam\steamapps\workshop\content\2135150\3481552007
Kirito PCC - Sword Art Online/sao_kirito_pcc/True/G:\Program Files (x86)\steam\steamapps\workshop\content\2135150\3482460678
[CWL] 4chan 404 Girl Yotsuba/puddles_404_Girl_Companion/True/G:\Program Files (x86)\steam\steamapps\workshop\content\2135150\3483902186
Inuyasha Character Pack/inuyasha_chara_pack/True/G:\Program Files (x86)\steam\steamapps\workshop\content\2135150\3484801736
Infinity War Horn/me.pocke.infinity-warhorn/True/G:\Program Files (x86)\steam\steamapps\workshop\content\2135150\3485758449
Pokemon Character Pack/pokemon_chara_pack/True/G:\Program Files (x86)\steam\steamapps\workshop\content\2135150\3486086882
Unified Overlord Piere/piere/True/G:\Program Files (x86)\steam\steamapps\workshop\content\2135150\3486688871
Tuaru Series Character Pack/toaru-series_chara_pack/True/G:\Program Files (x86)\steam\steamapps\workshop\content\2135150\3490464722
LCY_マザー（叡智な姿）/LCY_Mother/True/G:\Program Files (x86)\steam\steamapps\workshop\content\2135150\3490464813
Portraits of YoungLady/Younglady_portrait_naruse1/True/G:\Program Files (x86)\steam\steamapps\workshop\content\2135150\3492030894
Exile Portraits/exile-portrait-kabo/True/G:\Program Files (x86)\steam\steamapps\workshop\content\2135150\3493145983
Girl Frontline 2 Character Pack/girl-frontline-2_chara_pack/True/G:\Program Files (x86)\steam\steamapps\workshop\content\2135150\3493493943
冒险者 柚鸟夏/BA_natsu/True/G:\Program Files (x86)\steam\steamapps\workshop\content\2135150\3494168375
Portraits of Servants/servants_portraits_nrs2/True/G:\Program Files (x86)\steam\steamapps\workshop\content\2135150\3494466024
Shiina's Sad Bee - PCC/Shiina's Sad Bee PCC/True/G:\Program Files (x86)\steam\steamapps\workshop\content\2135150\3494674291
Honkai Impact 3 Character Pack/honkai-impact-3_chara_pack/True/G:\Program Files (x86)\steam\steamapps\workshop\content\2135150\3497485144
[CWL] Gore Magala Girl Mod/puddles_gore_magala/True/G:\Program Files (x86)\steam\steamapps\workshop\content\2135150\3498739951
Portraits of Mifu_Nefu/MifuNefu_portrait_naruse3/True/G:\Program Files (x86)\steam\steamapps\workshop\content\2135150\3504498305
Resident Evil Character Pack/resident-evil_chara_pack/True/G:\Program Files (x86)\steam\steamapps\workshop\content\2135150\3507890814
Portraits of Isca/Isca_portrait_naruse4/True/G:\Program Files (x86)\steam\steamapps\workshop\content\2135150\3510217680
Absolutely Wishing/CS_Abs_Wish_mod/True/G:\Program Files (x86)\steam\steamapps\workshop\content\2135150\3510483126
Kotona's Archive: Sorasaki Hina/KGR_BlueArchive_NPC_Hina/True/G:\Program Files (x86)\steam\steamapps\workshop\content\2135150\3515276886
Kotona's Archive: Kuda Izuna/KGR_BlueArchive_NPC_Izuna/True/G:\Program Files (x86)\steam\steamapps\workshop\content\2135150\3516160377
KK Display Naughty Book/KK_DisplayNaughtyBook/True/G:\Program Files (x86)\steam\steamapps\workshop\content\2135150\3516916695
Adventurers_Texture_3/Awii_Adventurers_Texture_3/True/G:\Program Files (x86)\steam\steamapps\workshop\content\2135150\3516940058
Big Daddy Bioshock Replace/BigDaddy_Bioshock/True/G:\Program Files (x86)\steam\steamapps\workshop\content\2135150\3520338982
Various Portraits1/Various_portrait_naruse5/True/G:\Program Files (x86)\steam\steamapps\workshop\content\2135150\3521373815
Visual PCC Picker/dk.elinplugins.charamakerminus/True/G:\Program Files (x86)\steam\steamapps\workshop\content\2135150\3525515630
Final Fantasy Tactics Characters/final.fantasy.tactics.characters/True/G:\Program Files (x86)\steam\steamapps\workshop\content\2135150\3526188651
KK Resident Info/KK_ResidentInfo/True/G:\Program Files (x86)\steam\steamapps\workshop\content\2135150\3528646527
feeshs PCC additions/feesh.pcc.additions/True/G:\Program Files (x86)\steam\steamapps\workshop\content\2135150\3528820592
Defender's Portraits/elin_boueisyaaa_Portraits_mod/True/G:\Program Files (x86)\steam\steamapps\workshop\content\2135150\3530066018
naoT_Undine_Replace/naoT_Undine_Replace/True/G:\Program Files (x86)\steam\steamapps\workshop\content\2135150\3530450153
YikArena/YikArena_yik/True/G:\Program Files (x86)\steam\steamapps\workshop\content\2135150\3530887829
Adventurer Eureka Mod/adventurer_eureka_mod/True/G:\Program Files (x86)\steam\steamapps\workshop\content\2135150\3534264350
Portraits of Adventurers2/adv_portrait_naruse6/True/G:\Program Files (x86)\steam\steamapps\workshop\content\2135150\3536272458
Lovely Labrynth of the Silver Castle/Labrynth/True/G:\Program Files (x86)\steam\steamapps\workshop\content\2135150\3536605980
naoT_YgolonacKawaii_Replace/naoT_YgolonacKawaii_Replace/True/G:\Program Files (x86)\steam\steamapps\workshop\content\2135150\3537964979
Noble Wardrobe_PCC/Noble Wardrobe_PCC/True/G:\Program Files (x86)\steam\steamapps\workshop\content\2135150\3538425497
Ruriha&Yatone:Fox Girls Journey/ruriha&yatone/True/G:\Program Files (x86)\steam\steamapps\workshop\content\2135150\3541116983
Khaslana Mod/my.syvkhaslanamod.modid/True/G:\Program Files (x86)\steam\steamapps\workshop\content\2135150\3541688520
Mythical Creatures_PCC/Mythical Creatures_PCC/True/G:\Program Files (x86)\steam\steamapps\workshop\content\2135150\3542999027
Hoshimachi Suisei - PCC/星街すいせい - PCC/Hoshimachi-Suisei-PCC/True/G:\Program Files (x86)\steam\steamapps\workshop\content\2135150\3543221872
Bongbong/bongbong.mod/True/G:\Program Files (x86)\steam\steamapps\workshop\content\2135150\3543780373
玛拉斋 Marazhai (CN/EN)/cnpc.marazhai.modid/True/G:\Program Files (x86)\steam\steamapps\workshop\content\2135150\3544581639
Fate Grand Order Character Pack/fgo_chara_pack/True/G:\Program Files (x86)\steam\steamapps\workshop\content\2135150\3545127059
Fushiimo Texture/maccha_coffie_fushiimo_texture/True/G:\Program Files (x86)\steam\steamapps\workshop\content\2135150\3545937592
住民用ポトレ追加/tgatukuttapotoresyuu/True/G:\Program Files (x86)\steam\steamapps\workshop\content\2135150\3546906525
Wagon Riding Graphic/zawmbie.wagon/True/G:\Program Files (x86)\steam\steamapps\workshop\content\2135150\3548369141
LMNC_OneClosedEyes/LMNC_OneClosedEyes/True/G:\Program Files (x86)\steam\steamapps\workshop\content\2135150\3549178780
Whitefrost Dragonewt Filene/Filene/True/G:\Program Files (x86)\steam\steamapps\workshop\content\2135150\3552528878
Goddess Rhongomynaid/Lion King PCC/my.syvaris_rhongomyniad_mod.modid/True/G:\Program Files (x86)\steam\steamapps\workshop\content\2135150\3556166802
Exp Notifier/nguyen.elin.plugins.expnotifier/True/G:\Program Files (x86)\steam\steamapps\workshop\content\2135150\3556823279
NPC Spell Learning/NPCSpellFix/True/G:\Program Files (x86)\steam\steamapps\workshop\content\2135150\3557997205
pcc_undie_wing/pcc_undie_wing/True/G:\Program Files (x86)\steam\steamapps\workshop\content\2135150\3558121593
Hillfolk are Dwarves/tekkud.hillfolkaredwarves/True/G:\Program Files (x86)\steam\steamapps\workshop\content\2135150\3559219748
[CWL] Senko-san/elin_senko_companion/True/G:\Program Files (x86)\steam\steamapps\workshop\content\2135150\3559286192
Tome of Memory Loss (Stable)/npcspellmanager.v4.custom.item/True/G:\Program Files (x86)\steam\steamapps\workshop\content\2135150\3559347159
PlantDoctor/NS_Plant_Doctor/True/G:\Program Files (x86)\steam\steamapps\workshop\content\2135150\3559672430
拉纳维尔/lana/True/G:\Program Files (x86)\steam\steamapps\workshop\content\2135150\3561735728
Nanasu Quest Pack/bep_nanasuquestpack/True/G:\Program Files (x86)\steam\steamapps\workshop\content\2135150\3562362761
Lisa "Suzuran" Venezia - PCC/Arknights-Suzuran-PCC/True/G:\Program Files (x86)\steam\steamapps\workshop\content\2135150\3562485226
Portraits of Sister/sister_portrait_naruse7/True/G:\Program Files (x86)\steam\steamapps\workshop\content\2135150\3562763921
Item Sell Value/li3.elin.itemsellvalue/True/G:\Program Files (x86)\steam\steamapps\workshop\content\2135150\3465102684
Solo Dumping/han.solodump.mod/True/G:\Program Files (x86)\steam\steamapps\workshop\content\2135150\3564716570
Thx_Texture_Nola and more/thxani_generalTexture_1/True/G:\Program Files (x86)\steam\steamapps\workshop\content\2135150\3565119681
Eyes in the Sky/dreamur1.eyesinthesky.mod/True/G:\Program Files (x86)\steam\steamapps\workshop\content\2135150\3566897137
PCC_nun_habbit/PCC_nun_habbit/True/G:\Program Files (x86)\steam\steamapps\workshop\content\2135150\3569713204
Fool:Divine Priest/Fool.mod.01/True/G:\Program Files (x86)\steam\steamapps\workshop\content\2135150\3572920591
mrkmkrs PCC/elin_mod_mrkmkrs_pcc/True/G:\Program Files (x86)\steam\steamapps\workshop\content\2135150\3573414316
TourismList/tourismList/True/G:\Program Files (x86)\steam\steamapps\workshop\content\2135150\3573422590
Hotspring Mermaid Prtraits/HIYU_onsenchan01/True/G:\Program Files (x86)\steam\steamapps\workshop\content\2135150\3575419131
LMNC_Portrait1/LMNC_Portrait1/True/G:\Program Files (x86)\steam\steamapps\workshop\content\2135150\3575567264
Nu_Yeeks/Nu_Yeeks/True/G:\Program Files (x86)\steam\steamapps\workshop\content\2135150\3576937349
Nighteye Stalker Furena/Nighteye Stalker Furenana/True/G:\Program Files (x86)\steam\steamapps\workshop\content\2135150\3577544726
Great Demon Fist Liezerota/Lieze/True/G:\Program Files (x86)\steam\steamapps\workshop\content\2135150\3577715621
LMNC_Portrait2/LMNC_Portrait2/True/G:\Program Files (x86)\steam\steamapps\workshop\content\2135150\3578346078
AutoBuy/my.acc.plugn.AutoBuy/True/G:\Program Files (x86)\steam\steamapps\workshop\content\2135150\3578757425
Bahamut replacer/Mod_Bahamut replacer/True/G:\Program Files (x86)\steam\steamapps\workshop\content\2135150\3580260505
Adventurers_Texture_4/Awii_Adventurers_Texture_4/True/G:\Program Files (x86)\steam\steamapps\workshop\content\2135150\3581106835
Adventurers_Texture/Awii_Adventurers_Texture/True/G:\Program Files (x86)\steam\steamapps\workshop\content\2135150\3463715619
Kemono Friends Pack/kemofure/True/G:\Program Files (x86)\steam\steamapps\workshop\content\2135150\3582088453
Moist_PCC_Port/moist.pcc.port/True/G:\Program Files (x86)\steam\steamapps\workshop\content\2135150\3583118672
Panda's Dynamic Ether Disease Mod/Mod_PandaDynamicEtherDiseaseMod/True/G:\Program Files (x86)\steam\steamapps\workshop\content\2135150\3458272812
一些小孩改圖/DiouKidReplace/True/G:\Program Files (x86)\steam\steamapps\workshop\content\2135150\3381629593
GiftedEquipmentPriority/Balrog_GiftedEquipmentPriority/True/G:\Program Files (x86)\steam\steamapps\workshop\content\2135150\3393701894
SeedsFertilityCost/Balrog_SeedsFertilityCost/True/G:\Program Files (x86)\steam\steamapps\workshop\content\2135150\3383877682
More mew mew portrait/CKC_MMMportrait_chakuro/True/G:\Program Files (x86)\steam\steamapps\workshop\content\2135150\3409641750
露露娜蒂/lulu/True/G:\Program Files (x86)\steam\steamapps\workshop\content\2135150\3553207334
Total number of Mods:379
Activating Mods...
Activating(-100) :Elin Core/elin_core1
G:\Program Files (x86)\steam\steamapps\common\Elin\Package\_Elona\Actor\PCC
G:\Program Files (x86)\steam\steamapps\common\Elin\Package\_Elona\Actor\Sprite
Activating(-99) :Fixed Packaged Loader/dk.elinplugins.fixedpackageloader
Activating(-10) :Chinese Language/elin_language_chinese
Activating(-5) :Slot/elin_minigame_slot
Activating(1) :FilterMessages/Balrog_FilterMessages
Activating(2) :Shared Factories/regaccio.sharedfactories
Activating(3) :Item Filter Plus/elin_itemfilterplus
Activating(4) :GiftedEquipmentPriority/Balrog_GiftedEquipmentPriority
Activating(5) :SeedsFertilityCost/Balrog_SeedsFertilityCost
Activating(6) :Kemono Friends Pack/kemofure
Activating(7) :[CWL] Senko-san/elin_senko_companion
Activating(8) :Wagon Riding Graphic/zawmbie.wagon
G:\Program Files (x86)\steam\steamapps\workshop\content\2135150\3548369141\Actor\PCC
Activating(9) :Mod Options/evilmask.elinplugins.modoptions
Activating(10) :[CWL] 4chan 404 Girl Yotsuba/puddles_404_Girl_Companion
Activating(10) :Ingrid "Vulpisfoglia" Venezia - PCC/Arknights-Vulpisfoglia-PCC
G:\Program Files (x86)\steam\steamapps\workshop\content\2135150\3606170129\Actor\PCC
Activating(11) :[CWL] Gore Magala Girl Mod/puddles_gore_magala
Activating(12) :Defertilizer Works/regaccio.defertilizerworks
Activating(13) :yanokikyo_Girl_PCC2/yanokikyo_Girl_PCC2
G:\Program Files (x86)\steam\steamapps\workshop\content\2135150\3585457729\Actor\PCC
Activating(14) :PetsTakeMoreItems/Balrog_PetsTakeMoreItems
Activating(15) :ResidentsDoNotWaste/Balrog_ResidentsDoNotWaste
Activating(16) :SpecificNotifications/Balrog_SpecificNotifications
Activating(17) :NoResidentSharedFood/Balrog_NoResidentSharedFood
Activating(18) :Portrait Picker Chat Option/android_portrait_picker
Activating(19) :Solo Dumping/han.solodump.mod
Activating(20) :Provisional TextureExpand/Sobagaki_TextureExpand_Provisional
Activating(21) :Lisa "Suzuran" Venezia - PCC/Arknights-Suzuran-PCC
G:\Program Files (x86)\steam\steamapps\workshop\content\2135150\3562485226\Actor\PCC
Activating(22) :SaB_foxPCC/SaB_foxPCC
G:\Program Files (x86)\steam\steamapps\workshop\content\2135150\3358081434\Actor\PCC
Activating(23) :WakeUp/Balrog_WakeUp
Activating(24) :Hoshimachi Suisei - PCC/星街すいせい - PCC/Hoshimachi-Suisei-PCC
G:\Program Files (x86)\steam\steamapps\workshop\content\2135150\3543221872\Actor\PCC
Activating(25) :ResidentsShareFindings/Balrog_ResidentsShareFindings
Activating(26) :NoComplainingOnlyCarrying/Balrog_NoComplainingOnlyCarrying
Activating(27) :Emela PCC - SEQUEL Colony/SEQ-Emela-PCC
G:\Program Files (x86)\steam\steamapps\workshop\content\2135150\3469082409\Actor\PCC
Activating(28) :Resist Mutation: Percentage/han.mutation.mod
Activating(29) :Shiina's Sad Bee - PCC/Shiina's Sad Bee PCC
G:\Program Files (x86)\steam\steamapps\workshop\content\2135150\3494674291\Actor\PCC
Activating(30) :(Stable) Custom Whatever Loader/dk.elinplugins.customdialogloader.stable
Activating(31) :yanokikyo_Littleone/yanokikyo_Littleone
G:\Program Files (x86)\steam\steamapps\workshop\content\2135150\3463729645\Actor\PCC
Activating(32) :ResidentsExcludedSharedContainers/Balrog_ResidentsExcludedSharedContainers
Activating(33) :YK Framework/jp.cmbc.mod.elin.yk-framework
Activating(34) :LongMeditate/Balrog_LongMeditate
Activating(35) :OnlyMeals/Balrog_OnlyMeals
Activating(36) :PickQuestRewards/Balrog_PickQuestRewards
Activating(37) :MissingObjectRecipeInformation/Balrog_MissingObjectRecipeInformation
Activating(38) :KnowWhoYouBuy/Balrog_KnowWhoYouBuy
Activating(39) :Alice PCC - BLACK SOULS II/BS-Alice-PCC
G:\Program Files (x86)\steam\steamapps\workshop\content\2135150\3360293202\Actor\PCC
Activating(40) :Elin_AddFoodDistribution/yu-ituki.elin.add-food-distribution
Activating(41) :Malice PCC - ASYLUM/ASY-Malice-PCC
G:\Program Files (x86)\steam\steamapps\workshop\content\2135150\3367414139\Actor\PCC
Activating(42) :Yanie PCC - SEQUEL awake/SEQ-Yanie-PCC
G:\Program Files (x86)\steam\steamapps\workshop\content\2135150\3368722167\Actor\PCC
Activating(43) :limbus_company 以实玛利头发+头像 /lcb ish 
G:\Program Files (x86)\steam\steamapps\workshop\content\2135150\3363080922\Actor\PCC
Activating(44) :BLACK SOULS SERIES - Elin-ified Characters/Elin-BlackSouls-ElinifiedPCC
G:\Program Files (x86)\steam\steamapps\workshop\content\2135150\3384300909\Actor\PCC
Activating(45) :Aci's Horn Pack/acishornpack1
G:\Program Files (x86)\steam\steamapps\workshop\content\2135150\3407552087\Actor\PCC
Activating(46) :Elaina_PCC/Elaina_PCC
G:\Program Files (x86)\steam\steamapps\workshop\content\2135150\3367195279\Actor\PCC
Activating(47) :Leaf PCC - BLACK SOULS/BS-Leaf-PCC
G:\Program Files (x86)\steam\steamapps\workshop\content\2135150\3361265487\Actor\PCC
Activating(48) :Elin_AutoEat/yu-ituki.elin.auto-eat
Activating(49) :Red Hood PCC - BLACK SOULS II/BS-RedHood-PCC
G:\Program Files (x86)\steam\steamapps\workshop\content\2135150\3359197958\Actor\PCC
Activating(50) :Aci's Kemono Eyes/acikemono1
G:\Program Files (x86)\steam\steamapps\workshop\content\2135150\3408670804\Actor\PCC
Activating(51) :Lizard Bill PCC - BLACK SOULS II/BS-LBill-PCC
G:\Program Files (x86)\steam\steamapps\workshop\content\2135150\3359948163\Actor\PCC
Activating(52) :AdditionalPortrats/Portrate_blueberry1
Activating(53) :yanokikyo_Girl_PCC1/yanokikyo_Girl_PCC1
G:\Program Files (x86)\steam\steamapps\workshop\content\2135150\3380501659\Actor\PCC
Activating(54) :Melilith Replace/Rabi_Melilith_Replace
Activating(55) :Mermaid PCC/mermaid_pcc_slop
G:\Program Files (x86)\steam\steamapps\workshop\content\2135150\3365992337\Actor\PCC
Activating(56) :yanokikyo_Girl_Portrait/yanokikyo_Girl_Portrait1
Activating(57) :AdditionalPortraits2/Portrate_blueberry2
Activating(58) :AdditionalPortraits4/Portrate_blueberry4
Activating(59) :Eyes in the Sky/dreamur1.eyesinthesky.mod
Activating(60) :AdditionalPortraits5/Portrate_blueberry5
Activating(61) :hashidoi_Littlegirl Portraits/hashidoiLittlegirlPortraits
Activating(62) :Orangebox style-Male Character Portrats/Orangebox_elin_portrait
Activating(63) :hashidoi_Carbuncle PortraitsCharachip/hashidoiCarbunclePortraitsCharachip
Activating(64) :玛拉斋 Marazhai (CN/EN)/cnpc.marazhai.modid
Activating(65) :Canisminor Elin: PCC/canisminor_elin_pcc
G:\Program Files (x86)\steam\steamapps\workshop\content\2135150\3365647685\Actor\PCC
Activating(66) :SthuthySthnek Mountain Spirit: Greta/Sussysnek_Greta
G:\Program Files (x86)\steam\steamapps\workshop\content\2135150\3433960411\Actor\PCC
Activating(67) :Animated Custom Sprites/dk.elinplugins.animatedcustomsprites
Activating(68) :Variable Sprite Support/dk.elinplugins.forcepixelsize
Activating(69) :"Kiria's Memory" / 「キリアの記憶」 Quest DLC [EN/CN/JP/TW]/kiria_dlc
Activating(70) :Nemuine's PCC Glasses/NemuineruGlasses_01
G:\Program Files (x86)\steam\steamapps\workshop\content\2135150\3373210052\Actor\PCC
Activating(71) :KeepUsingtheSameAmmo/byakko.mods.KUSA
Activating(72) :EnhancedSearch/EnhancedSearch_xn
Activating(73) :Astesia - custom adventurer/a1684523.elinmodAstesia
Activating(74) :Touhou Adventures/th_adventurers
Activating(75) :TouhouAdventuresCN/TouhouAdventuresCN
Activating(76) :LCY_QoLSprite_Shade[WIP]/LCY_QoLSprite_Shade
Activating(77) :Sleight of Hand Display Power/Thiena.Mods.SleightOfHandDisplay
Activating(78) :FlowerGarden_MOD/FlowerGarden_MOD
Activating(79) :Livia Dark Moon Girls/Livia Dark Moon Girls
Activating(80) :PCC_Backpack/PCC_mame
G:\Program Files (x86)\steam\steamapps\workshop\content\2135150\3360459492\Actor\PCC
Activating(81) :Somnium_OjosanPcc_mod/Somnium_OjosanPcc_mod
G:\Program Files (x86)\steam\steamapps\workshop\content\2135150\3381900329\Actor\PCC
Activating(82) :FarmDoctor/drakenydev_elin_farmdoctor
Activating(83) :Mizumi's_Portrait/mizumis_portrait
Activating(84) :goto Title without save/elin_goto_title_hotkey
Activating(85) :「オブザーバー」種族追加MOD/observer_race_mod
G:\Program Files (x86)\steam\steamapps\workshop\content\2135150\3385578698\Actor\PCC
Activating(86) :Frieren/Frieren_Elin
Activating(87) :Panty On Head/elin_pantyonhead
Activating(88) :Kiria_PCC/elin_kiria_pcc_mod
G:\Program Files (x86)\steam\steamapps\workshop\content\2135150\3378461941\Actor\PCC
Activating(89) :Stamina Action Stop/omegaplatinum.elin.staminaactionstop
Activating(90) :Visual PCC Picker/dk.elinplugins.charamakerminus
Activating(91) :Kotona's Archive: Sorasaki Hina/KGR_BlueArchive_NPC_Hina
Activating(92) :Karu_PCC/karu_kawaiinekogirls_slot
G:\Program Files (x86)\steam\steamapps\workshop\content\2135150\3377907538\Actor\PCC
Activating(93) :Kotona's Archive: Kuda Izuna/KGR_BlueArchive_NPC_Izuna
Activating(94) :PCC Kats Clothes 1/KMK_Katyusha_Clothes1
G:\Program Files (x86)\steam\steamapps\workshop\content\2135150\3376111972\Actor\PCC
Activating(95) :Mekakure PCC/serikawa_mekakure_pcc
G:\Program Files (x86)\steam\steamapps\workshop\content\2135150\3381889732\Actor\PCC
Activating(96) :Wich Hat/Wich_Wizard_Hat
G:\Program Files (x86)\steam\steamapps\workshop\content\2135150\3369919962\Actor\PCC
Activating(97) :Straw Hat And Scarf/Straw_Hat_Hat_And_Scarf
G:\Program Files (x86)\steam\steamapps\workshop\content\2135150\3369414922\Actor\PCC
Activating(99) :Portrait of Billy/portrait_of_billy
Activating(100) :Various Portraits2/Various_portrait_naruse8
Activating(100) :爱丽丝/alice_wvd
Activating(100) :KK Resident Alias Changer/KK_ResidentAliasChanger
Activating(100) :MilkStats/air1068.elin.milkstats
Activating(100) :更好的附魔/258767c
Activating(100) :Ayane Ichijō/Ayane
Activating(100) :SPC-TheSharkPracticeCombat/SharkPracticeCombat
Activating(100) :Jialong/XLEM.mod.jialong
Activating(100) :Thx_PCC_reference/elin_thxani_pcc_2
G:\Program Files (x86)\steam\steamapps\workshop\content\2135150\3569844956\Actor\PCC
Activating(100) :Thx_additional_PCC/elin_thxani_pccpack1
G:\Program Files (x86)\steam\steamapps\workshop\content\2135150\3605570054\Actor\PCC
Activating(100) :Auto Pickup Tent/omegaplatinum.elin.autopickuptent
Activating(100) :Batch Processing/omegaplatinum.elin.batchprocessing
Activating(101) :YK DevTool/jp.cmbc.mod.elin.yk-devtool
Activating(102) :Wumi'Mount Skin/Wumi_mountskin
G:\Program Files (x86)\steam\steamapps\workshop\content\2135150\3377641565\Actor\PCC
Activating(103) :Restock Tracker/larles.elinplugins.restocktracker
Activating(104) :HIYU_OlderYoungerSisterPortraits/hiyutoshiimo
Activating(105) :造物法则2/zaowu2
Activating(106) :Replace Murderball/bor_murder_drones_v
Activating(107) :Necronomancer Majorita/Majo
Activating(108) :Identify All Items For The Entire Party/BetterIdentifyAll
Activating(109) :Cooking Attire/KMK_Cooking_Attire
G:\Program Files (x86)\steam\steamapps\workshop\content\2135150\3370446538\Actor\PCC
Activating(110) :SubNPC Portraits/SubNPCportrait_naruse9
Activating(111) :Livestock Eat to Exp/livestock_eat_to_exp
Activating(112) :KK With My Sister/KK_WithMySister
Activating(113) :Elin with AI (Beta)/dk.elinplugins.emmersive
Activating(114) :Moist_Mounts/moist.mounts
G:\Program Files (x86)\steam\steamapps\workshop\content\2135150\3590412252\Actor\PCC
Activating(115) :Party MP/ST bar/NS_PartyMPST
Activating(116) :夏莉莉妮雅/xll
Activating(117) :CombatStatsDisplay/NS_combat_stats_display
Activating(118) :Wumi'TEX'棋(Piece)/Wumi_TEX_piece
Activating(119) :Panda's Dynamic Ether Disease Mod/Mod_PandaDynamicEtherDiseaseMod
Activating(120) :可可的异界大冒险/KokoGreatAdventure
Activating(121) :GranblueFantasy PCC/GBF_PCC_TRI
G:\Program Files (x86)\steam\steamapps\workshop\content\2135150\3363119351\Actor\PCC
Activating(122) :Moist_PCC_Port/moist.pcc.port
G:\Program Files (x86)\steam\steamapps\workshop\content\2135150\3583118672\Actor\PCC
Activating(123) :Nighteye Stalker Furena/Nighteye Stalker Furenana
Activating(124) :Adventurers_Texture/Awii_Adventurers_Texture
Activating(125) :Adventurers_Texture_4/Awii_Adventurers_Texture_4
Activating(126) :Great Demon Fist Liezerota/Lieze
Activating(127) :LMNC_Portrait1/LMNC_Portrait1
Activating(128) :Hotspring Mermaid Prtraits/HIYU_onsenchan01
Activating(129) :Nu_Yeeks/Nu_Yeeks
Activating(130) :F25_PCC_Pack/Mel_F25_PCC
G:\Program Files (x86)\steam\steamapps\workshop\content\2135150\3369491820\Actor\PCC
Activating(131) :LMNC_Portrait2/LMNC_Portrait2
Activating(132) :AutoBuy/my.acc.plugn.AutoBuy
Activating(133) :Mondori_SAMURAI GIRL_PCC/Mondori_SAMURAI GIRL1.0
G:\Program Files (x86)\steam\steamapps\workshop\content\2135150\3382422457\Actor\PCC
Activating(134) :NJYM_UniqueNPCs_Replace1/NJYM_UniqueNPCs_Replace1
Activating(135) :Portraits of Sister/sister_portrait_naruse7
Activating(136) :Fool:Divine Priest/Fool.mod.01
Activating(137) :PCC_nun_habbit/PCC_nun_habbit
G:\Program Files (x86)\steam\steamapps\workshop\content\2135150\3569713204\Actor\PCC
Activating(138) :Item Sell Value/li3.elin.itemsellvalue
Activating(139) :PlantDoctor/NS_Plant_Doctor
Activating(140) :TourismList/tourismList
Activating(141) :Whitefrost Dragonewt Filene/Filene
Activating(142) :Hillfolk are Dwarves/tekkud.hillfolkaredwarves
G:\Program Files (x86)\steam\steamapps\workshop\content\2135150\3559219748\Actor\PCC
Activating(143) :pcc_undie_wing/pcc_undie_wing
G:\Program Files (x86)\steam\steamapps\workshop\content\2135150\3558121593\Actor\PCC
Activating(144) :Thx_Texture_Nola and more/thxani_generalTexture_1
G:\Program Files (x86)\steam\steamapps\workshop\content\2135150\3565119681\Actor\PCC
Activating(145) :CustomAIRedux/air1068.elin.customai.redux
Activating(146) :Exp Notifier/nguyen.elin.plugins.expnotifier
Activating(147) :Goddess Rhongomynaid/Lion King PCC/my.syvaris_rhongomyniad_mod.modid
G:\Program Files (x86)\steam\steamapps\workshop\content\2135150\3556166802\Actor\PCC
Activating(148) :拉纳维尔/lana
Activating(149) :mrkmkrs PCC/elin_mod_mrkmkrs_pcc
G:\Program Files (x86)\steam\steamapps\workshop\content\2135150\3573414316\Actor\PCC
Activating(150) :Delivery_PCC/Delivery_PCC
G:\Program Files (x86)\steam\steamapps\workshop\content\2135150\3377482814\Actor\PCC
Activating(151) :naoT_Handmaiden_Replace/naoT_Handmaiden_Replace
Activating(152) :EDR's-Portrait/EDoRasCustomPortrait
Activating(153) :Ruriha&Yatone:Fox Girls Journey/ruriha&yatone
Activating(154) :Lovely Labrynth of the Silver Castle/Labrynth
Activating(155) :Bongbong/bongbong.mod
G:\Program Files (x86)\steam\steamapps\workshop\content\2135150\3543780373\Actor\PCC
Activating(156) :Fate Grand Order Character Pack/fgo_chara_pack
Activating(157) :LMNC_OneClosedEyes/LMNC_OneClosedEyes
G:\Program Files (x86)\steam\steamapps\workshop\content\2135150\3549178780\Actor\PCC
Activating(158) :Portraits of Adventurers2/adv_portrait_naruse6
Activating(159) :Fushiimo Texture/maccha_coffie_fushiimo_texture
Activating(160) :Mythical Creatures_PCC/Mythical Creatures_PCC
G:\Program Files (x86)\steam\steamapps\workshop\content\2135150\3542999027\Actor\PCC
Activating(161) :Khaslana Mod/my.syvkhaslanamod.modid
G:\Program Files (x86)\steam\steamapps\workshop\content\2135150\3541688520\Actor\PCC
Activating(162) :Adventurer Eureka Mod/adventurer_eureka_mod
Activating(163) :naoT_YgolonacKawaii_Replace/naoT_YgolonacKawaii_Replace
Activating(164) :Noble Wardrobe_PCC/Noble Wardrobe_PCC
G:\Program Files (x86)\steam\steamapps\workshop\content\2135150\3538425497\Actor\PCC
Activating(165) :Wumi'TEX'黒天使(Black Angel)/Wumi_TEX_blackangel
G:\Program Files (x86)\steam\steamapps\workshop\content\2135150\3384991028\Actor\PCC
Activating(166) :Ma_Monsters_Tex_Replace/Ma_Monsters_Tex_Replace
Activating(167) :EnemyHpDiaPlay/elin_xizai_hpex
Activating(168) :PartyWage/mistermeagle_PartyWage
Activating(169) :Wumi'种(Seed)/Wumi_seed
Activating(170) :SayPietyAfterOffered/SayPiety
Activating(171) :Did I Learn this spell book?/elin_spell_book_note
Activating(172) :Inspect Everything/drakenydev_elin_InspectEverything
Activating(173) :FoodParameter/Kin.FoodParameter
Activating(174) :feeshs PCC additions/feesh.pcc.additions
G:\Program Files (x86)\steam\steamapps\workshop\content\2135150\3528820592\Actor\PCC
Activating(175) :Defender's Portraits/elin_boueisyaaa_Portraits_mod
Activating(176) :naoT_Undine_Replace/naoT_Undine_Replace
Activating(177) :YikArena/YikArena_yik
Activating(178) :KK Resident Info/KK_ResidentInfo
Activating(179) :Various Portraits1/Various_portrait_naruse5
Activating(180) :Farlands Armory_PCC/Farlands Armory_PCC
G:\Program Files (x86)\steam\steamapps\workshop\content\2135150\3467596662\Actor\PCC
Activating(181) :Seraph of the End Character Pack/seraph-of-the-end_chara_pack
Activating(182) :Final Fantasy VII Character Pack/ff7_chara_pack
Activating(183) :Adventurers_Texture_2/Awii_Adventurers_Texture_2
Activating(184) :SAO Character Pack/sao_chara_pack
Activating(185) :Ultra-chan:HyperSuperRobot/HSR-ULT-0001
Activating(186) :Konosuba Character Pack/konosuba_chara_pack
Activating(187) :Minyan_Fancy_Portrait_Backgrounds/Minyan_Fancy_Portrait_Backgrounds
Activating(188) :Enra_And_Aka/Awii_Enra_And_Aka
Activating(189) :RWBY Character Pack/rwby_chara_pack
Activating(190) :Evil Eye Princess Seraphina/Sera
Activating(191) :UBelim_Sonoco(由蓓莉姆帝国的索诺珂)/UBelimSonoco
Activating(192) :NAS_Portrait_Boys9/elin_NAS_Portrait_Boys
Activating(193) :Legendary Fortune Teller Sakuya/Sakuya
Activating(194) :Flonne Zesshosai/flonne
Activating(195) :KK Smart Abilities/KK_SmartAbilities3
Activating(196) :H7 Mo' Danger Mo' Oren/H7.NefiaCurrencyScaling
Activating(197) :Add Little Info/n20250402_e901.ElinMod.Add_Little_Info
Activating(198) :Baggage First/n20250402_e901.ElinMod.Baggage_First
Activating(199) :NAS_Portrait_Mens8/elin_NAS_Portrait_Mens
Activating(200) :RidingBlackAngel/UshiodoRidingBlackAngel
G:\Program Files (x86)\steam\steamapps\workshop\content\2135150\3472588197\Actor\PCC
Activating(201) :Nzz_Portrait_04/Portrait_Nzz_04
Activating(202) :Kirito PCC - Sword Art Online/sao_kirito_pcc
G:\Program Files (x86)\steam\steamapps\workshop\content\2135150\3482460678\Actor\PCC
Activating(203) :Final Fantasy Tactics Characters/final.fantasy.tactics.characters
Activating(204) :Inuyasha Character Pack/inuyasha_chara_pack
Activating(205) :Big Daddy Bioshock Replace/BigDaddy_Bioshock
Activating(206) :Adventurers_Texture_3/Awii_Adventurers_Texture_3
Activating(207) :KK Display Naughty Book/KK_DisplayNaughtyBook
Activating(208) :Absolutely Wishing/CS_Abs_Wish_mod
Activating(209) :Portraits of Isca/Isca_portrait_naruse4
Activating(210) :Resident Evil Character Pack/resident-evil_chara_pack
Activating(211) :Portraits of Mifu_Nefu/MifuNefu_portrait_naruse3
Activating(212) :Honkai Impact 3 Character Pack/honkai-impact-3_chara_pack
Activating(213) :Melilith Parasitism/Melilith Parasitism
G:\Program Files (x86)\steam\steamapps\workshop\content\2135150\3472588286\Actor\PCC
Activating(214) :Portraits of Servants/servants_portraits_nrs2
Activating(215) :冒险者 柚鸟夏/BA_natsu
Activating(216) :Girl Frontline 2 Character Pack/girl-frontline-2_chara_pack
Activating(217) :Exile Portraits/exile-portrait-kabo
Activating(218) :Portraits of YoungLady/Younglady_portrait_naruse1
Activating(219) :LCY_マザー（叡智な姿）/LCY_Mother
Activating(220) :Tuaru Series Character Pack/toaru-series_chara_pack
Activating(221) :Unified Overlord Piere/piere
Activating(222) :Pokemon Character Pack/pokemon_chara_pack
Activating(223) :Infinity War Horn/me.pocke.infinity-warhorn
Activating(224) :SisterBlade/SisterBlade
Activating(225) :HSPixels FamiliarFashion/HSP.PCCFashionMod
G:\Program Files (x86)\steam\steamapps\workshop\content\2135150\3462715812\Actor\PCC
Activating(226) :Remove Faith Limit for Faction Equipment/GodArtifactLimitRemoveModVersion
Activating(227) :Klyin's Futon Retexture/Klyin_Futon_Retexture
Activating(228) :队友能接住投掷的物品 Allies Can Catch Thrown Items/AlliesCatchThrownFood
Activating(229) :Parasitic/elin_mod_custom_Parasitic
G:\Program Files (x86)\steam\steamapps\workshop\content\2135150\3368080692\Actor\PCC
Activating(230) :TpStackableTool/tp_stackable_tool
Activating(231) :NJYM_Servants of Gods_Replace/NJYM_ServantsofGods_Replace
Activating(232) :EtherDiseaseNotification/EtherDiseaseNotification
Activating(233) :TpAnyStethoscope/tp_any_stethoscope
Activating(234) :KK Quest Timer/KK_QuestTimer
Activating(235) :NJYM_Sister_Replace/NJYM_Sister_Replace
Activating(236) :NJYM_OlderYoungerSister_Replace/NJYM_OlderYoungerSister_Replace
Activating(237) :EnchantValueDisplay/bluebird.EnchantValueDisplay
Activating(238) :rbc1_portrait/rbc1_portrait
Activating(239) :HugMe/HugMe_yik
Activating(240) :鑽頭傳說：轉生異世界重音テト/KasaneTeto
Activating(241) :naoT_Honeybees_Replace/naoT_Honeybees_Replace
Activating(242) :Fairy dust: Una/Fairy dust: Una
Activating(243) :Honeycomb Replacement/Ignotus_Honeycomb_Replacement
Activating(244) :PartyTalk PTメンバーが電波で話しかけてくるようになるMOD/PartyTalk_yik
Activating(245) :Christmas Red Saber - Custom Adventurer/drakenydev_elin_padoru
Activating(246) :No Random Quest Limit/omegaplatinum.elin.norandomquestlimit
Activating(247) :Miranda: Rookie Gunner/Miranda: Rookie Gunner
Activating(248) :TAO Adoption/tao.adoption
Activating(249) :TpStackableAging/tp_stackable_aging
Activating(250) :ShinySpell/魔法エフェクト追加MOD/yz_ShinySpell
Activating(251) :Gaki: True Mesugaki- Replace/Gaki: True Mesugaki- Replace
Activating(252) :Adv Train For Rematch/Sobagaki_AdvTrainForRematch
Activating(253) :The Eternal Student: Kubrika/The Eternal Student Kubrika
Activating(254) :[Adventurer]若葉睦/custom_adv_mutsumi
Activating(255) :Better Harvest Event Notification/ryan.elinharvestevent
Activating(256) :属性显示测试/mimi_showattributes
Activating(257) :PresentForU/PresentForU_yik
Activating(258) :戦場依頼にぎやかしMOD/SwarmEventMOD/yz_SwarmEvent
Activating(259) :Nudira:Giant Queen/Nudira
Activating(260) :NJYM_LittleGirl_Replace/NJYM_LittleGirl_Replace
Activating(261) :PCC_RoboHelm/lokome_PCC_RoboHelm
G:\Program Files (x86)\steam\steamapps\workshop\content\2135150\3427795825\Actor\PCC
Activating(262) :DragonGirl_PCC/Nagi_DragonGirl_PCC
G:\Program Files (x86)\steam\steamapps\workshop\content\2135150\3421551283\Actor\PCC
Activating(263) :Rodwyn Replace/Sobagaki_RodwynReplace
Activating(264) :[BLACKSOULS] Elin-fied Grimm PCC + Portrait/skyfallterminus.blacksouls.grimmpcc
G:\Program Files (x86)\steam\steamapps\workshop\content\2135150\3421937885\Actor\PCC
Activating(265) :Cerberus_Texture/Awii_Cerberus_Texture
Activating(266) :PCC_Crab/lokome_PCC_Crab
G:\Program Files (x86)\steam\steamapps\workshop\content\2135150\3431434458\Actor\PCC
Activating(267) :RedFox_PCC/Benikitsune-RedFoxPCC1
G:\Program Files (x86)\steam\steamapps\workshop\content\2135150\3371102352\Actor\PCC
Activating(268) :Iegami's_Portrait_01/Elin_Iegami's_Portrait_01
Activating(269) :PCC Fiama Cloth/pcc_fiama_cloth
G:\Program Files (x86)\steam\steamapps\workshop\content\2135150\3373776661\Actor\PCC
Activating(270) :一些小孩改圖/DiouKidReplace
Activating(271) :Playable Putit/jzjerry.playable.putit
Activating(272) :FoxMask/elin_mod_custom_FoxMask
G:\Program Files (x86)\steam\steamapps\workshop\content\2135150\3367891369\Actor\PCC
Activating(273) :Monmusu Portraits/monmusu_portraits
Activating(274) :Auto Drop Sculpture After Crafting/AutoDropSculpture
Activating(275) :YBK portraits/YBK_portraits01
Activating(276) :Rabbit anthropomorphic PCC mod/mod_mevie_rabbit_pcc
G:\Program Files (x86)\steam\steamapps\workshop\content\2135150\3410352323\Actor\PCC
Activating(277) :PCC_Cat on top/lokome_PCC_Cat on top
G:\Program Files (x86)\steam\steamapps\workshop\content\2135150\3432108129\Actor\PCC
Activating(278) :MouseWheelZoom/ririgon.mousewheelzoom
Activating(279) :CrowPCC/Crow.PCC
G:\Program Files (x86)\steam\steamapps\workshop\content\2135150\3392183109\Actor\PCC
Activating(280) :Fence Won't Destroy Plants/FenceWontDestroyPlants
Activating(281) :Yamada Portrait A/Yamada_ymd_Portrait_folder_A
Activating(282) :BlackCat_Mount_Skin/BlackCat_Mount_Skin
G:\Program Files (x86)\steam\steamapps\workshop\content\2135150\3430739869\Actor\PCC
Activating(283) :Party Info HP Display/air1068.elin.partyinfohpdisplay
Activating(284) :Vepar/Awii_Vepar
Activating(285) :MikoshiCat Mount Skin/CKC_MikoshiCat_chakuro
G:\Program Files (x86)\steam\steamapps\workshop\content\2135150\3416294037\Actor\PCC
Activating(286) :Residents Ranch With You/omegaplatinum.elin.residentsranchwithyou
Activating(287) :Carbuncle_Texture/Awii_Carbuncle_Texture
Activating(288) :Lion Mount Skin/CKC_LionMountSkin_chakuro
G:\Program Files (x86)\steam\steamapps\workshop\content\2135150\3415783743\Actor\PCC
Activating(289) :Better Trolley/larles.elinplugins.bettertrolley
Activating(290) :Eaphi_PCC/Eaphi_PCC_slot
G:\Program Files (x86)\steam\steamapps\workshop\content\2135150\3415705559\Actor\PCC
Activating(291) :Nzz_Portrait_03/Portrait_Nzz_03
Activating(292) :PCC_Loytel_Set/PCC_Loytel_Set
G:\Program Files (x86)\steam\steamapps\workshop\content\2135150\3414086986\Actor\PCC
Activating(293) :Iegami's_Portrait_06/Elin_Iegami's_Portrait_06
Activating(294) :N15g Kitsune PCC/n15g-kitsune-pcc
G:\Program Files (x86)\steam\steamapps\workshop\content\2135150\3413557291\Actor\PCC
Activating(295) :ortho's_Portrait/elin_ortho_portrait01
Activating(296) :Residents Eat With You/omegaplatinum.elin.residentseatwithyou
Activating(297) :Small_Animals_Texture/Awii_Small_Animals_Texture
Activating(298) :Conchan and Seal/Conchan_and_Seal
Activating(299) :Fairy PCC/n15g_fairies
G:\Program Files (x86)\steam\steamapps\workshop\content\2135150\3400287057\Actor\PCC
Activating(300) :[Prism]K.S.Miracle/K.S.miracle
Activating(301) :Mudrock - custom adventurer/a1684523.elinmodMudrock
Activating(302) :Carbuncle_Mount_Skin/Carbuncle_Mount_Skin
G:\Program Files (x86)\steam\steamapps\workshop\content\2135150\3402840716\Actor\old
G:\Program Files (x86)\steam\steamapps\workshop\content\2135150\3402840716\Actor\PCC
Activating(303) :Furan_PCC/neko.carton.furan
G:\Program Files (x86)\steam\steamapps\workshop\content\2135150\3402997260\Actor\PCC
Activating(304) :Mimu - Miral and Garokk Replace/mimu_Miral_Garokk_Replace
Activating(305) :ポーションを投げないで/Silva_DontThrowPotion
Activating(306) :Thx_TE_Mermaid/elin_thxani_ccte_1
Activating(307) :PCC Necktie/rezza.pcc.necktie.test.mod
G:\Program Files (x86)\steam\steamapps\workshop\content\2135150\3401648550\Actor\PCC
Activating(308) :Yuzuki Yukari/Yuzuki Yukari
Activating(309) :原初歌姬-初音未來/O_miku
Activating(310) :Iegami's_Portrait_04/Elin_Iegami's_Portrait_04
Activating(311) :TpPerfectTrainer/tp_perfect_trainer
Activating(312) :露露娜蒂/lulu
Activating(313) :Highlight Dirty Floor/k3nny_51rcy.elinplugins.highlightdirtyfloor
Activating(314) :CWL Example: Tiny Mita/player.stay.with.me
Activating(315) :MainText Alert/larles.elinplugins.maintextalert
Activating(316) :BakeryPutty/BakeryPutty
Activating(317) :Allies With Auto Picking/AllyAutoPick
Activating(318) :Amazing Party/Sobagaki_AmazingParty
Activating(319) :Kizuna Akari/Kizuna Akari
Activating(320) :Race:UmaMusume/UmaMusumeInElin
Activating(321) :WinterAnimals（snow putit）/elin_NAS_WinterPutit
Activating(322) :rbc1_portrait2/rbc1_portrait2
Activating(323) :SnowGirl_PCC/Nagi_SnowGirl_PCC
G:\Program Files (x86)\steam\steamapps\workshop\content\2135150\3433275575\Actor\PCC
Activating(324) :Angelina - custom adventurer/a1684523.elinmodAngelina
Activating(325) :Wumi'PCC+/Wumi_PCCplus
G:\Program Files (x86)\steam\steamapps\workshop\content\2135150\3433465408\Actor\PCC
Activating(326) :自动行动 Auto Act/AutoAct
Activating(327) :Ma_Fairies_Tex_Replace/Ma_Fairies_Tex_Replace
Activating(328) :Iegami's_Portrait_05/Elin_Iegami's_Portrait_05
Activating(329) :Mod Help/drakenydev_elin_modhelp
Activating(330) :Bank Utility(maintenance)/floor.elin.bankutility
Activating(331) :Mimu - Zealot of fire Replace/mimu_Zealot_of_fire_Replace
Activating(332) :Residents Fish With You/omegaplatinum.elin.residentsfishwithyou
Activating(333) :No Enmity Between Servant/elin_servantunememy
Activating(334) :Nzz_Portrait_02/Portrait_Nzz_02
Activating(335) :Ririn Chan/Ririn Chan
Activating(336) :Sparkly Water For All/reiyu.elinplugins.sparklywater
Activating(337) :naoT_Snakes_Replace/naoT_Snakes_Replace
Activating(338) :Better Sleep/omegaplatinum.elin.bettersleep
Activating(339) :PCC Kats Clothes 2/KMK_Katyusha_Clothes2
G:\Program Files (x86)\steam\steamapps\workshop\content\2135150\3376112744\Actor\PCC
Activating(340) :【TextureEX】Lurong_MilitantTextureExpand/Lurong_Texture_Militant
Activating(341) :Auto Act - Ally Expansion/AutoActAllyExpansion
Activating(342) :Hnp: Death Scene Modifier/hinapi.elinmod.deathscenemodifier
Activating(343) :Hnp: Multi Item Detector/hinapi.elinmod.multiitemdetector
Activating(344) :Artificial Race/mod_aya_mob
Activating(345) :Give It Back/bep_giveitback
Activating(346) :Dont Pat My Waifu!/bep_sivn_dontpatmywaifu
Activating(347) :Additional Deco/AD_Additional Deco
Activating(348) :Portrait Specification Framework/android_specific_portraits
Activating(349) :Portrait Specification Framework Local Settings/android_specific_portraits_settings
Activating(350) :Mod Config GUI/xtracr_modconfiggui
Activating(351) :Mod Viewer Plus/dk.elinplugins.modviewerminus
Activating(352) :Junk Digger Elin/JunkDiggerElin
Activating(353) :Artificial Race人工种族汉化/artificialrace.chinese_translation.modid
Activating(354) :bell_maid_cppc_and_portrait/bell_maid_cppc_and
G:\Program Files (x86)\steam\steamapps\workshop\content\2135150\3378477046\Actor\PCC
Activating(355) :Nanasu Quest Pack/bep_nanasuquestpack
Activating(356) :NPC Spell Learning/NPCSpellFix
Activating(357) :Tome of Memory Loss (Stable)/npcspellmanager.v4.custom.item
Activating(358) :Bahamut replacer/Mod_Bahamut replacer
Activating(359) :Candle Ghost replacer/Mod_Candle Ghost replacer
Activating(999) :3406136677/elin_minigame_slot
Chain Loading Scripts:G:\Program Files (x86)\steam\steamapps\common\Elin\Package\_Elona
[Info   :   BepInEx] 0 plugins to load
[Message:   BepInEx] Chainloader startup complete
Chain Loading Scripts:G:\Program Files (x86)\steam\steamapps\common\Elin\Package\Mod_FixedPackageLoader
[Info   :   BepInEx] 1 plugin to load
[Info   :   BepInEx] Loading [Fixed Package Loader 1.0.0]
[Message:   BepInEx] Chainloader startup complete
Chain Loading Scripts:G:\Program Files (x86)\steam\steamapps\common\Elin\Package\_Lang_Chinese
[Info   :   BepInEx] 0 plugins to load
[Message:   BepInEx] Chainloader startup complete
Chain Loading Scripts:G:\Program Files (x86)\steam\steamapps\common\Elin\Package\Mod_Slot
[Info   :   BepInEx] 1 plugin to load
[Info   :   BepInEx] Loading [Slot 1.0.0]
[Message:   BepInEx] Chainloader startup complete
Chain Loading Scripts:G:\Program Files (x86)\steam\steamapps\workshop\content\2135150\3387427055
[Info   :   BepInEx] 1 plugin to load
[Info   :   BepInEx] Loading [FilterMessages 0.1.0]
[Message:   BepInEx] Chainloader startup complete
Chain Loading Scripts:G:\Program Files (x86)\steam\steamapps\workshop\content\2135150\3387548958
[Info   :   BepInEx] 1 plugin to load
[Info   :   BepInEx] Loading [Shared Factories 1.0.0]
[Message:   BepInEx] Chainloader startup complete
Chain Loading Scripts:G:\Program Files (x86)\steam\steamapps\workshop\content\2135150\3536487869
[Info   :   BepInEx] 1 plugin to load
[Info   :   BepInEx] Loading [Item Filter Plus 1.0.0]
Fallback handler could not load library G:/Program Files (x86)/steam/steamapps/common/Elin/Elin_Data/MonoBleedingEdge/data-00000265F5CB8EB0.dll
[Info   :Item Filter Plus] Item Filter Plus 1.0.0 loaded. Settings initialized. Waiting for game's ModManager to initialize...
[Message:   BepInEx] Chainloader startup complete
Chain Loading Scripts:G:\Program Files (x86)\steam\steamapps\workshop\content\2135150\3393701894
[Info   :   BepInEx] 1 plugin to load
[Info   :   BepInEx] Loading [GiftedEquipmentPriority 0.1.0]
[Message:   BepInEx] Chainloader startup complete
Chain Loading Scripts:G:\Program Files (x86)\steam\steamapps\workshop\content\2135150\3383877682
[Info   :   BepInEx] 1 plugin to load
[Info   :   BepInEx] Loading [SeedsFertilityCost 0.1.0]
[Message:   BepInEx] Chainloader startup complete
Chain Loading Scripts:G:\Program Files (x86)\steam\steamapps\workshop\content\2135150\3582088453
[Info   :   BepInEx] 0 plugins to load
[Message:   BepInEx] Chainloader startup complete
Chain Loading Scripts:G:\Program Files (x86)\steam\steamapps\workshop\content\2135150\3559286192
[Info   :   BepInEx] 0 plugins to load
[Message:   BepInEx] Chainloader startup complete
Chain Loading Scripts:G:\Program Files (x86)\steam\steamapps\workshop\content\2135150\3548369141
[Info   :   BepInEx] 0 plugins to load
[Message:   BepInEx] Chainloader startup complete
Chain Loading Scripts:G:\Program Files (x86)\steam\steamapps\workshop\content\2135150\3381182341
[Info   :   BepInEx] 1 plugin to load
[Info   :   BepInEx] Loading [Mod Options 0.23.74]
[Message:Mod Options] Mod Options loaded.
[Message:   BepInEx] Chainloader startup complete
Chain Loading Scripts:G:\Program Files (x86)\steam\steamapps\workshop\content\2135150\3483902186
[Info   :   BepInEx] 0 plugins to load
[Message:   BepInEx] Chainloader startup complete
Chain Loading Scripts:G:\Program Files (x86)\steam\steamapps\workshop\content\2135150\3606170129
[Info   :   BepInEx] 0 plugins to load
[Message:   BepInEx] Chainloader startup complete
Chain Loading Scripts:G:\Program Files (x86)\steam\steamapps\workshop\content\2135150\3498739951
[Info   :   BepInEx] 0 plugins to load
[Message:   BepInEx] Chainloader startup complete
Chain Loading Scripts:G:\Program Files (x86)\steam\steamapps\workshop\content\2135150\3390250064
[Info   :   BepInEx] 1 plugin to load
[Info   :   BepInEx] Loading [Defertilizer Works 1.0.0]
[Message:   BepInEx] Chainloader startup complete
Chain Loading Scripts:G:\Program Files (x86)\steam\steamapps\workshop\content\2135150\3585457729
[Info   :   BepInEx] 0 plugins to load
[Message:   BepInEx] Chainloader startup complete
Chain Loading Scripts:G:\Program Files (x86)\steam\steamapps\workshop\content\2135150\3391034162
[Info   :   BepInEx] 1 plugin to load
[Info   :   BepInEx] Loading [PetsTakeMoreItems 0.1.0]
[Message:   BepInEx] Chainloader startup complete
Chain Loading Scripts:G:\Program Files (x86)\steam\steamapps\workshop\content\2135150\3389920359
[Info   :   BepInEx] 1 plugin to load
[Info   :   BepInEx] Loading [ResidentsDoNotWaste 0.1.0]
[Message:   BepInEx] Chainloader startup complete
Chain Loading Scripts:G:\Program Files (x86)\steam\steamapps\workshop\content\2135150\3400402923
[Info   :   BepInEx] 1 plugin to load
[Info   :   BepInEx] Loading [SpecificNotifications 0.1.0]
[Message:   BepInEx] Chainloader startup complete
Chain Loading Scripts:G:\Program Files (x86)\steam\steamapps\workshop\content\2135150\3389359940
[Info   :   BepInEx] 1 plugin to load
[Info   :   BepInEx] Loading [NoResidentSharedFood 0.1.0]
[Message:   BepInEx] Chainloader startup complete
Chain Loading Scripts:G:\Program Files (x86)\steam\steamapps\workshop\content\2135150\3378879190
[Info   :   BepInEx] 1 plugin to load
[Info   :   BepInEx] Loading [Portrait Picker 1.0.0]
[Message:Portrait Picker] [Portrait Picker] Portrait Picker Loaded
[Message:   BepInEx] Chainloader startup complete
Chain Loading Scripts:G:\Program Files (x86)\steam\steamapps\workshop\content\2135150\3564716570
[Info   :   BepInEx] 1 plugin to load
[Info   :   BepInEx] Loading [SoloDump 1.0.0]
[Message:   BepInEx] Chainloader startup complete
Chain Loading Scripts:G:\Program Files (x86)\steam\steamapps\workshop\content\2135150\3551767784
[Info   :   BepInEx] 1 plugin to load
[Info   :   BepInEx] Loading [TextureExpand 1.0.0]
[Message:   BepInEx] Chainloader startup complete
Chain Loading Scripts:G:\Program Files (x86)\steam\steamapps\workshop\content\2135150\3562485226
[Info   :   BepInEx] 0 plugins to load
[Message:   BepInEx] Chainloader startup complete
Chain Loading Scripts:G:\Program Files (x86)\steam\steamapps\workshop\content\2135150\3358081434
[Info   :   BepInEx] 0 plugins to load
[Message:   BepInEx] Chainloader startup complete
Chain Loading Scripts:G:\Program Files (x86)\steam\steamapps\workshop\content\2135150\3392673898
[Info   :   BepInEx] 1 plugin to load
[Info   :   BepInEx] Loading [WakeUp 0.1.0]
[Message:   BepInEx] Chainloader startup complete
Chain Loading Scripts:G:\Program Files (x86)\steam\steamapps\workshop\content\2135150\3543221872
[Info   :   BepInEx] 0 plugins to load
[Message:   BepInEx] Chainloader startup complete
Chain Loading Scripts:G:\Program Files (x86)\steam\steamapps\workshop\content\2135150\3389569673
[Info   :   BepInEx] 1 plugin to load
[Info   :   BepInEx] Loading [ResidentsShareFindings 0.1.0]
[Message:   BepInEx] Chainloader startup complete
Chain Loading Scripts:G:\Program Files (x86)\steam\steamapps\workshop\content\2135150\3389925452
[Info   :   BepInEx] 1 plugin to load
[Info   :   BepInEx] Loading [NoComplainingOnlyCarrying 0.1.0]
[Message:   BepInEx] Chainloader startup complete
Chain Loading Scripts:G:\Program Files (x86)\steam\steamapps\workshop\content\2135150\3469082409
[Info   :   BepInEx] 0 plugins to load
[Message:   BepInEx] Chainloader startup complete
Chain Loading Scripts:G:\Program Files (x86)\steam\steamapps\workshop\content\2135150\3520348668
[Info   :   BepInEx] 2 plugins to load
[Warning:   BepInEx] Skipping [ResMutationTweakMod 1.0.0] because a newer version exists (ResMutationTweakMod 1.0.0)
[Info   :   BepInEx] Loading [ResMutationTweakMod 1.0.0]
[Message:   BepInEx] Chainloader startup complete
Chain Loading Scripts:G:\Program Files (x86)\steam\steamapps\workshop\content\2135150\3494674291
[Info   :   BepInEx] 0 plugins to load
[Message:   BepInEx] Chainloader startup complete
Chain Loading Scripts:G:\Program Files (x86)\steam\steamapps\workshop\content\2135150\3544010094
[Info   :   BepInEx] 1 plugin to load
[Info   :   BepInEx] Loading [Custom Whatever Loader 1.20.56]
ImportExcel source:LangGeneral (LangGeneral) Path:G:\Program Files (x86)\steam\steamapps\workshop\content\2135150\3544010094\LangMod\CN\cwl_sources.xlsx
Importing Sheet:General
General/133/127
Imported General
[Message:   BepInEx] Chainloader startup complete
Chain Loading Scripts:G:\Program Files (x86)\steam\steamapps\workshop\content\2135150\3463729645
[Info   :   BepInEx] 0 plugins to load
[Message:   BepInEx] Chainloader startup complete
Chain Loading Scripts:G:\Program Files (x86)\steam\steamapps\workshop\content\2135150\3389898370
[Info   :   BepInEx] 1 plugin to load
[Info   :   BepInEx] Loading [ResidentsExcludedSharedContainers 0.1.0]
[Message:   BepInEx] Chainloader startup complete
Chain Loading Scripts:G:\Program Files (x86)\steam\steamapps\workshop\content\2135150\3400020753
[Info   :   BepInEx] 1 plugin to load
[Info   :   BepInEx] Loading [YK Framework 1.0.0]
[Message:   BepInEx] Chainloader startup complete
Chain Loading Scripts:G:\Program Files (x86)\steam\steamapps\workshop\content\2135150\3387979914
[Info   :   BepInEx] 1 plugin to load
[Info   :   BepInEx] Loading [LongMeditate 0.1.0]
[Message:   BepInEx] Chainloader startup complete
Chain Loading Scripts:G:\Program Files (x86)\steam\steamapps\workshop\content\2135150\3382140352
[Info   :   BepInEx] 1 plugin to load
[Info   :   BepInEx] Loading [OnlyMeals 0.1.0]
[Message:   BepInEx] Chainloader startup complete
Chain Loading Scripts:G:\Program Files (x86)\steam\steamapps\workshop\content\2135150\3379923360
[Info   :   BepInEx] 1 plugin to load
[Info   :   BepInEx] Loading [PickQuestRewards 0.1.0]
[Message:   BepInEx] Chainloader startup complete
Chain Loading Scripts:G:\Program Files (x86)\steam\steamapps\workshop\content\2135150\3383772306
[Info   :   BepInEx] 1 plugin to load
[Info   :   BepInEx] Loading [MissingObjectRecipeInformation 0.1.0]
[Message:   BepInEx] Chainloader startup complete
Chain Loading Scripts:G:\Program Files (x86)\steam\steamapps\workshop\content\2135150\3376862926
[Info   :   BepInEx] 1 plugin to load
[Info   :   BepInEx] Loading [KnowWhoYouBuy 0.1.0]
[Message:   BepInEx] Chainloader startup complete
Chain Loading Scripts:G:\Program Files (x86)\steam\steamapps\workshop\content\2135150\3360293202
[Info   :   BepInEx] 0 plugins to load
[Message:   BepInEx] Chainloader startup complete
Chain Loading Scripts:G:\Program Files (x86)\steam\steamapps\workshop\content\2135150\3412881546
[Info   :   BepInEx] 1 plugin to load
[Info   :   BepInEx] Loading [AddFoodDistribution 1.0.0]
[Message:   BepInEx] Chainloader startup complete
Chain Loading Scripts:G:\Program Files (x86)\steam\steamapps\workshop\content\2135150\3367414139
[Info   :   BepInEx] 0 plugins to load
[Message:   BepInEx] Chainloader startup complete
Chain Loading Scripts:G:\Program Files (x86)\steam\steamapps\workshop\content\2135150\3368722167
[Info   :   BepInEx] 0 plugins to load
[Message:   BepInEx] Chainloader startup complete
Chain Loading Scripts:G:\Program Files (x86)\steam\steamapps\workshop\content\2135150\3363080922
[Info   :   BepInEx] 0 plugins to load
[Message:   BepInEx] Chainloader startup complete
Chain Loading Scripts:G:\Program Files (x86)\steam\steamapps\workshop\content\2135150\3384300909
[Info   :   BepInEx] 0 plugins to load
[Message:   BepInEx] Chainloader startup complete
Chain Loading Scripts:G:\Program Files (x86)\steam\steamapps\workshop\content\2135150\3407552087
[Info   :   BepInEx] 0 plugins to load
[Message:   BepInEx] Chainloader startup complete
Chain Loading Scripts:G:\Program Files (x86)\steam\steamapps\workshop\content\2135150\3367195279
[Info   :   BepInEx] 0 plugins to load
[Message:   BepInEx] Chainloader startup complete
Chain Loading Scripts:G:\Program Files (x86)\steam\steamapps\workshop\content\2135150\3361265487
[Info   :   BepInEx] 0 plugins to load
[Message:   BepInEx] Chainloader startup complete
Chain Loading Scripts:G:\Program Files (x86)\steam\steamapps\workshop\content\2135150\3422758583
[Info   :   BepInEx] 1 plugin to load
[Info   :   BepInEx] Loading [Elin_AutoEat 1.0.0]
ImportExcel source: (Elin_Mod.ModText) Path:G:\Program Files (x86)\steam\steamapps\workshop\content\2135150\3422758583/resource/tables/mod_texts.xlsm
Importing Sheet:texts
texts/122/32
Imported texts
[Message:   BepInEx] Chainloader startup complete
Chain Loading Scripts:G:\Program Files (x86)\steam\steamapps\workshop\content\2135150\3359197958
[Info   :   BepInEx] 0 plugins to load
[Message:   BepInEx] Chainloader startup complete
Chain Loading Scripts:G:\Program Files (x86)\steam\steamapps\workshop\content\2135150\3408670804
[Info   :   BepInEx] 0 plugins to load
[Message:   BepInEx] Chainloader startup complete
Chain Loading Scripts:G:\Program Files (x86)\steam\steamapps\workshop\content\2135150\3359948163
[Info   :   BepInEx] 0 plugins to load
[Message:   BepInEx] Chainloader startup complete
Chain Loading Scripts:G:\Program Files (x86)\steam\steamapps\workshop\content\2135150\3362538268
[Info   :   BepInEx] 0 plugins to load
[Message:   BepInEx] Chainloader startup complete
Chain Loading Scripts:G:\Program Files (x86)\steam\steamapps\workshop\content\2135150\3380501659
[Info   :   BepInEx] 0 plugins to load
[Message:   BepInEx] Chainloader startup complete
Chain Loading Scripts:G:\Program Files (x86)\steam\steamapps\workshop\content\2135150\3425304498
[Info   :   BepInEx] 0 plugins to load
[Message:   BepInEx] Chainloader startup complete
Chain Loading Scripts:G:\Program Files (x86)\steam\steamapps\workshop\content\2135150\3365992337
[Info   :   BepInEx] 0 plugins to load
[Message:   BepInEx] Chainloader startup complete
Chain Loading Scripts:G:\Program Files (x86)\steam\steamapps\workshop\content\2135150\3372630771
[Info   :   BepInEx] 0 plugins to load
[Message:   BepInEx] Chainloader startup complete
Chain Loading Scripts:G:\Program Files (x86)\steam\steamapps\workshop\content\2135150\3369464668
[Info   :   BepInEx] 0 plugins to load
[Message:   BepInEx] Chainloader startup complete
Chain Loading Scripts:G:\Program Files (x86)\steam\steamapps\workshop\content\2135150\3398543312
[Info   :   BepInEx] 0 plugins to load
[Message:   BepInEx] Chainloader startup complete
Chain Loading Scripts:G:\Program Files (x86)\steam\steamapps\workshop\content\2135150\3566897137
[Info   :   BepInEx] 1 plugin to load
[Info   :   BepInEx] Loading [Eyes in the Sky 0.5.0]
[Info   :Eyes in the Sky] Eyes in the Sky loaded
[Message:   BepInEx] Chainloader startup complete
Chain Loading Scripts:G:\Program Files (x86)\steam\steamapps\workshop\content\2135150\3425341525
[Info   :   BepInEx] 0 plugins to load
[Message:   BepInEx] Chainloader startup complete
Chain Loading Scripts:G:\Program Files (x86)\steam\steamapps\workshop\content\2135150\3405243755
[Info   :   BepInEx] 0 plugins to load
[Message:   BepInEx] Chainloader startup complete
Chain Loading Scripts:G:\Program Files (x86)\steam\steamapps\workshop\content\2135150\3366762306
[Info   :   BepInEx] 0 plugins to load
[Message:   BepInEx] Chainloader startup complete
Chain Loading Scripts:G:\Program Files (x86)\steam\steamapps\workshop\content\2135150\3415048768
[Info   :   BepInEx] 0 plugins to load
[Message:   BepInEx] Chainloader startup complete
Chain Loading Scripts:G:\Program Files (x86)\steam\steamapps\workshop\content\2135150\3544581639
[Info   :   BepInEx] 0 plugins to load
[Message:   BepInEx] Chainloader startup complete
Chain Loading Scripts:G:\Program Files (x86)\steam\steamapps\workshop\content\2135150\3365647685
[Info   :   BepInEx] 0 plugins to load
[Message:   BepInEx] Chainloader startup complete
Chain Loading Scripts:G:\Program Files (x86)\steam\steamapps\workshop\content\2135150\3433960411
[Info   :   BepInEx] 0 plugins to load
[Message:   BepInEx] Chainloader startup complete
Chain Loading Scripts:G:\Program Files (x86)\steam\steamapps\workshop\content\2135150\3382563342
[Info   :   BepInEx] 1 plugin to load
[Info   :   BepInEx] Loading [Animated Custom Sprites 1.9.0]
[Message:   BepInEx] Chainloader startup complete
Chain Loading Scripts:G:\Program Files (x86)\steam\steamapps\workshop\content\2135150\3369451909
[Info   :   BepInEx] 1 plugin to load
[Info   :   BepInEx] Loading [Variable Sprite Support 1.7.0]
[Message:   BepInEx] Chainloader startup complete
Chain Loading Scripts:G:\Program Files (x86)\steam\steamapps\workshop\content\2135150\3381789374
[Info   :   BepInEx] 1 plugin to load
[Info   :   BepInEx] Loading [Kiria DLC 1.2.0]
[Message:   BepInEx] Chainloader startup complete
Chain Loading Scripts:G:\Program Files (x86)\steam\steamapps\workshop\content\2135150\3373210052
[Info   :   BepInEx] 0 plugins to load
[Message:   BepInEx] Chainloader startup complete
Chain Loading Scripts:G:\Program Files (x86)\steam\steamapps\workshop\content\2135150\3430669327
[Info   :   BepInEx] 1 plugin to load
[Info   :   BepInEx] Loading [KeepUsingtheSameAmmo 0.23.173]
[Message:   BepInEx] Chainloader startup complete
Chain Loading Scripts:G:\Program Files (x86)\steam\steamapps\workshop\content\2135150\3366741353
[Info   :   BepInEx] 1 plugin to load
[Info   :   BepInEx] Loading [EnhancedSearch 1.0.0]
[Message:   BepInEx] Chainloader startup complete
Chain Loading Scripts:G:\Program Files (x86)\steam\steamapps\workshop\content\2135150\3408001523
[Info   :   BepInEx] 1 plugin to load
[Info   :   BepInEx] Loading [Astesia 1.0.0]
[Message:   BepInEx] Chainloader startup complete
Chain Loading Scripts:G:\Program Files (x86)\steam\steamapps\workshop\content\2135150\3453133762
[Info   :   BepInEx] 0 plugins to load
[Message:   BepInEx] Chainloader startup complete
Chain Loading Scripts:G:\Program Files (x86)\steam\steamapps\workshop\content\2135150\3455076445
[Info   :   BepInEx] 0 plugins to load
[Message:   BepInEx] Chainloader startup complete
Chain Loading Scripts:G:\Program Files (x86)\steam\steamapps\workshop\content\2135150\3445493545
[Info   :   BepInEx] 0 plugins to load
[Message:   BepInEx] Chainloader startup complete
Chain Loading Scripts:G:\Program Files (x86)\steam\steamapps\workshop\content\2135150\3448052470
[Info   :   BepInEx] 1 plugin to load
[Info   :   BepInEx] Loading [ElinSleightOfHand 1.0.0]
[Message:   BepInEx] Chainloader startup complete
Chain Loading Scripts:G:\Program Files (x86)\steam\steamapps\workshop\content\2135150\3451025284
[Info   :   BepInEx] 1 plugin to load
[Info   :   BepInEx] Loading [FlowerGarden_MOD 1.0.0]
[Message:   BepInEx] Chainloader startup complete
Chain Loading Scripts:G:\Program Files (x86)\steam\steamapps\workshop\content\2135150\3439526917
[Info   :   BepInEx] 0 plugins to load
[Message:   BepInEx] Chainloader startup complete
Chain Loading Scripts:G:\Program Files (x86)\steam\steamapps\workshop\content\2135150\3360459492
[Info   :   BepInEx] 0 plugins to load
[Message:   BepInEx] Chainloader startup complete
Chain Loading Scripts:G:\Program Files (x86)\steam\steamapps\workshop\content\2135150\3381900329
[Info   :   BepInEx] 0 plugins to load
[Message:   BepInEx] Chainloader startup complete
Chain Loading Scripts:G:\Program Files (x86)\steam\steamapps\workshop\content\2135150\3366547733
[Info   :   BepInEx] 1 plugin to load
[Info   :   BepInEx] Loading [Farm Doctor 1.2.0]
[Message:   BepInEx] Chainloader startup complete
Chain Loading Scripts:G:\Program Files (x86)\steam\steamapps\workshop\content\2135150\3373702652
[Info   :   BepInEx] 0 plugins to load
[Message:   BepInEx] Chainloader startup complete
Chain Loading Scripts:G:\Program Files (x86)\steam\steamapps\workshop\content\2135150\3372500300
[Info   :   BepInEx] 1 plugin to load
[Info   :   BepInEx] Loading [elin_goto_title_hotkey 1.0.0]
[Message:   BepInEx] Chainloader startup complete
Chain Loading Scripts:G:\Program Files (x86)\steam\steamapps\workshop\content\2135150\3385578698
[Info   :   BepInEx] 1 plugin to load
[Info   :   BepInEx] Loading [Observer Ability 1.0.0]
[Message:   BepInEx] Chainloader startup complete
Chain Loading Scripts:G:\Program Files (x86)\steam\steamapps\workshop\content\2135150\3387860984
[Info   :   BepInEx] 0 plugins to load
[Message:   BepInEx] Chainloader startup complete
Chain Loading Scripts:G:\Program Files (x86)\steam\steamapps\workshop\content\2135150\3389525107
[Info   :   BepInEx] 1 plugin to load
[Info   :   BepInEx] Loading [PantyOnHead 1.0.0]
[Message:   BepInEx] Chainloader startup complete
Chain Loading Scripts:G:\Program Files (x86)\steam\steamapps\workshop\content\2135150\3378461941
[Info   :   BepInEx] 0 plugins to load
[Message:   BepInEx] Chainloader startup complete
Chain Loading Scripts:G:\Program Files (x86)\steam\steamapps\workshop\content\2135150\3385902412
[Info   :   BepInEx] 1 plugin to load
[Info   :   BepInEx] Loading [Stamina Action Stop 2.0.0]
[Message:   BepInEx] Chainloader startup complete
Chain Loading Scripts:G:\Program Files (x86)\steam\steamapps\workshop\content\2135150\3525515630
[Info   :   BepInEx] 1 plugin to load
[Info   :   BepInEx] Loading [Visual PCC Picker 1.3.2]
[Message:   BepInEx] Chainloader startup complete
Chain Loading Scripts:G:\Program Files (x86)\steam\steamapps\workshop\content\2135150\3515276886
[Info   :   BepInEx] 0 plugins to load
[Message:   BepInEx] Chainloader startup complete
Chain Loading Scripts:G:\Program Files (x86)\steam\steamapps\workshop\content\2135150\3377907538
[Info   :   BepInEx] 0 plugins to load
[Message:   BepInEx] Chainloader startup complete
Chain Loading Scripts:G:\Program Files (x86)\steam\steamapps\workshop\content\2135150\3516160377
[Info   :   BepInEx] 0 plugins to load
[Message:   BepInEx] Chainloader startup complete
Chain Loading Scripts:G:\Program Files (x86)\steam\steamapps\workshop\content\2135150\3376111972
[Info   :   BepInEx] 0 plugins to load
[Message:   BepInEx] Chainloader startup complete
Chain Loading Scripts:G:\Program Files (x86)\steam\steamapps\workshop\content\2135150\3381889732
[Info   :   BepInEx] 0 plugins to load
[Message:   BepInEx] Chainloader startup complete
Chain Loading Scripts:G:\Program Files (x86)\steam\steamapps\workshop\content\2135150\3369919962
[Info   :   BepInEx] 0 plugins to load
[Message:   BepInEx] Chainloader startup complete
Chain Loading Scripts:G:\Program Files (x86)\steam\steamapps\workshop\content\2135150\3369414922
[Info   :   BepInEx] 0 plugins to load
[Message:   BepInEx] Chainloader startup complete
Chain Loading Scripts:G:\Program Files (x86)\steam\steamapps\workshop\content\2135150\3594740486
[Info   :   BepInEx] 0 plugins to load
[Message:   BepInEx] Chainloader startup complete
Chain Loading Scripts:G:\Program Files (x86)\steam\steamapps\workshop\content\2135150\3609910269
[Info   :   BepInEx] 0 plugins to load
[Message:   BepInEx] Chainloader startup complete
Chain Loading Scripts:G:\Program Files (x86)\steam\steamapps\workshop\content\2135150\3604456928
[Info   :   BepInEx] 0 plugins to load
[Message:   BepInEx] Chainloader startup complete
Chain Loading Scripts:G:\Program Files (x86)\steam\steamapps\workshop\content\2135150\3364468451
[Info   :   BepInEx] 1 plugin to load
[Info   :   BepInEx] Loading [ResidentAliasChanger 1.0.0]
[Message:   BepInEx] Chainloader startup complete
Chain Loading Scripts:G:\Program Files (x86)\steam\steamapps\workshop\content\2135150\3397427592
[Info   :   BepInEx] 1 plugin to load
[Info   :   BepInEx] Loading [MilkStats 0.1.1]
[Message:   BepInEx] Chainloader startup complete
Chain Loading Scripts:G:\Program Files (x86)\steam\steamapps\workshop\content\2135150\3607386330
[Info   :   BepInEx] 1 plugin to load
[Info   :   BepInEx] Loading [BetterEnchants 1.1.0]
[Info   :BetterEnchants] 简易模式: 关闭
[Info   :BetterEnchants] 最大化附魔生成: 已禁用
[Info   :BetterEnchants] 找到 Thing.GetEnchant 方法
[Info   :BetterEnchants] 成功在添加附魔前插入黑名单检查
Exception: Method static System.Reflection.MethodBase BetterEnchants.MaximizeEnchantGenerationPatch::TargetMethod() returned an unexpected result: null
  at HarmonyLib.PatchClassProcessor.RunMethod[S,T] (T defaultIfNotExisting, T defaultIfFailing, System.Func`2[T,TResult] failOnResult, System.Object[] parameters) [0x0010d] in <78c1d5ebcc984a739a6da61ee5e07d42>:0 
Rethrow as HarmonyException: Patching exception in method static System.Reflection.MethodBase BetterEnchants.MaximizeEnchantGenerationPatch::TargetMethod()
  at HarmonyLib.PatchClassProcessor.ReportException (System.Exception exception, System.Reflection.MethodBase original) [0x00045] in <78c1d5ebcc984a739a6da61ee5e07d42>:0 
  at HarmonyLib.PatchClassProcessor.Patch () [0x00095] in <78c1d5ebcc984a739a6da61ee5e07d42>:0 
  at HarmonyLib.Harmony.<PatchAll>b__11_0 (System.Type type) [0x00007] in <78c1d5ebcc984a739a6da61ee5e07d42>:0 
  at HarmonyLib.CollectionExtensions.Do[T] (System.Collections.Generic.IEnumerable`1[T] sequence, System.Action`1[T] action) [0x00014] in <78c1d5ebcc984a739a6da61ee5e07d42>:0 
  at HarmonyLib.Harmony.PatchAll (System.Reflection.Assembly assembly) [0x00006] in <78c1d5ebcc984a739a6da61ee5e07d42>:0 
  at HarmonyLib.Harmony.PatchAll () [0x0001b] in <78c1d5ebcc984a739a6da61ee5e07d42>:0 
  at BetterEnchants.BetterEnchants.Awake () [0x0001b] in <c1bf4eaf2c7d47a2bf3e8d2bde0db6e5>:0 
UnityEngine.GameObject:Internal_AddComponentWithType(GameObject, Type)
UnityEngine.GameObject:AddComponent(Type)
BepInEx.Unity.Bootstrap.UnityChainloader:LoadPlugin(PluginInfo, Assembly)
BepInEx.Bootstrap.BaseChainloader`1:DMD<BepInEx.Bootstrap.BaseChainloader`1[[BepInEx.BaseUnityPlugin, BepInEx.Unity, Version=6.0.0.0, Culture=neutral, PublicKeyToken=null]]::LoadPlugins>(BaseChainloader`1, IList`1)
BepInEx.Bootstrap.BaseChainloader`1:Execute()
BepInEx.<DelayedStart>d__1:MoveNext()
UnityEngine.SetupCoroutine:InvokeMoveNext(IEnumerator, IntPtr)

[Message:   BepInEx] Chainloader startup complete
Chain Loading Scripts:G:\Program Files (x86)\steam\steamapps\workshop\content\2135150\3604316726
[Info   :   BepInEx] 0 plugins to load
[Message:   BepInEx] Chainloader startup complete
Chain Loading Scripts:G:\Program Files (x86)\steam\steamapps\workshop\content\2135150\3609038696
[Info   :   BepInEx] 0 plugins to load
[Message:   BepInEx] Chainloader startup complete
Chain Loading Scripts:G:\Program Files (x86)\steam\steamapps\workshop\content\2135150\3609256708
[Info   :   BepInEx] 0 plugins to load
[Message:   BepInEx] Chainloader startup complete
Chain Loading Scripts:G:\Program Files (x86)\steam\steamapps\workshop\content\2135150\3569844956
[Info   :   BepInEx] 0 plugins to load
[Message:   BepInEx] Chainloader startup complete
Chain Loading Scripts:G:\Program Files (x86)\steam\steamapps\workshop\content\2135150\3605570054
[Info   :   BepInEx] 0 plugins to load
[Message:   BepInEx] Chainloader startup complete
Chain Loading Scripts:G:\Program Files (x86)\steam\steamapps\workshop\content\2135150\3396695393
[Info   :   BepInEx] 1 plugin to load
[Info   :   BepInEx] Loading [Auto Pickup Tent 1.2.4]
[Message:   BepInEx] Chainloader startup complete
Chain Loading Scripts:G:\Program Files (x86)\steam\steamapps\workshop\content\2135150\3601903765
[Info   :   BepInEx] 1 plugin to load
[Info   :   BepInEx] Loading [Batch Processing 1.2.0]
[Message:   BepInEx] Chainloader startup complete
Chain Loading Scripts:G:\Program Files (x86)\steam\steamapps\workshop\content\2135150\3400020855
[Info   :   BepInEx] 1 plugin to load
[Info   :   BepInEx] Loading [YK DevTool 1.0.0]
[Message:   BepInEx] Chainloader startup complete
Chain Loading Scripts:G:\Program Files (x86)\steam\steamapps\workshop\content\2135150\3377641565
[Info   :   BepInEx] 0 plugins to load
[Message:   BepInEx] Chainloader startup complete
Chain Loading Scripts:G:\Program Files (x86)\steam\steamapps\workshop\content\2135150\3420351842
[Info   :   BepInEx] 1 plugin to load
[Info   :   BepInEx] Loading [Restock Tracker 1.1.2]
[Info   :Restock Tracker] Mod: Restock Tracker 1.1.2 is loaded.
[Message:   BepInEx] Chainloader startup complete
Chain Loading Scripts:G:\Program Files (x86)\steam\steamapps\workshop\content\2135150\3598080168
[Info   :   BepInEx] 0 plugins to load
[Message:   BepInEx] Chainloader startup complete
Chain Loading Scripts:G:\Program Files (x86)\steam\steamapps\workshop\content\2135150\3584176502
[Info   :   BepInEx] 0 plugins to load
[Message:   BepInEx] Chainloader startup complete
Chain Loading Scripts:G:\Program Files (x86)\steam\steamapps\workshop\content\2135150\3592062933
[Info   :   BepInEx] 0 plugins to load
[Message:   BepInEx] Chainloader startup complete
Chain Loading Scripts:G:\Program Files (x86)\steam\steamapps\workshop\content\2135150\3594155504
[Info   :   BepInEx] 0 plugins to load
[Message:   BepInEx] Chainloader startup complete
Chain Loading Scripts:G:\Program Files (x86)\steam\steamapps\workshop\content\2135150\3381874947
[Info   :   BepInEx] 1 plugin to load
[Info   :   BepInEx] Loading [BetterIdentifyAll 1.0.0]
[Message:   BepInEx] Chainloader startup complete
Chain Loading Scripts:G:\Program Files (x86)\steam\steamapps\workshop\content\2135150\3370446538
[Info   :   BepInEx] 0 plugins to load
[Message:   BepInEx] Chainloader startup complete
Chain Loading Scripts:G:\Program Files (x86)\steam\steamapps\workshop\content\2135150\3591487518
[Info   :   BepInEx] 0 plugins to load
[Message:   BepInEx] Chainloader startup complete
Chain Loading Scripts:G:\Program Files (x86)\steam\steamapps\workshop\content\2135150\3588842059
[Info   :   BepInEx] 1 plugin to load
[Info   :   BepInEx] Loading [Livestock Trainer 1.0.0]
[Message:   BepInEx] Chainloader startup complete
Chain Loading Scripts:G:\Program Files (x86)\steam\steamapps\workshop\content\2135150\3358081949
[Info   :   BepInEx] 1 plugin to load
[Info   :   BepInEx] Loading [ElinMySister 1.5.2]
[Info   :ElinMySister] ElinMySister (v1.5.2) has been loaded and patched!
[Message:   BepInEx] Chainloader startup complete
Chain Loading Scripts:G:\Program Files (x86)\steam\steamapps\workshop\content\2135150\3587340176
[Info   :   BepInEx] 1 plugin to load
[Info   :   BepInEx] Loading [Elin with AI (Beta) 0.9.16]
[Message:   BepInEx] Chainloader startup complete
Chain Loading Scripts:G:\Program Files (x86)\steam\steamapps\workshop\content\2135150\3590412252
[Info   :   BepInEx] 0 plugins to load
[Message:   BepInEx] Chainloader startup complete
Chain Loading Scripts:G:\Program Files (x86)\steam\steamapps\workshop\content\2135150\3563841222
[Info   :   BepInEx] 1 plugin to load
[Info   :   BepInEx] Loading [PartyMPST 0.23.188]
[Message:   BepInEx] Chainloader startup complete
Chain Loading Scripts:G:\Program Files (x86)\steam\steamapps\workshop\content\2135150\3586332785
[Info   :   BepInEx] 0 plugins to load
[Message:   BepInEx] Chainloader startup complete
Chain Loading Scripts:G:\Program Files (x86)\steam\steamapps\workshop\content\2135150\3555582126
[Info   :   BepInEx] 1 plugin to load
[Info   :   BepInEx] Loading [CombatStatsDisplay 0.23.187]
[Message:   BepInEx] Chainloader startup complete
Chain Loading Scripts:G:\Program Files (x86)\steam\steamapps\workshop\content\2135150\3390103964
[Info   :   BepInEx] 0 plugins to load
[Message:   BepInEx] Chainloader startup complete
Chain Loading Scripts:G:\Program Files (x86)\steam\steamapps\workshop\content\2135150\3458272812
[Info   :   BepInEx] 1 plugin to load
[Info   :   BepInEx] Loading [Panda's Dynamic Ether Disease Mod 1.0.0]
[Message:   BepInEx] Chainloader startup complete
Chain Loading Scripts:G:\Program Files (x86)\steam\steamapps\common\Elin\Package\Mod_Donakoko
[Info   :   BepInEx] 1 plugin to load
[Info   :   BepInEx] Loading [Donakoko Great Adventure 1.3.0]
[Message:   BepInEx] Chainloader startup complete
Chain Loading Scripts:G:\Program Files (x86)\steam\steamapps\workshop\content\2135150\3363119351
[Info   :   BepInEx] 0 plugins to load
[Message:   BepInEx] Chainloader startup complete
Chain Loading Scripts:G:\Program Files (x86)\steam\steamapps\workshop\content\2135150\3583118672
[Info   :   BepInEx] 0 plugins to load
[Message:   BepInEx] Chainloader startup complete
Chain Loading Scripts:G:\Program Files (x86)\steam\steamapps\workshop\content\2135150\3577544726
[Info   :   BepInEx] 1 plugin to load
[Info   :   BepInEx] Loading [背刺模块 1.0.0]
[Message:   BepInEx] Chainloader startup complete
Chain Loading Scripts:G:\Program Files (x86)\steam\steamapps\workshop\content\2135150\3463715619
[Info   :   BepInEx] 0 plugins to load
[Message:   BepInEx] Chainloader startup complete
Chain Loading Scripts:G:\Program Files (x86)\steam\steamapps\workshop\content\2135150\3581106835
[Info   :   BepInEx] 0 plugins to load
[Message:   BepInEx] Chainloader startup complete
Chain Loading Scripts:G:\Program Files (x86)\steam\steamapps\workshop\content\2135150\3577715621
[Info   :   BepInEx] 0 plugins to load
[Message:   BepInEx] Chainloader startup complete
Chain Loading Scripts:G:\Program Files (x86)\steam\steamapps\workshop\content\2135150\3575567264
[Info   :   BepInEx] 0 plugins to load
[Message:   BepInEx] Chainloader startup complete
Chain Loading Scripts:G:\Program Files (x86)\steam\steamapps\workshop\content\2135150\3575419131
[Info   :   BepInEx] 0 plugins to load
[Message:   BepInEx] Chainloader startup complete
Chain Loading Scripts:G:\Program Files (x86)\steam\steamapps\workshop\content\2135150\3576937349
[Info   :   BepInEx] 0 plugins to load
[Message:   BepInEx] Chainloader startup complete
Chain Loading Scripts:G:\Program Files (x86)\steam\steamapps\workshop\content\2135150\3369491820
[Info   :   BepInEx] 0 plugins to load
[Message:   BepInEx] Chainloader startup complete
Chain Loading Scripts:G:\Program Files (x86)\steam\steamapps\workshop\content\2135150\3578346078
[Info   :   BepInEx] 0 plugins to load
[Message:   BepInEx] Chainloader startup complete
Chain Loading Scripts:G:\Program Files (x86)\steam\steamapps\workshop\content\2135150\3578757425
[Info   :   BepInEx] 2 plugins to load
[Info   :   BepInEx] Loading [YK Framework 1.0.0]
[Info   :   BepInEx] Loading [AutoBuy 1.0.0]
[Message:   BepInEx] Chainloader startup complete
Chain Loading Scripts:G:\Program Files (x86)\steam\steamapps\workshop\content\2135150\3382422457
[Info   :   BepInEx] 0 plugins to load
[Message:   BepInEx] Chainloader startup complete
Chain Loading Scripts:G:\Program Files (x86)\steam\steamapps\workshop\content\2135150\3389336399
[Info   :   BepInEx] 0 plugins to load
[Message:   BepInEx] Chainloader startup complete
Chain Loading Scripts:G:\Program Files (x86)\steam\steamapps\workshop\content\2135150\3562763921
[Info   :   BepInEx] 0 plugins to load
[Message:   BepInEx] Chainloader startup complete
Chain Loading Scripts:G:\Program Files (x86)\steam\steamapps\workshop\content\2135150\3572920591
[Info   :   BepInEx] 0 plugins to load
[Message:   BepInEx] Chainloader startup complete
Chain Loading Scripts:G:\Program Files (x86)\steam\steamapps\workshop\content\2135150\3569713204
[Info   :   BepInEx] 0 plugins to load
[Message:   BepInEx] Chainloader startup complete
Chain Loading Scripts:G:\Program Files (x86)\steam\steamapps\workshop\content\2135150\3465102684
[Info   :   BepInEx] 1 plugin to load
[Info   :   BepInEx] Loading [ItemSellValue 1.1.0]
[Message:   BepInEx] Chainloader startup complete
Chain Loading Scripts:G:\Program Files (x86)\steam\steamapps\workshop\content\2135150\3559672430
[Info   :   BepInEx] 1 plugin to load
[Info   :   BepInEx] Loading [PlantDoctor 0.1.0]
[Info   :PlantDoctor] [PlantDoctor] Loaded
[Message:   BepInEx] Chainloader startup complete
Chain Loading Scripts:G:\Program Files (x86)\steam\steamapps\workshop\content\2135150\3573422590
[Info   :   BepInEx] 1 plugin to load
[Info   :   BepInEx] Loading [TourismList 1.0.0]
[Info   :TourismList] Plugin [TourismList] is loading!
[Info   :TourismList] Applying patches for [TourismList] plugin.
[Info   :TourismList] Generating configuration for <TourismList> plugin...
[Info   :TourismList] Successfully generated configuration for <TourismList> plugin.
[Info   :TourismList] Applying patches for [TourismList] plugin.
[Info   :TourismList] Successfully applied patches for [TourismList] plugin.
[Info   :TourismList] Plugin [TourismList] is loaded!
[Message:   BepInEx] Chainloader startup complete
Chain Loading Scripts:G:\Program Files (x86)\steam\steamapps\workshop\content\2135150\3552528878
[Info   :   BepInEx] 0 plugins to load
[Message:   BepInEx] Chainloader startup complete
Chain Loading Scripts:G:\Program Files (x86)\steam\steamapps\workshop\content\2135150\3559219748
[Info   :   BepInEx] 0 plugins to load
[Message:   BepInEx] Chainloader startup complete
Chain Loading Scripts:G:\Program Files (x86)\steam\steamapps\workshop\content\2135150\3558121593
[Info   :   BepInEx] 0 plugins to load
[Message:   BepInEx] Chainloader startup complete
Chain Loading Scripts:G:\Program Files (x86)\steam\steamapps\workshop\content\2135150\3565119681
[Info   :   BepInEx] 0 plugins to load
[Message:   BepInEx] Chainloader startup complete
Chain Loading Scripts:G:\Program Files (x86)\steam\steamapps\workshop\content\2135150\3561260845
[Info   :   BepInEx] 1 plugin to load
[Info   :   BepInEx] Loading [CustomAI 0.1.9]
[Message:   BepInEx] Chainloader startup complete
Chain Loading Scripts:G:\Program Files (x86)\steam\steamapps\workshop\content\2135150\3556823279
[Info   :   BepInEx] 1 plugin to load
[Info   :   BepInEx] Loading [EXP Notifier 0.23.188]
[Info   :EXP Notifier] EXP Notifier Plugin Initialized!
[Message:   BepInEx] Chainloader startup complete
Chain Loading Scripts:G:\Program Files (x86)\steam\steamapps\workshop\content\2135150\3556166802
[Info   :   BepInEx] 0 plugins to load
[Message:   BepInEx] Chainloader startup complete
Chain Loading Scripts:G:\Program Files (x86)\steam\steamapps\workshop\content\2135150\3561735728
[Info   :   BepInEx] 0 plugins to load
[Message:   BepInEx] Chainloader startup complete
Chain Loading Scripts:G:\Program Files (x86)\steam\steamapps\workshop\content\2135150\3573414316
[Info   :   BepInEx] 0 plugins to load
[Message:   BepInEx] Chainloader startup complete
Chain Loading Scripts:G:\Program Files (x86)\steam\steamapps\workshop\content\2135150\3377482814
[Info   :   BepInEx] 0 plugins to load
[Message:   BepInEx] Chainloader startup complete
Chain Loading Scripts:G:\Program Files (x86)\steam\steamapps\workshop\content\2135150\3444317871
[Info   :   BepInEx] 0 plugins to load
[Message:   BepInEx] Chainloader startup complete
Chain Loading Scripts:G:\Program Files (x86)\steam\steamapps\workshop\content\2135150\3362033184
[Info   :   BepInEx] 0 plugins to load
[Message:   BepInEx] Chainloader startup complete
Chain Loading Scripts:G:\Program Files (x86)\steam\steamapps\workshop\content\2135150\3541116983
[Info   :   BepInEx] 0 plugins to load
[Message:   BepInEx] Chainloader startup complete
Chain Loading Scripts:G:\Program Files (x86)\steam\steamapps\workshop\content\2135150\3536605980
[Info   :   BepInEx] 0 plugins to load
[Message:   BepInEx] Chainloader startup complete
Chain Loading Scripts:G:\Program Files (x86)\steam\steamapps\workshop\content\2135150\3543780373
[Info   :   BepInEx] 0 plugins to load
[Message:   BepInEx] Chainloader startup complete
Chain Loading Scripts:G:\Program Files (x86)\steam\steamapps\workshop\content\2135150\3545127059
[Info   :   BepInEx] 0 plugins to load
[Message:   BepInEx] Chainloader startup complete
Chain Loading Scripts:G:\Program Files (x86)\steam\steamapps\workshop\content\2135150\3549178780
[Info   :   BepInEx] 0 plugins to load
[Message:   BepInEx] Chainloader startup complete
Chain Loading Scripts:G:\Program Files (x86)\steam\steamapps\workshop\content\2135150\3536272458
[Info   :   BepInEx] 0 plugins to load
[Message:   BepInEx] Chainloader startup complete
Chain Loading Scripts:G:\Program Files (x86)\steam\steamapps\workshop\content\2135150\3545937592
[Info   :   BepInEx] 0 plugins to load
[Message:   BepInEx] Chainloader startup complete
Chain Loading Scripts:G:\Program Files (x86)\steam\steamapps\workshop\content\2135150\3542999027
[Info   :   BepInEx] 0 plugins to load
[Message:   BepInEx] Chainloader startup complete
Chain Loading Scripts:G:\Program Files (x86)\steam\steamapps\workshop\content\2135150\3541688520
[Info   :   BepInEx] 0 plugins to load
[Message:   BepInEx] Chainloader startup complete
Chain Loading Scripts:G:\Program Files (x86)\steam\steamapps\workshop\content\2135150\3534264350
[Info   :   BepInEx] 0 plugins to load
[Message:   BepInEx] Chainloader startup complete
Chain Loading Scripts:G:\Program Files (x86)\steam\steamapps\workshop\content\2135150\3537964979
[Info   :   BepInEx] 0 plugins to load
[Message:   BepInEx] Chainloader startup complete
Chain Loading Scripts:G:\Program Files (x86)\steam\steamapps\workshop\content\2135150\3538425497
[Info   :   BepInEx] 0 plugins to load
[Message:   BepInEx] Chainloader startup complete
Chain Loading Scripts:G:\Program Files (x86)\steam\steamapps\workshop\content\2135150\3384991028
[Info   :   BepInEx] 0 plugins to load
[Message:   BepInEx] Chainloader startup complete
Chain Loading Scripts:G:\Program Files (x86)\steam\steamapps\workshop\content\2135150\3383563672
[Info   :   BepInEx] 0 plugins to load
[Message:   BepInEx] Chainloader startup complete
Chain Loading Scripts:G:\Program Files (x86)\steam\steamapps\workshop\content\2135150\3374408312
[Info   :   BepInEx] 1 plugin to load
[Info   :   BepInEx] Loading [ModTest00000000 1.0.0]
[Message:   BepInEx] Chainloader startup complete
Chain Loading Scripts:G:\Program Files (x86)\steam\steamapps\workshop\content\2135150\3372589196
[Info   :   BepInEx] 1 plugin to load
[Info   :   BepInEx] Loading [Party Salary Mod 1.4.0]
[Message:   BepInEx] Chainloader startup complete
Chain Loading Scripts:G:\Program Files (x86)\steam\steamapps\workshop\content\2135150\3373664611
[Info   :   BepInEx] 0 plugins to load
[Message:   BepInEx] Chainloader startup complete
Chain Loading Scripts:G:\Program Files (x86)\steam\steamapps\workshop\content\2135150\3371881685
[Info   :   BepInEx] 1 plugin to load
[Info   :   BepInEx] Loading [SayPietyAfterOffered 1.0.0]
[Message:   BepInEx] Chainloader startup complete
Chain Loading Scripts:G:\Program Files (x86)\steam\steamapps\workshop\content\2135150\3372869571
[Info   :   BepInEx] 1 plugin to load
[Info   :   BepInEx] Loading [elin_spell_book_note 1.0.0]
[Message:elin_spell_book_note] elin_spell_book_note v1.0.0 Loaded!
[Message:   BepInEx] Chainloader startup complete
Chain Loading Scripts:G:\Program Files (x86)\steam\steamapps\workshop\content\2135150\3372598874
[Info   :   BepInEx] 1 plugin to load
[Info   :   BepInEx] Loading [Inspect Everything 1.0.0]
[Message:   BepInEx] Chainloader startup complete
Chain Loading Scripts:G:\Program Files (x86)\steam\steamapps\workshop\content\2135150\3372367175
[Info   :   BepInEx] 1 plugin to load
[Info   :   BepInEx] Loading [FoodParameter 1.1.0]
[Message:   BepInEx] Chainloader startup complete
Chain Loading Scripts:G:\Program Files (x86)\steam\steamapps\workshop\content\2135150\3528820592
[Info   :   BepInEx] 0 plugins to load
[Message:   BepInEx] Chainloader startup complete
Chain Loading Scripts:G:\Program Files (x86)\steam\steamapps\workshop\content\2135150\3530066018
[Info   :   BepInEx] 0 plugins to load
[Message:   BepInEx] Chainloader startup complete
Chain Loading Scripts:G:\Program Files (x86)\steam\steamapps\workshop\content\2135150\3530450153
[Info   :   BepInEx] 0 plugins to load
[Message:   BepInEx] Chainloader startup complete
Chain Loading Scripts:G:\Program Files (x86)\steam\steamapps\workshop\content\2135150\3530887829
[Info   :   BepInEx] 1 plugin to load
[Info   :   BepInEx] Loading [YikArena 1.0.0]
[Message:   BepInEx] Chainloader startup complete
Chain Loading Scripts:G:\Program Files (x86)\steam\steamapps\workshop\content\2135150\3528646527
[Info   :   BepInEx] 1 plugin to load
[Info   :   BepInEx] Loading [ResidentInfo 1.0.0]
[Info   :ResidentInfo] Plugin ResidentInfo is loaded!
[Info   :ResidentInfo] Patched BaseListPeople.OnInstantiate to always show chara sheet button.
[Message:   BepInEx] Chainloader startup complete
Chain Loading Scripts:G:\Program Files (x86)\steam\steamapps\workshop\content\2135150\3521373815
[Info   :   BepInEx] 0 plugins to load
[Message:   BepInEx] Chainloader startup complete
Chain Loading Scripts:G:\Program Files (x86)\steam\steamapps\workshop\content\2135150\3467596662
[Info   :   BepInEx] 0 plugins to load
[Message:   BepInEx] Chainloader startup complete
Chain Loading Scripts:G:\Program Files (x86)\steam\steamapps\workshop\content\2135150\3480392411
[Info   :   BepInEx] 0 plugins to load
[Message:   BepInEx] Chainloader startup complete
Chain Loading Scripts:G:\Program Files (x86)\steam\steamapps\workshop\content\2135150\3480392278
[Info   :   BepInEx] 0 plugins to load
[Message:   BepInEx] Chainloader startup complete
Chain Loading Scripts:G:\Program Files (x86)\steam\steamapps\workshop\content\2135150\3478056217
[Info   :   BepInEx] 0 plugins to load
[Message:   BepInEx] Chainloader startup complete
Chain Loading Scripts:G:\Program Files (x86)\steam\steamapps\workshop\content\2135150\3477606066
[Info   :   BepInEx] 0 plugins to load
[Message:   BepInEx] Chainloader startup complete
Chain Loading Scripts:G:\Program Files (x86)\steam\steamapps\workshop\content\2135150\3476878681
[Info   :   BepInEx] 0 plugins to load
[Message:   BepInEx] Chainloader startup complete
Chain Loading Scripts:G:\Program Files (x86)\steam\steamapps\workshop\content\2135150\3475254676
[Info   :   BepInEx] 0 plugins to load
[Message:   BepInEx] Chainloader startup complete
Chain Loading Scripts:G:\Program Files (x86)\steam\steamapps\workshop\content\2135150\3474947476
[Info   :   BepInEx] 0 plugins to load
[Message:   BepInEx] Chainloader startup complete
Chain Loading Scripts:G:\Program Files (x86)\steam\steamapps\workshop\content\2135150\3463927093
[Info   :   BepInEx] 0 plugins to load
[Message:   BepInEx] Chainloader startup complete
Chain Loading Scripts:G:\Program Files (x86)\steam\steamapps\workshop\content\2135150\3481552007
[Info   :   BepInEx] 0 plugins to load
[Message:   BepInEx] Chainloader startup complete
Chain Loading Scripts:G:\Program Files (x86)\steam\steamapps\workshop\content\2135150\3464347430
[Info   :   BepInEx] 0 plugins to load
[Message:   BepInEx] Chainloader startup complete
Chain Loading Scripts:G:\Program Files (x86)\steam\steamapps\workshop\content\2135150\3465665987
[Info   :   BepInEx] 0 plugins to load
[Message:   BepInEx] Chainloader startup complete
Chain Loading Scripts:G:\Program Files (x86)\steam\steamapps\workshop\content\2135150\3465736699
[Info   :   BepInEx] 0 plugins to load
[Message:   BepInEx] Chainloader startup complete
Chain Loading Scripts:G:\Program Files (x86)\steam\steamapps\workshop\content\2135150\3466395991
[Info   :   BepInEx] 0 plugins to load
[Message:   BepInEx] Chainloader startup complete
Chain Loading Scripts:G:\Program Files (x86)\steam\steamapps\workshop\content\2135150\3466765662
[Info   :   BepInEx] 0 plugins to load
[Message:   BepInEx] Chainloader startup complete
Chain Loading Scripts:G:\Program Files (x86)\steam\steamapps\workshop\content\2135150\3467116666
[Info   :   BepInEx] 1 plugin to load
[Info   :   BepInEx] Loading [SmartAbilities 1.1.3]
[KKSmartAbilities] Found target method for transpiler: int GoalCombat+<>c__DisplayClass23_0::<TryUseAbility>g__GetAttackMod|5(Act a)
[KKSmartAbilities] Transpiler successfully patched GetAttackMod call at index 728.
[KKSmartAbilities] Transpiler successfully patched GetAttackMod call at index 837.
[Info   :SmartAbilities] SmartAbilities (v1.1.3) has been loaded!
[Message:   BepInEx] Chainloader startup complete
Chain Loading Scripts:G:\Program Files (x86)\steam\steamapps\workshop\content\2135150\3467507802
[Info   :   BepInEx] 1 plugin to load
[Info   :   BepInEx] Loading [H7 Mo' Levels Mo' Oren 0.1.0]
[Message:   BepInEx] Chainloader startup complete
Chain Loading Scripts:G:\Program Files (x86)\steam\steamapps\workshop\content\2135150\3468604730
[Info   :   BepInEx] 1 plugin to load
[Info   :   BepInEx] Loading [AddLittleInfo 1.0.5]
[Message:   BepInEx] Chainloader startup complete
Chain Loading Scripts:G:\Program Files (x86)\steam\steamapps\workshop\content\2135150\3469550749
[Info   :   BepInEx] 1 plugin to load
[Info   :   BepInEx] Loading [BaggageFirst 1.0.1]
[Message:   BepInEx] Chainloader startup complete
Chain Loading Scripts:G:\Program Files (x86)\steam\steamapps\workshop\content\2135150\3471213421
[Info   :   BepInEx] 0 plugins to load
[Message:   BepInEx] Chainloader startup complete
Chain Loading Scripts:G:\Program Files (x86)\steam\steamapps\workshop\content\2135150\3472588197
[Info   :   BepInEx] 0 plugins to load
[Message:   BepInEx] Chainloader startup complete
Chain Loading Scripts:G:\Program Files (x86)\steam\steamapps\workshop\content\2135150\3465041612
[Info   :   BepInEx] 0 plugins to load
[Message:   BepInEx] Chainloader startup complete
Chain Loading Scripts:G:\Program Files (x86)\steam\steamapps\workshop\content\2135150\3482460678
[Info   :   BepInEx] 0 plugins to load
[Message:   BepInEx] Chainloader startup complete
Chain Loading Scripts:G:\Program Files (x86)\steam\steamapps\workshop\content\2135150\3526188651
[Info   :   BepInEx] 0 plugins to load
[Message:   BepInEx] Chainloader startup complete
Chain Loading Scripts:G:\Program Files (x86)\steam\steamapps\workshop\content\2135150\3484801736
[Info   :   BepInEx] 0 plugins to load
[Message:   BepInEx] Chainloader startup complete
Chain Loading Scripts:G:\Program Files (x86)\steam\steamapps\workshop\content\2135150\3520338982
[Info   :   BepInEx] 0 plugins to load
[Message:   BepInEx] Chainloader startup complete
Chain Loading Scripts:G:\Program Files (x86)\steam\steamapps\workshop\content\2135150\3516940058
[Info   :   BepInEx] 0 plugins to load
[Message:   BepInEx] Chainloader startup complete
Chain Loading Scripts:G:\Program Files (x86)\steam\steamapps\workshop\content\2135150\3516916695
[Info   :   BepInEx] 1 plugin to load
[Info   :   BepInEx] Loading [DisplayNaughtyBook 1.0.0]
[Message:   BepInEx] Chainloader startup complete
Chain Loading Scripts:G:\Program Files (x86)\steam\steamapps\workshop\content\2135150\3510483126
[Info   :   BepInEx] 1 plugin to load
[Info   :   BepInEx] Loading [AbsolutelyWishing 1.0.0]
[Message:   BepInEx] Chainloader startup complete
Chain Loading Scripts:G:\Program Files (x86)\steam\steamapps\workshop\content\2135150\3510217680
[Info   :   BepInEx] 0 plugins to load
[Message:   BepInEx] Chainloader startup complete
Chain Loading Scripts:G:\Program Files (x86)\steam\steamapps\workshop\content\2135150\3507890814
[Info   :   BepInEx] 0 plugins to load
[Message:   BepInEx] Chainloader startup complete
Chain Loading Scripts:G:\Program Files (x86)\steam\steamapps\workshop\content\2135150\3504498305
[Info   :   BepInEx] 0 plugins to load
[Message:   BepInEx] Chainloader startup complete
Chain Loading Scripts:G:\Program Files (x86)\steam\steamapps\workshop\content\2135150\3497485144
[Info   :   BepInEx] 0 plugins to load
[Message:   BepInEx] Chainloader startup complete
Chain Loading Scripts:G:\Program Files (x86)\steam\steamapps\workshop\content\2135150\3472588286
[Info   :   BepInEx] 0 plugins to load
[Message:   BepInEx] Chainloader startup complete
Chain Loading Scripts:G:\Program Files (x86)\steam\steamapps\workshop\content\2135150\3494466024
[Info   :   BepInEx] 0 plugins to load
[Message:   BepInEx] Chainloader startup complete
Chain Loading Scripts:G:\Program Files (x86)\steam\steamapps\workshop\content\2135150\3494168375
[Info   :   BepInEx] 1 plugin to load
[Info   :   BepInEx] Loading [BA_natsu 1.0.0]
[Info   :  BA_natsu] 柚鸟夏补丁激活成功
[Message:   BepInEx] Chainloader startup complete
Chain Loading Scripts:G:\Program Files (x86)\steam\steamapps\workshop\content\2135150\3493493943
[Info   :   BepInEx] 0 plugins to load
[Message:   BepInEx] Chainloader startup complete
Chain Loading Scripts:G:\Program Files (x86)\steam\steamapps\workshop\content\2135150\3493145983
[Info   :   BepInEx] 0 plugins to load
[Message:   BepInEx] Chainloader startup complete
Chain Loading Scripts:G:\Program Files (x86)\steam\steamapps\workshop\content\2135150\3492030894
[Info   :   BepInEx] 0 plugins to load
[Message:   BepInEx] Chainloader startup complete
Chain Loading Scripts:G:\Program Files (x86)\steam\steamapps\workshop\content\2135150\3490464813
[Info   :   BepInEx] 0 plugins to load
[Message:   BepInEx] Chainloader startup complete
Chain Loading Scripts:G:\Program Files (x86)\steam\steamapps\workshop\content\2135150\3490464722
[Info   :   BepInEx] 0 plugins to load
[Message:   BepInEx] Chainloader startup complete
Chain Loading Scripts:G:\Program Files (x86)\steam\steamapps\workshop\content\2135150\3486688871
[Info   :   BepInEx] 0 plugins to load
[Message:   BepInEx] Chainloader startup complete
Chain Loading Scripts:G:\Program Files (x86)\steam\steamapps\workshop\content\2135150\3486086882
[Info   :   BepInEx] 0 plugins to load
[Message:   BepInEx] Chainloader startup complete
Chain Loading Scripts:G:\Program Files (x86)\steam\steamapps\workshop\content\2135150\3485758449
[Info   :   BepInEx] 1 plugin to load
[Info   :   BepInEx] Loading [Infinity War Horn 1.0.0]
[Info   :Infinity War Horn] IR patched
[Message:   BepInEx] Chainloader startup complete
Chain Loading Scripts:G:\Program Files (x86)\steam\steamapps\workshop\content\2135150\3472723314
[Info   :   BepInEx] 0 plugins to load
[Message:   BepInEx] Chainloader startup complete
Chain Loading Scripts:G:\Program Files (x86)\steam\steamapps\workshop\content\2135150\3462715812
[Info   :   BepInEx] 0 plugins to load
[Message:   BepInEx] Chainloader startup complete
Chain Loading Scripts:G:\Program Files (x86)\steam\steamapps\workshop\content\2135150\3366811232
[Info   :   BepInEx] 1 plugin to load
[Info   :   BepInEx] Loading [GodArtifactLimitRemoveModVersion 1.0.0]
[Message:   BepInEx] Chainloader startup complete
Chain Loading Scripts:G:\Program Files (x86)\steam\steamapps\workshop\content\2135150\3369349447
[Info   :   BepInEx] 0 plugins to load
[Message:   BepInEx] Chainloader startup complete
Chain Loading Scripts:G:\Program Files (x86)\steam\steamapps\workshop\content\2135150\3369127468
[Info   :   BepInEx] 1 plugin to load
[Info   :   BepInEx] Loading [AlliesCatchThrownFood 1.0.0]
[Message:   BepInEx] Chainloader startup complete
Chain Loading Scripts:G:\Program Files (x86)\steam\steamapps\workshop\content\2135150\3368080692
[Info   :   BepInEx] 0 plugins to load
[Message:   BepInEx] Chainloader startup complete
Chain Loading Scripts:G:\Program Files (x86)\steam\steamapps\workshop\content\2135150\3358087279
[Info   :   BepInEx] 1 plugin to load
[Info   :   BepInEx] Loading [StackableTool 1.0.0]
[Message:   BepInEx] Chainloader startup complete
Chain Loading Scripts:G:\Program Files (x86)\steam\steamapps\workshop\content\2135150\3365563490
[Info   :   BepInEx] 0 plugins to load
[Message:   BepInEx] Chainloader startup complete
Chain Loading Scripts:G:\Program Files (x86)\steam\steamapps\workshop\content\2135150\3359571755
[Info   :   BepInEx] 1 plugin to load
[Info   :   BepInEx] Loading [EtherDiseaseNotification 1.0.0]
[Message:   BepInEx] Chainloader startup complete
Chain Loading Scripts:G:\Program Files (x86)\steam\steamapps\workshop\content\2135150\3358085540
[Info   :   BepInEx] 1 plugin to load
[Info   :   BepInEx] Loading [AnyStethoscope 1.0.0]
[Message:   BepInEx] Chainloader startup complete
Chain Loading Scripts:G:\Program Files (x86)\steam\steamapps\workshop\content\2135150\3363283268
[Info   :   BepInEx] 1 plugin to load
[Info   :   BepInEx] Loading [QuestTimer 1.0.0]
[Message:   BepInEx] Chainloader startup complete
Chain Loading Scripts:G:\Program Files (x86)\steam\steamapps\workshop\content\2135150\3360525192
[Info   :   BepInEx] 0 plugins to load
[Message:   BepInEx] Chainloader startup complete
Chain Loading Scripts:G:\Program Files (x86)\steam\steamapps\workshop\content\2135150\3360525261
[Info   :   BepInEx] 0 plugins to load
[Message:   BepInEx] Chainloader startup complete
Chain Loading Scripts:G:\Program Files (x86)\steam\steamapps\workshop\content\2135150\3374656094
[Info   :   BepInEx] 1 plugin to load
[Info   :   BepInEx] Loading [EnchantValueDisplay 1.0.0]
[Message:   BepInEx] Chainloader startup complete
Chain Loading Scripts:G:\Program Files (x86)\steam\steamapps\workshop\content\2135150\3385597428
[Info   :   BepInEx] 0 plugins to load
[Message:   BepInEx] Chainloader startup complete
Chain Loading Scripts:G:\Program Files (x86)\steam\steamapps\workshop\content\2135150\3376922889
[Info   :   BepInEx] 1 plugin to load
[Info   :   BepInEx] Loading [HugMe 1.0.0]
[Message:   BepInEx] Chainloader startup complete
Chain Loading Scripts:G:\Program Files (x86)\steam\steamapps\workshop\content\2135150\3385442190
[Info   :   BepInEx] 0 plugins to load
[Message:   BepInEx] Chainloader startup complete
Chain Loading Scripts:G:\Program Files (x86)\steam\steamapps\workshop\content\2135150\3438965434
[Info   :   BepInEx] 0 plugins to load
[Message:   BepInEx] Chainloader startup complete
Chain Loading Scripts:G:\Program Files (x86)\steam\steamapps\workshop\content\2135150\3384670717
[Info   :   BepInEx] 0 plugins to load
[Message:   BepInEx] Chainloader startup complete
Chain Loading Scripts:G:\Program Files (x86)\steam\steamapps\workshop\content\2135150\3454320605
[Info   :   BepInEx] 0 plugins to load
[Message:   BepInEx] Chainloader startup complete
Chain Loading Scripts:G:\Program Files (x86)\steam\steamapps\workshop\content\2135150\3384121582
[Info   :   BepInEx] 1 plugin to load
[Info   :   BepInEx] Loading [PartyTalk 1.1.0]
[Message:   BepInEx] Chainloader startup complete
Chain Loading Scripts:G:\Program Files (x86)\steam\steamapps\workshop\content\2135150\3383191390
[Info   :   BepInEx] 1 plugin to load
[Info   :   BepInEx] Loading [Christmas Red Saber - Custom Adventurer 1.0.0]
[Message:   BepInEx] Chainloader startup complete
Chain Loading Scripts:G:\Program Files (x86)\steam\steamapps\workshop\content\2135150\3383173590
[Info   :   BepInEx] 1 plugin to load
[Info   :   BepInEx] Loading [No Random Quest Limit 1.0.0]
[Message:   BepInEx] Chainloader startup complete
Chain Loading Scripts:G:\Program Files (x86)\steam\steamapps\workshop\content\2135150\3383166653
[Info   :   BepInEx] 0 plugins to load
[Message:   BepInEx] Chainloader startup complete
Chain Loading Scripts:G:\Program Files (x86)\steam\steamapps\workshop\content\2135150\3381058285
[Info   :   BepInEx] 1 plugin to load
[Info   :   BepInEx] Loading [Adoption 1.0.0]
[Info   :  Adoption] TAO Adoption loaded!
[Message:   BepInEx] Chainloader startup complete
Chain Loading Scripts:G:\Program Files (x86)\steam\steamapps\workshop\content\2135150\3376525381
[Info   :   BepInEx] 1 plugin to load
[Info   :   BepInEx] Loading [StackableAging 1.0.0]
[Message:   BepInEx] Chainloader startup complete
Chain Loading Scripts:G:\Program Files (x86)\steam\steamapps\workshop\content\2135150\3380616117
[Info   :   BepInEx] 1 plugin to load
[Info   :   BepInEx] Loading [ExParticle 1.0.0]
[Message:   BepInEx] Chainloader startup complete
Chain Loading Scripts:G:\Program Files (x86)\steam\steamapps\workshop\content\2135150\3373995503
[Info   :   BepInEx] 0 plugins to load
[Message:   BepInEx] Chainloader startup complete
Chain Loading Scripts:G:\Program Files (x86)\steam\steamapps\workshop\content\2135150\3380405884
[Info   :   BepInEx] 1 plugin to load
[Info   :   BepInEx] Loading [AdvTrainForRematch 1.0.0]
[Message:   BepInEx] Chainloader startup complete
Chain Loading Scripts:G:\Program Files (x86)\steam\steamapps\workshop\content\2135150\3380350255
[Info   :   BepInEx] 1 plugin to load
[Info   :   BepInEx] Loading [Kubrika 1.0.0]
[Message:   BepInEx] Chainloader startup complete
Chain Loading Scripts:G:\Program Files (x86)\steam\steamapps\workshop\content\2135150\3380127472
[Info   :   BepInEx] 1 plugin to load
[Info   :   BepInEx] Loading [CustomAdvMutsumi 1.2.0]
[Message:   BepInEx] Chainloader startup complete
Chain Loading Scripts:G:\Program Files (x86)\steam\steamapps\workshop\content\2135150\3379829493
[Info   :   BepInEx] 1 plugin to load
[Info   :   BepInEx] Loading [ElinHarvestEvent 1.0.0]
[Message:   BepInEx] Chainloader startup complete
Chain Loading Scripts:G:\Program Files (x86)\steam\steamapps\workshop\content\2135150\3379739374
[Info   :   BepInEx] 1 plugin to load
[Info   :   BepInEx] Loading [MimiStat 1.0.0]
[Message:   BepInEx] Chainloader startup complete
Chain Loading Scripts:G:\Program Files (x86)\steam\steamapps\workshop\content\2135150\3379612218
[Info   :   BepInEx] 1 plugin to load
[Info   :   BepInEx] Loading [PresentForU 1.0.0]
[Message:   BepInEx] Chainloader startup complete
Chain Loading Scripts:G:\Program Files (x86)\steam\steamapps\workshop\content\2135150\3378519489
[Warning:   BepInEx] Skipping over type [yzSE_postSpawn] as no metadata attribute is specified
[Info   :   BepInEx] 1 plugin to load
[Info   :   BepInEx] Loading [SwarmEvent 1.0.0]
[Message:   BepInEx] Chainloader startup complete
Chain Loading Scripts:G:\Program Files (x86)\steam\steamapps\workshop\content\2135150\3437023418
[Info   :   BepInEx] 0 plugins to load
[Message:   BepInEx] Chainloader startup complete
Chain Loading Scripts:G:\Program Files (x86)\steam\steamapps\workshop\content\2135150\3359533667
[Info   :   BepInEx] 0 plugins to load
[Message:   BepInEx] Chainloader startup complete
Chain Loading Scripts:G:\Program Files (x86)\steam\steamapps\workshop\content\2135150\3427795825
[Info   :   BepInEx] 0 plugins to load
[Message:   BepInEx] Chainloader startup complete
Chain Loading Scripts:G:\Program Files (x86)\steam\steamapps\workshop\content\2135150\3421551283
[Info   :   BepInEx] 0 plugins to load
[Message:   BepInEx] Chainloader startup complete
Chain Loading Scripts:G:\Program Files (x86)\steam\steamapps\workshop\content\2135150\3383463780
[Info   :   BepInEx] 0 plugins to load
[Message:   BepInEx] Chainloader startup complete
Chain Loading Scripts:G:\Program Files (x86)\steam\steamapps\workshop\content\2135150\3421937885
[Info   :   BepInEx] 0 plugins to load
[Message:   BepInEx] Chainloader startup complete
Chain Loading Scripts:G:\Program Files (x86)\steam\steamapps\workshop\content\2135150\3430743817
[Info   :   BepInEx] 0 plugins to load
[Message:   BepInEx] Chainloader startup complete
Chain Loading Scripts:G:\Program Files (x86)\steam\steamapps\workshop\content\2135150\3431434458
[Info   :   BepInEx] 0 plugins to load
[Message:   BepInEx] Chainloader startup complete
Chain Loading Scripts:G:\Program Files (x86)\steam\steamapps\workshop\content\2135150\3371102352
[Info   :   BepInEx] 0 plugins to load
[Message:   BepInEx] Chainloader startup complete
Chain Loading Scripts:G:\Program Files (x86)\steam\steamapps\workshop\content\2135150\3378534811
[Info   :   BepInEx] 0 plugins to load
[Message:   BepInEx] Chainloader startup complete
Chain Loading Scripts:G:\Program Files (x86)\steam\steamapps\workshop\content\2135150\3373776661
[Info   :   BepInEx] 0 plugins to load
[Message:   BepInEx] Chainloader startup complete
Chain Loading Scripts:G:\Program Files (x86)\steam\steamapps\workshop\content\2135150\3381629593
[Info   :   BepInEx] 0 plugins to load
[Message:   BepInEx] Chainloader startup complete
Chain Loading Scripts:G:\Program Files (x86)\steam\steamapps\workshop\content\2135150\3391652903
[Info   :   BepInEx] 1 plugin to load
[Info   :   BepInEx] Loading [PlayablePutit 1.1.0]
[Info   :PlayablePutit] [PlayablePutit] Putit loaded?!
[Message:   BepInEx] Chainloader startup complete
Chain Loading Scripts:G:\Program Files (x86)\steam\steamapps\workshop\content\2135150\3367891369
[Info   :   BepInEx] 0 plugins to load
[Message:   BepInEx] Chainloader startup complete
Chain Loading Scripts:G:\Program Files (x86)\steam\steamapps\workshop\content\2135150\3398595548
[Info   :   BepInEx] 0 plugins to load
[Message:   BepInEx] Chainloader startup complete
Chain Loading Scripts:G:\Program Files (x86)\steam\steamapps\workshop\content\2135150\3401797056
[Info   :   BepInEx] 1 plugin to load
[Info   :   BepInEx] Loading [AutoDropSculpture 1.0.0]
[Message:   BepInEx] Chainloader startup complete
Chain Loading Scripts:G:\Program Files (x86)\steam\steamapps\workshop\content\2135150\3407921377
[Info   :   BepInEx] 0 plugins to load
[Message:   BepInEx] Chainloader startup complete
Chain Loading Scripts:G:\Program Files (x86)\steam\steamapps\workshop\content\2135150\3410352323
[Info   :   BepInEx] 0 plugins to load
[Message:   BepInEx] Chainloader startup complete
Chain Loading Scripts:G:\Program Files (x86)\steam\steamapps\workshop\content\2135150\3432108129
[Info   :   BepInEx] 0 plugins to load
[Message:   BepInEx] Chainloader startup complete
Chain Loading Scripts:G:\Program Files (x86)\steam\steamapps\workshop\content\2135150\3394986459
[Info   :   BepInEx] 1 plugin to load
[Info   :   BepInEx] Loading [MouseWheelZoom 1.0.0]
[Message:   BepInEx] Chainloader startup complete
Chain Loading Scripts:G:\Program Files (x86)\steam\steamapps\workshop\content\2135150\3392183109
[Info   :   BepInEx] 0 plugins to load
[Message:   BepInEx] Chainloader startup complete
Chain Loading Scripts:G:\Program Files (x86)\steam\steamapps\workshop\content\2135150\3399586785
[Info   :   BepInEx] 1 plugin to load
[Info   :   BepInEx] Loading [FenceWontDestroyPlants 1.0.0]
[Message:   BepInEx] Chainloader startup complete
Chain Loading Scripts:G:\Program Files (x86)\steam\steamapps\workshop\content\2135150\3412045516
[Info   :   BepInEx] 0 plugins to load
[Message:   BepInEx] Chainloader startup complete
Chain Loading Scripts:G:\Program Files (x86)\steam\steamapps\workshop\content\2135150\3430739869
[Info   :   BepInEx] 0 plugins to load
[Message:   BepInEx] Chainloader startup complete
Chain Loading Scripts:G:\Program Files (x86)\steam\steamapps\workshop\content\2135150\3416877565
[Info   :   BepInEx] 1 plugin to load
[Info   :   BepInEx] Loading [Party Info HP Display 0.1.0]
[Message:   BepInEx] Chainloader startup complete
Chain Loading Scripts:G:\Program Files (x86)\steam\steamapps\workshop\content\2135150\3416966564
[Info   :   BepInEx] 0 plugins to load
[Message:   BepInEx] Chainloader startup complete
Chain Loading Scripts:G:\Program Files (x86)\steam\steamapps\workshop\content\2135150\3416294037
[Info   :   BepInEx] 0 plugins to load
[Message:   BepInEx] Chainloader startup complete
Chain Loading Scripts:G:\Program Files (x86)\steam\steamapps\workshop\content\2135150\3415830749
[Info   :   BepInEx] 1 plugin to load
[Info   :   BepInEx] Loading [Residents Ranch with You 1.0.1]
[Message:   BepInEx] Chainloader startup complete
Chain Loading Scripts:G:\Program Files (x86)\steam\steamapps\workshop\content\2135150\3415797230
[Info   :   BepInEx] 0 plugins to load
[Message:   BepInEx] Chainloader startup complete
Chain Loading Scripts:G:\Program Files (x86)\steam\steamapps\workshop\content\2135150\3415783743
[Info   :   BepInEx] 0 plugins to load
[Message:   BepInEx] Chainloader startup complete
Chain Loading Scripts:G:\Program Files (x86)\steam\steamapps\workshop\content\2135150\3415760150
[Info   :   BepInEx] 1 plugin to load
[Info   :   BepInEx] Loading [Better Trolley 1.0.0]
[Info   :Better Trolley] Mod: Better Trolley 1.0.0 is loaded.
[Message:   BepInEx] Chainloader startup complete
Chain Loading Scripts:G:\Program Files (x86)\steam\steamapps\workshop\content\2135150\3415705559
[Info   :   BepInEx] 0 plugins to load
[Message:   BepInEx] Chainloader startup complete
Chain Loading Scripts:G:\Program Files (x86)\steam\steamapps\workshop\content\2135150\3414948078
[Info   :   BepInEx] 0 plugins to load
[Message:   BepInEx] Chainloader startup complete
Chain Loading Scripts:G:\Program Files (x86)\steam\steamapps\workshop\content\2135150\3414086986
[Info   :   BepInEx] 0 plugins to load
[Message:   BepInEx] Chainloader startup complete
Chain Loading Scripts:G:\Program Files (x86)\steam\steamapps\workshop\content\2135150\3414014207
[Info   :   BepInEx] 0 plugins to load
[Message:   BepInEx] Chainloader startup complete
Chain Loading Scripts:G:\Program Files (x86)\steam\steamapps\workshop\content\2135150\3413557291
[Info   :   BepInEx] 0 plugins to load
[Message:   BepInEx] Chainloader startup complete
Chain Loading Scripts:G:\Program Files (x86)\steam\steamapps\workshop\content\2135150\3420824872
[Info   :   BepInEx] 0 plugins to load
[Message:   BepInEx] Chainloader startup complete
Chain Loading Scripts:G:\Program Files (x86)\steam\steamapps\workshop\content\2135150\3411102521
[Info   :   BepInEx] 1 plugin to load
[Info   :   BepInEx] Loading [Residents Eat with You 1.1.2]
[Message:   BepInEx] Chainloader startup complete
Chain Loading Scripts:G:\Program Files (x86)\steam\steamapps\workshop\content\2135150\3430743058
[Info   :   BepInEx] 0 plugins to load
[Message:   BepInEx] Chainloader startup complete
Chain Loading Scripts:G:\Program Files (x86)\steam\steamapps\workshop\content\2135150\3412944490
[Info   :   BepInEx] 0 plugins to load
[Message:   BepInEx] Chainloader startup complete
Chain Loading Scripts:G:\Program Files (x86)\steam\steamapps\workshop\content\2135150\3400287057
[Info   :   BepInEx] 0 plugins to load
[Message:   BepInEx] Chainloader startup complete
Chain Loading Scripts:G:\Program Files (x86)\steam\steamapps\workshop\content\2135150\3418848389
[Info   :   BepInEx] 0 plugins to load
[Message:   BepInEx] Chainloader startup complete
Chain Loading Scripts:G:\Program Files (x86)\steam\steamapps\workshop\content\2135150\3410395553
[Info   :   BepInEx] 1 plugin to load
[Info   :   BepInEx] Loading [Mudrock 1.0.0]
[Message:   BepInEx] Chainloader startup complete
Chain Loading Scripts:G:\Program Files (x86)\steam\steamapps\workshop\content\2135150\3402840716
[Info   :   BepInEx] 0 plugins to load
[Message:   BepInEx] Chainloader startup complete
Chain Loading Scripts:G:\Program Files (x86)\steam\steamapps\workshop\content\2135150\3402997260
[Info   :   BepInEx] 0 plugins to load
[Message:   BepInEx] Chainloader startup complete
Chain Loading Scripts:G:\Program Files (x86)\steam\steamapps\workshop\content\2135150\3425592313
[Info   :   BepInEx] 0 plugins to load
[Message:   BepInEx] Chainloader startup complete
Chain Loading Scripts:G:\Program Files (x86)\steam\steamapps\workshop\content\2135150\3399781924
[Info   :   BepInEx] 1 plugin to load
[Info   :   BepInEx] Loading [DontThrowPotion 1.0.0]
[KKSmartAbilities] Found target method for transpiler: int GoalCombat+<>c__DisplayClass23_0::<TryUseAbility>g__GetAttackMod|5(Act a)
[KKSmartAbilities] Transpiler successfully patched GetAttackMod call at index 728.
[KKSmartAbilities] Transpiler successfully patched GetAttackMod call at index 837.
[Message:   BepInEx] Chainloader startup complete
Chain Loading Scripts:G:\Program Files (x86)\steam\steamapps\workshop\content\2135150\3401080530
[Info   :   BepInEx] 0 plugins to load
[Message:   BepInEx] Chainloader startup complete
Chain Loading Scripts:G:\Program Files (x86)\steam\steamapps\workshop\content\2135150\3401648550
[Info   :   BepInEx] 0 plugins to load
[Message:   BepInEx] Chainloader startup complete
Chain Loading Scripts:G:\Program Files (x86)\steam\steamapps\workshop\content\2135150\3402066373
[Info   :   BepInEx] 0 plugins to load
[Message:   BepInEx] Chainloader startup complete
Chain Loading Scripts:G:\Program Files (x86)\steam\steamapps\workshop\content\2135150\3399432174
[Info   :   BepInEx] 1 plugin to load
[Info   :   BepInEx] Loading [O_miku 1.0.39]
[Message:   BepInEx] Chainloader startup complete
Chain Loading Scripts:G:\Program Files (x86)\steam\steamapps\workshop\content\2135150\3399241670
[Info   :   BepInEx] 0 plugins to load
[Message:   BepInEx] Chainloader startup complete
Chain Loading Scripts:G:\Program Files (x86)\steam\steamapps\workshop\content\2135150\3358086840
[Info   :   BepInEx] 1 plugin to load
[Info   :   BepInEx] Loading [PerfectTrainer 1.0.0]
[Message:   BepInEx] Chainloader startup complete
Chain Loading Scripts:G:\Program Files (x86)\steam\steamapps\workshop\content\2135150\3553207334
[Info   :   BepInEx] 0 plugins to load
[Message:   BepInEx] Chainloader startup complete
Chain Loading Scripts:G:\Program Files (x86)\steam\steamapps\workshop\content\2135150\3397213071
[Info   :   BepInEx] 1 plugin to load
[Info   :   BepInEx] Loading [Highlight Dirty Floor 0.0.1]
[Message:   BepInEx] Chainloader startup complete
Chain Loading Scripts:G:\Program Files (x86)\steam\steamapps\workshop\content\2135150\3396774199
[Info   :   BepInEx] 0 plugins to load
[Message:   BepInEx] Chainloader startup complete
Chain Loading Scripts:G:\Program Files (x86)\steam\steamapps\workshop\content\2135150\3395758908
[Info   :   BepInEx] 1 plugin to load
[Info   :   BepInEx] Loading [MainText Alert 1.3.2]
[Info   :MainText Alert] Mod: MainText Alert 1.3.2 is loaded.
[Message:   BepInEx] Chainloader startup complete
Chain Loading Scripts:G:\Program Files (x86)\steam\steamapps\workshop\content\2135150\3428569903
[Info   :   BepInEx] 0 plugins to load
[Message:   BepInEx] Chainloader startup complete
Chain Loading Scripts:G:\Program Files (x86)\steam\steamapps\workshop\content\2135150\3381534454
[Info   :   BepInEx] 1 plugin to load
[Info   :   BepInEx] Loading [AllyAutoPick 1.0.0]
[Message:   BepInEx] Chainloader startup complete
Chain Loading Scripts:G:\Program Files (x86)\steam\steamapps\workshop\content\2135150\3373228937
[Info   :   BepInEx] 1 plugin to load
[Info   :   BepInEx] Loading [Amazing Party 1.0.0]
[Message:   BepInEx] Chainloader startup complete
Chain Loading Scripts:G:\Program Files (x86)\steam\steamapps\workshop\content\2135150\3403186474
[Info   :   BepInEx] 0 plugins to load
[Message:   BepInEx] Chainloader startup complete
Chain Loading Scripts:G:\Program Files (x86)\steam\steamapps\workshop\content\2135150\3432710743
[Info   :   BepInEx] 0 plugins to load
[Message:   BepInEx] Chainloader startup complete
Chain Loading Scripts:G:\Program Files (x86)\steam\steamapps\workshop\content\2135150\3436691794
[Info   :   BepInEx] 0 plugins to load
[Message:   BepInEx] Chainloader startup complete
Chain Loading Scripts:G:\Program Files (x86)\steam\steamapps\workshop\content\2135150\3409277719
[Info   :   BepInEx] 0 plugins to load
[Message:   BepInEx] Chainloader startup complete
Chain Loading Scripts:G:\Program Files (x86)\steam\steamapps\workshop\content\2135150\3433275575
[Info   :   BepInEx] 0 plugins to load
[Message:   BepInEx] Chainloader startup complete
Chain Loading Scripts:G:\Program Files (x86)\steam\steamapps\workshop\content\2135150\3408000126
[Info   :   BepInEx] 1 plugin to load
[Info   :   BepInEx] Loading [Angelina 1.1.0]
[Message:   BepInEx] Chainloader startup complete
Chain Loading Scripts:G:\Program Files (x86)\steam\steamapps\workshop\content\2135150\3433465408
[Info   :   BepInEx] 0 plugins to load
[Message:   BepInEx] Chainloader startup complete
Chain Loading Scripts:G:\Program Files (x86)\steam\steamapps\workshop\content\2135150\3370686923
[Info   :   BepInEx] 1 plugin to load
[Info   :   BepInEx] Loading [AutoAct 1.0.0]
[Message:   BepInEx] Chainloader startup complete
Chain Loading Scripts:G:\Program Files (x86)\steam\steamapps\workshop\content\2135150\3423756032
[Info   :   BepInEx] 0 plugins to load
[Message:   BepInEx] Chainloader startup complete
Chain Loading Scripts:G:\Program Files (x86)\steam\steamapps\workshop\content\2135150\3406723142
[Info   :   BepInEx] 0 plugins to load
[Message:   BepInEx] Chainloader startup complete
Chain Loading Scripts:G:\Program Files (x86)\steam\steamapps\workshop\content\2135150\3406542368
[Info   :   BepInEx] 1 plugin to load
[Info   :   BepInEx] Loading [ModHelp 1.0.0]
[Message:   BepInEx] Chainloader startup complete
Chain Loading Scripts:G:\Program Files (x86)\steam\steamapps\workshop\content\2135150\3570082930
[Info   :   BepInEx] 1 plugin to load
[Info   :   BepInEx] Loading [Bank Utility 1.0.0]
ImportExcel source:SourceElement (SourceElement) Path:G:\Program Files (x86)\steam\steamapps\workshop\content\2135150\3570082930\Data/SourceCard.xlsx
Importing Sheet:Element
Element/4/1
[Info   :BetterEnchants] 附魔数据屏蔽完成，共处理 10 个附魔
Imported Element
[Info   :Bank Utility] [BankUtility] Bank Access Element imported successfully from Excel.
[Info   :Bank Utility] [BankUtility] Bank Access action registered successfully.
[Message:   BepInEx] Chainloader startup complete
Chain Loading Scripts:G:\Program Files (x86)\steam\steamapps\workshop\content\2135150\3419528187
[Info   :   BepInEx] 0 plugins to load
[Message:   BepInEx] Chainloader startup complete
Chain Loading Scripts:G:\Program Files (x86)\steam\steamapps\workshop\content\2135150\3395250511
[Info   :   BepInEx] 1 plugin to load
[Info   :   BepInEx] Loading [Residents Fish with You 1.4.5]
[Message:   BepInEx] Chainloader startup complete
Chain Loading Scripts:G:\Program Files (x86)\steam\steamapps\workshop\content\2135150\3365633669
[Info   :   BepInEx] 1 plugin to load
[Info   :   BepInEx] Loading [ServantUnememy 1.0.0]
[Message:   BepInEx] Chainloader startup complete
Chain Loading Scripts:G:\Program Files (x86)\steam\steamapps\workshop\content\2135150\3403981076
[Info   :   BepInEx] 0 plugins to load
[Message:   BepInEx] Chainloader startup complete
Chain Loading Scripts:G:\Program Files (x86)\steam\steamapps\workshop\content\2135150\3404135947
[Info   :   BepInEx] 0 plugins to load
[Message:   BepInEx] Chainloader startup complete
Chain Loading Scripts:G:\Program Files (x86)\steam\steamapps\workshop\content\2135150\3404035606
[Info   :   BepInEx] 1 plugin to load
[Info   :   BepInEx] Loading [Sparkly Water For All 1.0.0]
[Message:   BepInEx] Chainloader startup complete
Chain Loading Scripts:G:\Program Files (x86)\steam\steamapps\workshop\content\2135150\3402457622
[Info   :   BepInEx] 0 plugins to load
[Message:   BepInEx] Chainloader startup complete
Chain Loading Scripts:G:\Program Files (x86)\steam\steamapps\workshop\content\2135150\3374145837
[Info   :   BepInEx] 1 plugin to load
[Info   :   BepInEx] Loading [Better Sleep 2.2.0]
[Info   :Better Sleep] Patching Chara.OnSleep(int, int, bool)
[Message:Mod Options] Mod ID [omegaplatinum.elin.bettersleep] - registration successful .
[Info   :Mod Options] Starting parse the pre-build UI for mod [omegaplatinum.elin.bettersleep]
[Warning:Mod Options] The conentId is empty, treat as a empty string ...
[Message:   BepInEx] Chainloader startup complete
Chain Loading Scripts:G:\Program Files (x86)\steam\steamapps\workshop\content\2135150\3376112744
[Info   :   BepInEx] 0 plugins to load
[Message:   BepInEx] Chainloader startup complete
Chain Loading Scripts:G:\Program Files (x86)\steam\steamapps\workshop\content\2135150\3416196491
[Info   :   BepInEx] 0 plugins to load
[Message:   BepInEx] Chainloader startup complete
Chain Loading Scripts:G:\Program Files (x86)\steam\steamapps\workshop\content\2135150\3396025367
[Info   :   BepInEx] 1 plugin to load
[Info   :   BepInEx] Loading [AutoActAllyExpansion 1.0.0]
[Message:   BepInEx] Chainloader startup complete
Chain Loading Scripts:G:\Program Files (x86)\steam\steamapps\workshop\content\2135150\3452306613
[Info   :   BepInEx] 1 plugin to load
[Info   :   BepInEx] Loading [Hnp: Death Scene Modifier 1.0.0]
[Message:   BepInEx] Chainloader startup complete
Chain Loading Scripts:G:\Program Files (x86)\steam\steamapps\workshop\content\2135150\3400855120
[Info   :   BepInEx] 1 plugin to load
[Info   :   BepInEx] Loading [Hnp: Multi Item Detector 3.0.1]
[Message:   BepInEx] Chainloader startup complete
Chain Loading Scripts:G:\Program Files (x86)\steam\steamapps\workshop\content\2135150\3363692260
[Info   :   BepInEx] 1 plugin to load
[Info   :   BepInEx] Loading [TraitDiaryMod 1.0.0]
[Message:   BepInEx] Chainloader startup complete
Chain Loading Scripts:G:\Program Files (x86)\steam\steamapps\workshop\content\2135150\3358095275
[Info   :   BepInEx] 1 plugin to load
[Info   :   BepInEx] Loading [GiveItBack 1.0.0]
[Message:   BepInEx] Chainloader startup complete
Chain Loading Scripts:G:\Program Files (x86)\steam\steamapps\workshop\content\2135150\3367891864
[Info   :   BepInEx] 1 plugin to load
[Info   :   BepInEx] Loading [DontPatMyWaifu 1.0.0]
[Message:   BepInEx] Chainloader startup complete
Chain Loading Scripts:G:\Program Files (x86)\steam\steamapps\workshop\content\2135150\3393176988
[Info   :   BepInEx] 1 plugin to load
[Info   :   BepInEx] Loading [Additional Deco 1.0.0]
[Message:   BepInEx] Chainloader startup complete
Chain Loading Scripts:G:\Program Files (x86)\steam\steamapps\workshop\content\2135150\3369998688
[Info   :   BepInEx] 1 plugin to load
[Info   :   BepInEx] Loading [Specific Portraits 0.8.0]
[Message:Specific Portraits] Portrait Specification Framework Loaded
[Message:   BepInEx] Chainloader startup complete
Chain Loading Scripts:G:\Program Files (x86)\steam\steamapps\common\Elin\Package\Mod_Specific_Portraits_Settings
[Info   :   BepInEx] 0 plugins to load
[Message:   BepInEx] Chainloader startup complete
Chain Loading Scripts:G:\Program Files (x86)\steam\steamapps\workshop\content\2135150\3379819704
[Info   :   BepInEx] 1 plugin to load
[Info   :   BepInEx] Loading [Mod Config GUI 0.1.16]
[Message:   BepInEx] Chainloader startup complete
Chain Loading Scripts:G:\Program Files (x86)\steam\steamapps\workshop\content\2135150\3523551623
[Info   :   BepInEx] 1 plugin to load
[Info   :   BepInEx] Loading [Mod Viewer Plus 1.1.0]
[Message:   BepInEx] Chainloader startup complete
Chain Loading Scripts:G:\Program Files (x86)\steam\steamapps\workshop\content\2135150\3394048166
[Info   :   BepInEx] 1 plugin to load
[Info   :   BepInEx] Loading [Junk Digger Elin 1.0.0]
[Info   :Junk Digger Elin] Junk Digger Elin Mod loaded!
[Message:   BepInEx] Chainloader startup complete
Chain Loading Scripts:G:\Program Files (x86)\steam\steamapps\workshop\content\2135150\3479845110
[Info   :   BepInEx] 0 plugins to load
[Message:   BepInEx] Chainloader startup complete
Chain Loading Scripts:G:\Program Files (x86)\steam\steamapps\workshop\content\2135150\3378477046
[Info   :   BepInEx] 0 plugins to load
[Message:   BepInEx] Chainloader startup complete
Chain Loading Scripts:G:\Program Files (x86)\steam\steamapps\workshop\content\2135150\3562362761
[Info   :   BepInEx] 1 plugin to load
[Info   :   BepInEx] Loading [bep.nanasuquestpack 1.0.0]
[Message:   BepInEx] Chainloader startup complete
Chain Loading Scripts:G:\Program Files (x86)\steam\steamapps\workshop\content\2135150\3557997205
[Info   :   BepInEx] 1 plugin to load
[Info   :   BepInEx] Loading [NPC Spell Fix 1.0.0]
[Info   :NPC Spell Fix] NPC Spell Fix loaded - NPCs can now learn and use spells!
[Info   :NPC Spell Fix] Spell Charges: Enabled (learned spells consume charges)
[Info   :NPC Spell Fix] Learning Restriction: Player-only (NPCs only learn from player-given spellbooks)
[Info   :NPC Spell Fix] Autonomous Reading: Disabled (manual reading only)
[Info   :NPC Spell Fix] Bulk Learning: Enabled (NPCs consume all charges at once)
[Info   :NPC Spell Fix] Cursed Spellbooks: Enabled (NPCs can read cursed spellbooks)
[Message:   BepInEx] Chainloader startup complete
Chain Loading Scripts:G:\Program Files (x86)\steam\steamapps\workshop\content\2135150\3559347159
[Info   :   BepInEx] 1 plugin to load
[Info   :   BepInEx] Loading [NPC Spell Manager 4.0.0]
[Info   :NPC Spell Manager] NPC Spell Manager loaded - Hold Tome of Memory Loss and middle-click NPCs!
[Info   :NPC Spell Manager] Spell Addition: Disabled
[Info   :NPC Spell Manager] Middle-click Menu: Only when holding tome
[Info   :NPC Spell Manager] Enemy Removal Protection: Enabled
[Info   :NPC Spell Manager] Enemy Menu Access Prevention: Enabled
[Info   :NPC Spell Manager] Show Spell Charges: Enabled
[Info   :NPC Spell Manager] Show Configuration Info: Disabled
[Info   :NPC Spell Manager] Tome Cost: Addition=5, Removal=1
[Info   :NPC Spell Manager] Power Gaming: Blocked (level 1 only)
[Info   :NPC Spell Manager] Ability Filtering: Enabled (intelligent)
[Info   :NPC Spell Manager] Shop Restock Timing: Natural (restock cycles)
[Info   :NPC Spell Manager] Tome Pricing: Multiplier(15x)
[Message:   BepInEx] Chainloader startup complete
Chain Loading Scripts:G:\Program Files (x86)\steam\steamapps\workshop\content\2135150\3580260505
[Info   :   BepInEx] 0 plugins to load
[Message:   BepInEx] Chainloader startup complete
Chain Loading Scripts:G:\Program Files (x86)\steam\steamapps\workshop\content\2135150\3584407887
[Info   :   BepInEx] 0 plugins to load
[Message:   BepInEx] Chainloader startup complete
Chain Loading Scripts:G:\Program Files (x86)\steam\steamapps\common\Elin\Package\Mod_oninotamasi
[Info   :   BepInEx] 0 plugins to load
[Message:   BepInEx] Chainloader startup complete
StartCase:True
Plugins:143
[Info   :TextureExpand] Parse setting: G:\Program Files (x86)\steam\steamapps\workshop\content\2135150\3415048768\Carbuncle_Replace.textureexpand
[Info   :TextureExpand] Parse setting: G:\Program Files (x86)\steam\steamapps\workshop\content\2135150\3390103964\objC_160x.textureexpand
[Info   :TextureExpand] Parse setting: G:\Program Files (x86)\steam\steamapps\workshop\content\2135150\3444317871\zone.textureexpand
[Info   :TextureExpand] Parse setting: G:\Program Files (x86)\steam\steamapps\workshop\content\2135150\3537964979\enemy_exception.textureexpand
[Info   :TextureExpand] Parse setting: G:\Program Files (x86)\steam\steamapps\workshop\content\2135150\3537964979\naoT_YgolonacKawaiiReplace.textureexpand
[Info   :TextureExpand] Parse setting: G:\Program Files (x86)\steam\steamapps\workshop\content\2135150\3384991028\objC_818.textureexpand
[Info   :TextureExpand] Parse setting: G:\Program Files (x86)\steam\steamapps\workshop\content\2135150\3384991028\objC_819.textureexpand
[Info   :TextureExpand] Parse setting: G:\Program Files (x86)\steam\steamapps\workshop\content\2135150\3530450153\enemy_exception.textureexpand
[Info   :TextureExpand] Parse setting: G:\Program Files (x86)\steam\steamapps\workshop\content\2135150\3530450153\naoT_UndineReplace.textureexpand
[Info   :TextureExpand] Parse setting: G:\Program Files (x86)\steam\steamapps\workshop\content\2135150\3438965434\enemy_exception.textureexpand
[Info   :TextureExpand] Parse setting: G:\Program Files (x86)\steam\steamapps\workshop\content\2135150\3438965434\naoT_Honeybees_Replace.textureexpand
[Info   :TextureExpand] Parse setting: G:\Program Files (x86)\steam\steamapps\workshop\content\2135150\3383463780\rodwyn.textureexpand
[Info   :TextureExpand] Parse setting: G:\Program Files (x86)\steam\steamapps\workshop\content\2135150\3402457622\enemy_exception.textureexpand
[Info   :TextureExpand] Parse setting: G:\Program Files (x86)\steam\steamapps\workshop\content\2135150\3402457622\naoT_SnakesReplace.textureexpand
[Info   :TextureExpand] Parse setting: G:\Program Files (x86)\steam\steamapps\workshop\content\2135150\3416196491\Militant.textureexpand
[CWL][INFO] [GameIOContext] load Lafrontier/Elin/Custom Whatever Loader/chunks/cache_manifest.chunk
[CWL][INFO] [GameIOContext] 注册 post load (Stable)CustomWhateverLoader::ModIntegrity.CheckModList
[CWL][INFO] [GameIOContext] 注册 post save (Stable)CustomWhateverLoader::ModIntegrity.SaveModList
[CWL][INFO] [CardOnCreateEvent] 注册 thing on_create (Stable)CustomWhateverLoader::FigureRenderer.OnCreateFigure
[CWL][INFO] [SafeSceneInitEvent] 注册 pre_scene_init StartGame (Stable)CustomWhateverLoader::SafeCreateZonePatch.PostCleanup
[CWL][INFO] [CardOnCreateEvent] 注册 thing on_create (Stable)CustomWhateverLoader::FixedGunSocketPatch.ApplyGunSocket
[CWL][INFO] [CardOnCreateEvent] 注册 thing on_create (Stable)CustomWhateverLoader::ForcePurityPatch.OnResetPurity
[CWL][INFO] [CardOnCreateEvent] 注册 thing on_create (Stable)CustomWhateverLoader::ForceRarityPatch.OnResetRarity
[CWL][INFO] [GameIOContext] 注册 post load (Stable)CustomWhateverLoader::SafeCreateQuestPatch.PostCleanup
[CWL][INFO] [SafeSceneInitEvent] 注册 post_scene_init StartGame (Stable)CustomWhateverLoader::EnableCheatPatch.SetCheatEnabled
[CWL][INFO] [CardOnCreateEvent] 注册 chara on_create (Stable)CustomWhateverLoader::BioOverridePatch.SetCharaBioOverride
[CWL][INFO] [CardOnCreateEvent] 注册 chara on_create (Stable)CustomWhateverLoader::RestoreCharaData.SetOrRestoreCharaData
[CWL][INFO] [SafeSceneInitEvent] 注册 post_scene_init Title (Stable)CustomWhateverLoader::UniTasklet.OnSceneExit
[CWL][INFO] [GameIOContext] 注册 pre load (Stable)CustomWhateverLoader::GameIOProcessor.SetContextVars
[CWL][INFO] [GameIOContext] 注册 pre save (Stable)CustomWhateverLoader::GameIOProcessor.GetContextVars
[CWL][INFO] [SafeSceneInitEvent] 注册 post_scene_init StartGame (Stable)CustomWhateverLoader::CustomChara.AddDelayedChara
[CWL][INFO] [CardOnCreateEvent] 注册 chara on_create (Stable)CustomWhateverLoader::CustomChara.ApplyTags
[CWL][INFO] [GameIOContext] 注册 post save (Stable)CustomWhateverLoader::CustomReligion.SaveCustomReligion
[CWL][INFO] [GameIOContext] 注册 post load (Stable)CustomWhateverLoader::CustomReligion.LoadCustomReligion
[CWL][INFO] [GameIOContext] 注册 act perform (Stable)CustomWhateverLoader::CustomReligion.ProcGodTalk
[CWL][INFO] [SafeSceneInitEvent] 注册 post_scene_init StartGame (Stable)CustomWhateverLoader::CustomElement.GainAbilityOnLoad
[CWL][INFO] [GameIOContext] 注册 pre save (Stable)CustomWhateverLoader::CustomElement.PurgeBeforeSave
[CWL][INFO] [GameIOContext] 注册 post save (Stable)CustomWhateverLoader::CustomElement.RestoreAfterSave
[CWL][INFO] [GameIOContext] 注册 post load (Stable)CustomWhateverLoader::CustomPlaylist.InvalidateBGM
[CWL][INFO] [GameIOContext] 注册 post load ElinwithAI(Beta)Emmersive::ProfileHelper.ClearProfiles
[CWL][INFO] [GameIOContext] 注册 post load ElinwithAI(Beta)Emmersive::RecentActionContext.ClearSession
[CWL][INFO] [GameIOContext] 注册 post save ElinwithAI(Beta)Emmersive::RecentActionContext.SaveFilters
[CWL][INFO] [GameIOContext] 注册 post load ElinwithAI(Beta)Emmersive::EmTalkTrigger.ShowModWarning
[CWL][INFO] [GameIOContext] 注册 post load 可可的异界大冒险Donakoko::PostLoadEvent.AddItemIfMissing
[CWL][INFO] [CardOnCreateEvent] 注册 chara on_create 冒险者柚鸟夏BA_natsu::BA_natsu_CharaPortrait.OnCharaInstantiation
[CWL][INFO] [DramaExpansion] 重构了 88 个方法
[CWL][INFO] [DataLoader] 预加载对话 > 3582088453/LangMod/EN/Dialog/dialog.xlsx
[CWL][INFO] [DataLoader] 预加载对话 > 3559286192/LangMod/EN/Dialog/dialog.xlsx
[CWL][INFO] [DataLoader] 预加载对话 > 3483902186/LangMod/EN/Dialog/dialog.xlsx
[CWL][INFO] [DataLoader] 预加载对话 > 3544581639/LangMod/CN/Dialog/dialog.xlsx
[CWL][INFO] [DataLoader] 预加载对话 > 3408001523/LangMod/CN/Dialog/dialog.xlsx
[CWL][INFO] [DataLoader] 预加载对话 > 3385578698/LangMod/EN/Dialog/dialog.xlsx
[CWL][INFO] [DataLoader] 预加载对话 > 3387860984/LangMod/CN/Dialog/dialog.xlsx
[CWL][INFO] [DataLoader] 预加载对话 > 3515276886/LangMod/CN/Dialog/dialog.xlsx
[CWL][INFO] [DataLoader] 预加载对话 > 3516160377/LangMod/CN/Dialog/dialog.xlsx
[CWL][INFO] [DataLoader] 预加载对话 > 3604316726/LangMod/CN/Dialog/dialog.xlsx
[CWL][INFO] [DataLoader] 预加载对话 > 3609256708/LangMod/CN/Dialog/dialog.xlsx
[CWL][INFO] [DataLoader] 预加载对话 > 3584176502/LangMod/CN/Dialog/dialog.xlsx
[CWL][INFO] [DataLoader] 预加载对话 > 3594155504/LangMod/CN/Dialog/dialog.xlsx
[CWL][INFO] [DataLoader] 预加载对话 > Mod_Donakoko/LangMod/CN/Dialog/dialog.xlsx
[CWL][INFO] [DataLoader] 预加载对话 > 3577715621/LangMod/CN/Dialog/dialog.xlsx
[CWL][INFO] [DataLoader] 预加载对话 > 3572920591/LangMod/CN/Dialog/dialog.xlsx
[CWL][INFO] [DataLoader] 预加载对话 > 3552528878/LangMod/CN/Dialog/dialog.xlsx
[CWL][INFO] [DataLoader] 预加载对话 > 3541116983/LangMod/EN/Dialog/dialog.xlsx
[CWL][INFO] [DataLoader] 预加载对话 > 3536605980/LangMod/CN/Dialog/dialog.xlsx
[CWL][INFO] [DataLoader] 预加载对话 > 3545127059/LangMod/CN/Dialog/dialog.xlsx
[CWL][INFO] [DataLoader] 预加载对话 > 3534264350/LangMod/EN/Dialog/dialog.xlsx
[CWL][INFO] [DataLoader] 预加载对话 > 3480392411/LangMod/CN/Dialog/dialog.xlsx
[CWL][INFO] [DataLoader] 预加载对话 > 3480392278/LangMod/CN/Dialog/dialog.xlsx
[CWL][INFO] [DataLoader] 预加载对话 > 3477606066/LangMod/CN/Dialog/dialog.xlsx
[CWL][INFO] [DataLoader] 预加载对话 > 3476878681/LangMod/JP/Dialog/dialog.xlsx
[CWL][INFO] [DataLoader] 预加载对话 > 3475254676/LangMod/CN/Dialog/dialog.xlsx
[CWL][INFO] [DataLoader] 预加载对话 > 3481552007/LangMod/CN/Dialog/dialog.xlsx
[CWL][INFO] [DataLoader] 预加载对话 > 3464347430/LangMod/CN/Dialog/dialog.xlsx
[CWL][INFO] [DataLoader] 预加载对话 > 3465665987/LangMod/CN/Dialog/dialog.xlsx
[CWL][INFO] [DataLoader] 预加载对话 > 3466395991/LangMod/CN/Dialog/dialog.xlsx
[CWL][INFO] [DataLoader] 预加载对话 > 3466765662/LangMod/CN/Dialog/dialog.xlsx
[CWL][INFO] [DataLoader] 预加载对话 > 3526188651/LangMod/EN/Dialog/dialog.xlsx
[CWL][INFO] [DataLoader] 预加载对话 > 3484801736/LangMod/CN/Dialog/dialog.xlsx
[CWL][INFO] [DataLoader] 预加载对话 > 3507890814/LangMod/CN/Dialog/dialog.xlsx
[CWL][INFO] [DataLoader] 预加载对话 > 3490464722/LangMod/CN/Dialog/dialog.xlsx
[CWL][INFO] [DataLoader] 预加载对话 > 3486688871/LangMod/CN/Dialog/dialog.xlsx
[CWL][INFO] [DataLoader] 预加载对话 > 3486086882/LangMod/CN/Dialog/dialog.xlsx
[CWL][INFO] [DataLoader] 预加载对话 > 3385442190/LangMod/CN/Dialog/dialog.xlsx
[CWL][INFO] [DataLoader] 预加载对话 > 3384670717/LangMod/CN/Dialog/dialog.xlsx
[CWL][INFO] [DataLoader] 预加载对话 > 3381058285/LangMod/CN/Dialog/dialog.xlsx
[CWL][INFO] [DataLoader] 预加载对话 > 3437023418/LangMod/CN/Dialog/dialog.xlsx
[CWL][INFO] [DataLoader] 预加载对话 > 3410395553/LangMod/CN/Dialog/dialog.xlsx
[CWL][INFO] [DataLoader] 预加载对话 > 3402066373/LangMod/CN/Dialog/dialog.xlsx
[CWL][INFO] [DataLoader] 预加载对话 > 3399432174/LangMod/CN/Dialog/dialog.xlsx
[CWL][INFO] [DataLoader] 预加载对话 > 3396774199/LangMod/CN/Dialog/dialog.xlsx
[CWL][INFO] [DataLoader] 预加载对话 > 3403186474/LangMod/CN/Dialog/dialog.xlsx
[CWL][INFO] [DataLoader] 预加载对话 > 3432710743/LangMod/CN/Dialog/dialog.xlsx
[CWL][INFO] [DataLoader] 预加载对话 > 3408000126/LangMod/CN/Dialog/dialog.xlsx
[CWL][INFO] [DataLoader] 预加载对话 > 3404135947/LangMod/CN/Dialog/dialog.xlsx
[CWL][INFO] [DataLoader] 预加载对话 > 3363692260/LangMod/EN/Dialog/dialog.xlsx
[CWL][INFO] [DataLoader] 预加载对话 > 3479845110/LangMod/CN/Dialog/dialog.xlsx
[CWL][INFO] [DataLoader] 预加载对话 > 3562362761/LangMod/CN/Dialog/dialog.xlsx
[CWL][INFO] [DataLoader] 已加载效果数据/guns: crimson_buster > 3385578698/LangMod/EN/Data/EffectSetting.guns.json
[CWL][INFO] [DataLoader] 已加载效果数据/guns: Brynhild > 3464347430/LangMod/CN/Data/EffectSetting.guns.json
[CWL][INFO] [DataLoader] 已加载效果数据/guns: ubelim_railgun_gun > 3465665987/LangMod/CN/Data/EffectSetting.guns.json
[CWL][INFO] [DataLoader] 已加载效果数据/guns: natsu_gun > 3494168375/LangMod/CN/Data/EffectSetting.guns.json
[CWL][INFO] [DataLoader] 预加载音频 BGM/扶炉轻叹-14-追忆の海, 2135150/3609256708/Sound/BGM/扶炉轻叹-14-追忆の海.wav
[CWL][INFO] [DataLoader] 预加载音频 BGM/桜の落ちる時, 2135150/3609256708/Sound/BGM/桜の落ちる時.wav
[CWL][INFO] [DataLoader] 预加载音频 BGM/778, 2135150/3541116983/Sound/BGM/778.ogg
[CWL][INFO] [DataLoader] 预加载音频 BGM/779, 2135150/3541116983/Sound/BGM/779.ogg
[CWL][INFO] [DataLoader] 预加载音频 BGM/780, 2135150/3541116983/Sound/BGM/780.ogg
[CWL][INFO] [DataLoader] 预加载音频 BGM/781, 2135150/3541116983/Sound/BGM/781.ogg
[CWL][INFO] [DataLoader] 预加载音频 BGM/782, 2135150/3541116983/Sound/BGM/782.ogg
[CWL][INFO] [DataLoader] 预加载音频 BGM/783, 2135150/3541116983/Sound/BGM/783.ogg
[CWL][INFO] [DataLoader] 预加载音频 BGM/784, 2135150/3541116983/Sound/BGM/784.ogg
[CWL][INFO] [DataLoader] 预加载音频 BGM/785, 2135150/3541116983/Sound/BGM/785.ogg
[CWL][INFO] [DataLoader] 预加载音频 BGM/786, 2135150/3541116983/Sound/BGM/786.ogg
[CWL][INFO] [DataLoader] 预加载音频 BGM/enter, 2135150/3541116983/Sound/BGM/enter.ogg
[CWL][INFO] [DataLoader] 预加载音频 foxJK/barin, 2135150/3541116983/Sound/foxJK/barin.ogg
[CWL][INFO] [DataLoader] 预加载音频 foxJK/basa, 2135150/3541116983/Sound/foxJK/basa.ogg
[CWL][INFO] [DataLoader] 预加载音频 foxJK/basha, 2135150/3541116983/Sound/foxJK/basha.ogg
[CWL][INFO] [DataLoader] 预加载音频 foxJK/bon, 2135150/3541116983/Sound/foxJK/bon.ogg
[CWL][INFO] [DataLoader] 预加载音频 foxJK/boo, 2135150/3541116983/Sound/foxJK/boo.ogg
[CWL][INFO] [DataLoader] 预加载音频 foxJK/brava, 2135150/3541116983/Sound/foxJK/brava.ogg
[CWL][INFO] [DataLoader] 预加载音频 foxJK/bun1, 2135150/3541116983/Sound/foxJK/bun1.ogg
[CWL][INFO] [DataLoader] 预加载音频 foxJK/bun2, 2135150/3541116983/Sound/foxJK/bun2.ogg
[CWL][INFO] [DataLoader] 预加载音频 foxJK/card1, 2135150/3541116983/Sound/foxJK/card1.ogg
[CWL][INFO] [DataLoader] 预加载音频 foxJK/chin, 2135150/3541116983/Sound/foxJK/chin.ogg
[CWL][INFO] [DataLoader] 预加载音频 foxJK/chupa, 2135150/3541116983/Sound/foxJK/chupa.ogg
[CWL][INFO] [DataLoader] 预加载音频 foxJK/chupa2, 2135150/3541116983/Sound/foxJK/chupa2.ogg
[CWL][INFO] [DataLoader] 预加载音频 foxJK/coin, 2135150/3541116983/Sound/foxJK/coin.ogg
[CWL][INFO] [DataLoader] 预加载音频 foxJK/dash, 2135150/3541116983/Sound/foxJK/dash.ogg
[CWL][INFO] [DataLoader] 预加载音频 foxJK/ddon, 2135150/3541116983/Sound/foxJK/ddon.ogg
[CWL][INFO] [DataLoader] 预加载音频 foxJK/den, 2135150/3541116983/Sound/foxJK/den.ogg
[CWL][INFO] [DataLoader] 预加载音频 foxJK/dobyu2, 2135150/3541116983/Sound/foxJK/dobyu2.wav
[CWL][INFO] [DataLoader] 预加载音频 foxJK/dochu, 2135150/3541116983/Sound/foxJK/dochu.ogg
[CWL][INFO] [DataLoader] 预加载音频 foxJK/don, 2135150/3541116983/Sound/foxJK/don.ogg
[CWL][INFO] [DataLoader] 预加载音频 foxJK/door, 2135150/3541116983/Sound/foxJK/door.ogg
[CWL][INFO] [DataLoader] 预加载音频 foxJK/dosa, 2135150/3541116983/Sound/foxJK/dosa.ogg
[CWL][INFO] [DataLoader] 预加载音频 foxJK/dosa2, 2135150/3541116983/Sound/foxJK/dosa2.mp3
[CWL][INFO] [DataLoader] 预加载音频 foxJK/dosu, 2135150/3541116983/Sound/foxJK/dosu.ogg
[CWL][INFO] [DataLoader] 预加载音频 foxJK/doyo, 2135150/3541116983/Sound/foxJK/doyo.ogg
[CWL][INFO] [DataLoader] 预加载音频 foxJK/dram, 2135150/3541116983/Sound/foxJK/dram.ogg
[CWL][INFO] [DataLoader] 预加载音频 foxJK/gaoo, 2135150/3541116983/Sound/foxJK/gaoo.ogg
[CWL][INFO] [DataLoader] 预加载音频 foxJK/gishi1, 2135150/3541116983/Sound/foxJK/gishi1.wav
[CWL][INFO] [DataLoader] 预加载音频 foxJK/gishi2, 2135150/3541116983/Sound/foxJK/gishi2.wav
[CWL][INFO] [DataLoader] 预加载音频 foxJK/guchu, 2135150/3541116983/Sound/foxJK/guchu.ogg
[CWL][INFO] [DataLoader] 预加载音频 foxJK/guchu2, 2135150/3541116983/Sound/foxJK/guchu2.ogg
[CWL][INFO] [DataLoader] 预加载音频 foxJK/guchu3, 2135150/3541116983/Sound/foxJK/guchu3.ogg
[CWL][INFO] [DataLoader] 预加载音频 foxJK/guchu4, 2135150/3541116983/Sound/foxJK/guchu4.ogg
[CWL][INFO] [DataLoader] 预加载音频 foxJK/guchuguchu, 2135150/3541116983/Sound/foxJK/guchuguchu.ogg
[CWL][INFO] [DataLoader] 预加载音频 foxJK/gyuu, 2135150/3541116983/Sound/foxJK/gyuu.wav
[CWL][INFO] [DataLoader] 预加载音频 foxJK/jan, 2135150/3541116983/Sound/foxJK/jan.ogg
[CWL][INFO] [DataLoader] 预加载音频 foxJK/juu, 2135150/3541116983/Sound/foxJK/juu.ogg
[CWL][INFO] [DataLoader] 预加载音频 foxJK/kapu, 2135150/3541116983/Sound/foxJK/kapu.ogg
[CWL][INFO] [DataLoader] 预加载音频 foxJK/kira, 2135150/3541116983/Sound/foxJK/kira.mp3
[CWL][INFO] [DataLoader] 预加载音频 foxJK/knock, 2135150/3541116983/Sound/foxJK/knock.ogg
[CWL][INFO] [DataLoader] 预加载音频 foxJK/knock2, 2135150/3541116983/Sound/foxJK/knock2.ogg
[CWL][INFO] [DataLoader] 预加载音频 foxJK/knock3, 2135150/3541116983/Sound/foxJK/knock3.ogg
[CWL][INFO] [DataLoader] 预加载音频 foxJK/knock4, 2135150/3541116983/Sound/foxJK/knock4.ogg
[CWL][INFO] [DataLoader] 预加载音频 foxJK/knock5, 2135150/3541116983/Sound/foxJK/knock5.ogg
[CWL][INFO] [DataLoader] 预加载音频 foxJK/koke, 2135150/3541116983/Sound/foxJK/koke.ogg
[CWL][INFO] [DataLoader] 预加载音频 foxJK/kuchu, 2135150/3541116983/Sound/foxJK/kuchu.mp3
[CWL][INFO] [DataLoader] 预加载音频 foxJK/kuchu2, 2135150/3541116983/Sound/foxJK/kuchu2.ogg
[CWL][INFO] [DataLoader] 预加载音频 foxJK/magic1, 2135150/3541116983/Sound/foxJK/magic1.ogg
[CWL][INFO] [DataLoader] 预加载音频 foxJK/magic2, 2135150/3541116983/Sound/foxJK/magic2.ogg
[CWL][INFO] [DataLoader] 预加载音频 foxJK/momi3, 2135150/3541116983/Sound/foxJK/momi3.wav
[CWL][INFO] [DataLoader] 预加载音频 foxJK/nyan, 2135150/3541116983/Sound/foxJK/nyan.ogg
[CWL][INFO] [DataLoader] 预加载音频 foxJK/oil, 2135150/3541116983/Sound/foxJK/oil.ogg
[CWL][INFO] [DataLoader] 预加载音频 foxJK/pa, 2135150/3541116983/Sound/foxJK/pa.ogg
[CWL][INFO] [DataLoader] 预加载音频 foxJK/pachipachi1, 2135150/3541116983/Sound/foxJK/pachipachi1.ogg
[CWL][INFO] [DataLoader] 预加载音频 foxJK/pachipachi2, 2135150/3541116983/Sound/foxJK/pachipachi2.ogg
[CWL][INFO] [DataLoader] 预加载音频 foxJK/papapa, 2135150/3541116983/Sound/foxJK/papapa.ogg
[CWL][INFO] [DataLoader] 预加载音频 foxJK/pata, 2135150/3541116983/Sound/foxJK/pata.ogg
[CWL][INFO] [DataLoader] 预加载音频 foxJK/pinpon, 2135150/3541116983/Sound/foxJK/pinpon.ogg
[CWL][INFO] [DataLoader] 预加载音频 foxJK/pon, 2135150/3541116983/Sound/foxJK/pon.ogg
[CWL][INFO] [DataLoader] 预加载音频 foxJK/pospos, 2135150/3541116983/Sound/foxJK/pospos.ogg
[CWL][INFO] [DataLoader] 预加载音频 foxJK/pun, 2135150/3541116983/Sound/foxJK/pun.ogg
[CWL][INFO] [DataLoader] 预加载音频 foxJK/puni, 2135150/3541116983/Sound/foxJK/puni.ogg
[CWL][INFO] [DataLoader] 预加载音频 foxJK/pushi, 2135150/3541116983/Sound/foxJK/pushi.wav
[CWL][INFO] [DataLoader] 预加载音频 foxJK/pyun, 2135150/3541116983/Sound/foxJK/pyun.mp3
[CWL][INFO] [DataLoader] 预加载音频 foxJK/shaki, 2135150/3541116983/Sound/foxJK/shaki.ogg
[CWL][INFO] [DataLoader] 预加载音频 foxJK/slap, 2135150/3541116983/Sound/foxJK/slap.mp3
[CWL][INFO] [DataLoader] 预加载音频 foxJK/surisuri, 2135150/3541116983/Sound/foxJK/surisuri.ogg
[CWL][INFO] [DataLoader] 预加载音频 foxJK/tonton, 2135150/3541116983/Sound/foxJK/tonton.ogg
[CWL][INFO] [DataLoader] 预加载音频 foxJK/warai, 2135150/3541116983/Sound/foxJK/warai.ogg
[CWL][INFO] [DataLoader] 预加载音频 foxJK/wow, 2135150/3541116983/Sound/foxJK/wow.ogg
[CWL][INFO] [DataLoader] 预加载音频 BGM/6666, 2135150/3476878681/Sound/BGM/6666.wav
[CWL][INFO] [DataLoader] 预加载音频 hsu_drama/bari, 2135150/3476878681/Sound/hsu_drama/bari.mp3
[CWL][INFO] [DataLoader] 预加载音频 hsu_drama/bun, 2135150/3476878681/Sound/hsu_drama/bun.mp3
[CWL][INFO] [DataLoader] 预加载音频 hsu_drama/busha, 2135150/3476878681/Sound/hsu_drama/busha.wav
[CWL][INFO] [DataLoader] 预加载音频 hsu_drama/chunchun, 2135150/3476878681/Sound/hsu_drama/chunchun.wav
[CWL][INFO] [DataLoader] 预加载音频 hsu_drama/dobyu, 2135150/3476878681/Sound/hsu_drama/dobyu.wav
[CWL][INFO] [DataLoader] 预加载音频 hsu_drama/dobyu2, 2135150/3476878681/Sound/hsu_drama/dobyu2.wav
[CWL][INFO] [DataLoader] 预加载音频 hsu_drama/doku, 2135150/3476878681/Sound/hsu_drama/doku.mp3
[CWL][INFO] [DataLoader] 预加载音频 hsu_drama/don, 2135150/3476878681/Sound/hsu_drama/don.mp3
[CWL][INFO] [DataLoader] 预加载音频 hsu_drama/dosa, 2135150/3476878681/Sound/hsu_drama/dosa.mp3
[CWL][INFO] [DataLoader] 预加载音频 hsu_drama/fuu, 2135150/3476878681/Sound/hsu_drama/fuu.wav
[CWL][INFO] [DataLoader] 预加载音频 hsu_drama/fuu2, 2135150/3476878681/Sound/hsu_drama/fuu2.wav
[CWL][INFO] [DataLoader] 预加载音频 hsu_drama/fuu3, 2135150/3476878681/Sound/hsu_drama/fuu3.wav
[CWL][INFO] [DataLoader] 预加载音频 hsu_drama/gishi1, 2135150/3476878681/Sound/hsu_drama/gishi1.wav
[CWL][INFO] [DataLoader] 预加载音频 hsu_drama/gishi2, 2135150/3476878681/Sound/hsu_drama/gishi2.wav
[CWL][INFO] [DataLoader] 预加载音频 hsu_drama/goshi, 2135150/3476878681/Sound/hsu_drama/goshi.mp3
[CWL][INFO] [DataLoader] 预加载音频 hsu_drama/goshi2, 2135150/3476878681/Sound/hsu_drama/goshi2.mp3
[CWL][INFO] [DataLoader] 预加载音频 hsu_drama/gyu, 2135150/3476878681/Sound/hsu_drama/gyu.wav
[CWL][INFO] [DataLoader] 预加载音频 hsu_drama/gyuu, 2135150/3476878681/Sound/hsu_drama/gyuu.wav
[CWL][INFO] [DataLoader] 预加载音频 hsu_drama/jinguru, 2135150/3476878681/Sound/hsu_drama/jinguru.wav
[CWL][INFO] [DataLoader] 预加载音频 hsu_drama/kankan, 2135150/3476878681/Sound/hsu_drama/kankan.wav
[CWL][INFO] [DataLoader] 预加载音频 hsu_drama/kata, 2135150/3476878681/Sound/hsu_drama/kata.wav
[CWL][INFO] [DataLoader] 预加载音频 hsu_drama/kira, 2135150/3476878681/Sound/hsu_drama/kira.mp3
[CWL][INFO] [DataLoader] 预加载音频 hsu_drama/kiss, 2135150/3476878681/Sound/hsu_drama/kiss.wav
[CWL][INFO] [DataLoader] 预加载音频 hsu_drama/kiss2, 2135150/3476878681/Sound/hsu_drama/kiss2.wav
[CWL][INFO] [DataLoader] 预加载音频 hsu_drama/kuchu, 2135150/3476878681/Sound/hsu_drama/kuchu.mp3
[CWL][INFO] [DataLoader] 预加载音频 hsu_drama/mimi, 2135150/3476878681/Sound/hsu_drama/mimi.wav
[CWL][INFO] [DataLoader] 预加载音频 hsu_drama/mimi2, 2135150/3476878681/Sound/hsu_drama/mimi2.wav
[CWL][INFO] [DataLoader] 预加载音频 hsu_drama/momi, 2135150/3476878681/Sound/hsu_drama/momi.wav
[CWL][INFO] [DataLoader] 预加载音频 hsu_drama/momi2, 2135150/3476878681/Sound/hsu_drama/momi2.wav
[CWL][INFO] [DataLoader] 预加载音频 hsu_drama/momi3, 2135150/3476878681/Sound/hsu_drama/momi3.wav
[CWL][INFO] [DataLoader] 预加载音频 hsu_drama/pirori, 2135150/3476878681/Sound/hsu_drama/pirori.mp3
[CWL][INFO] [DataLoader] 预加载音频 hsu_drama/pis3, 2135150/3476878681/Sound/hsu_drama/pis3.mp3
[CWL][INFO] [DataLoader] 预加载音频 hsu_drama/pon, 2135150/3476878681/Sound/hsu_drama/pon.mp3
[CWL][INFO] [DataLoader] 预加载音频 hsu_drama/pushi, 2135150/3476878681/Sound/hsu_drama/pushi.wav
[CWL][INFO] [DataLoader] 预加载音频 hsu_drama/putsu, 2135150/3476878681/Sound/hsu_drama/putsu.wav
[CWL][INFO] [DataLoader] 预加载音频 hsu_drama/rero, 2135150/3476878681/Sound/hsu_drama/rero.wav
[CWL][INFO] [DataLoader] 预加载音频 hsu_drama/rero2, 2135150/3476878681/Sound/hsu_drama/rero2.wav
[CWL][INFO] [DataLoader] 预加载音频 hsu_drama/rero3, 2135150/3476878681/Sound/hsu_drama/rero3.wav
[CWL][INFO] [DataLoader] 预加载音频 hsu_drama/robo, 2135150/3476878681/Sound/hsu_drama/robo.mp3
[CWL][INFO] [DataLoader] 预加载音频 hsu_drama/shu, 2135150/3476878681/Sound/hsu_drama/shu.mp3
[CWL][INFO] [DataLoader] 预加载音频 hsu_drama/slap, 2135150/3476878681/Sound/hsu_drama/slap.mp3
[CWL][INFO] [DataLoader] 预加载音频 hsu_drama/wave, 2135150/3476878681/Sound/hsu_drama/wave.mp3
[CWL][INFO] [DataLoader] 预加载音频 ubelim_railgun, content/2135150/3465665987/Sound/ubelim_railgun.ogg
[CWL][INFO] [DataLoader] 预加载音频 Instrument/Mic_teto, 2135150/3385442190/Sound/Instrument/Mic_teto.wav
[CWL][INFO] [DataLoader] 预加载音频 padoru-1, content/2135150/3383191390/Sound/padoru-1.wav
[CWL][INFO] [DataLoader] 预加载音频 padoru-2, content/2135150/3383191390/Sound/padoru-2.wav
[CWL][INFO] [DataLoader] 预加载音频 padoru-3, content/2135150/3383191390/Sound/padoru-3.wav
[CWL][INFO] [DataLoader] 预加载音频 padoru-4, content/2135150/3383191390/Sound/padoru-4.wav
[CWL][INFO] [DataLoader] 预加载音频 padoru-5, content/2135150/3383191390/Sound/padoru-5.wav
[CWL][INFO] [DataLoader] 预加载音频 Instrument/miku1, 2135150/3399432174/Sound/Instrument/miku1.wav
[CWL][INFO] [DataLoader] 预加载音频 tinymita/14, 2135150/3396774199/Sound/tinymita/14.ogg
[CWL][INFO] [DataLoader] 预加载音频 tinymita/15, 2135150/3396774199/Sound/tinymita/15.ogg
[CWL][INFO] [DataLoader] 预加载音频 tinymita/17, 2135150/3396774199/Sound/tinymita/17.ogg
[CWL][INFO] [DataLoader] 预加载音频 tinymita/19, 2135150/3396774199/Sound/tinymita/19.ogg
[CWL][INFO] [DataLoader] 预加载音频 tinymita/22, 2135150/3396774199/Sound/tinymita/22.ogg
[CWL][INFO] [DataLoader] 预加载音频 tinymita/25, 2135150/3396774199/Sound/tinymita/25.ogg
[CWL][INFO] [DataLoader] 预加载音频 tinymita/26, 2135150/3396774199/Sound/tinymita/26.ogg
[CWL][INFO] [DataLoader] 预加载音频 tinymita/27, 2135150/3396774199/Sound/tinymita/27.ogg
[CWL][INFO] [DataLoader] 预加载音频 tinymita/28, 2135150/3396774199/Sound/tinymita/28.ogg
[CWL][INFO] [DataLoader] 预加载音频 tinymita/29, 2135150/3396774199/Sound/tinymita/29.ogg
[CWL][INFO] [DataLoader] 预加载音频 tinymita/33, 2135150/3396774199/Sound/tinymita/33.ogg
[CWL][INFO] [DataLoader] 预加载音频 tinymita/34, 2135150/3396774199/Sound/tinymita/34.ogg
[CWL][INFO] [DataLoader] 预加载音频 tinymita/35, 2135150/3396774199/Sound/tinymita/35.ogg
[CWL][INFO] [DataLoader] 预加载音频 tinymita/36, 2135150/3396774199/Sound/tinymita/36.ogg
[CWL][INFO] [DataLoader] 预加载音频 tinymita/39, 2135150/3396774199/Sound/tinymita/39.ogg
[CWL][INFO] [DataLoader] 预加载音频 tinymita/40, 2135150/3396774199/Sound/tinymita/40.ogg
[CWL][INFO] [DataLoader] 预加载音频 tinymita/41, 2135150/3396774199/Sound/tinymita/41.ogg
[CWL][INFO] [DataLoader] 预加载音频 tinymita/42, 2135150/3396774199/Sound/tinymita/42.ogg
[CWL][INFO] [DataLoader] 预加载音频 tinymita/43, 2135150/3396774199/Sound/tinymita/43.ogg
[CWL][INFO] [DataLoader] 预加载音频 tinymita/44, 2135150/3396774199/Sound/tinymita/44.ogg
[CWL][INFO] [DataLoader] 预加载音频 tinymita/45, 2135150/3396774199/Sound/tinymita/45.ogg
[CWL][INFO] [DataLoader] 预加载音频 tinymita/48, 2135150/3396774199/Sound/tinymita/48.ogg
[CWL][INFO] [DataLoader] 预加载音频 tinymita/49, 2135150/3396774199/Sound/tinymita/49.ogg
[CWL][INFO] [DataLoader] 预加载音频 tinymita/50, 2135150/3396774199/Sound/tinymita/50.ogg
[CWL][INFO] [DataLoader] 预加载音频 tinymita/51, 2135150/3396774199/Sound/tinymita/51.ogg
[CWL][INFO] [DataLoader] 预加载音频 tinymita/52, 2135150/3396774199/Sound/tinymita/52.ogg
[CWL][INFO] [DataLoader] 预加载音频 tinymita/57, 2135150/3396774199/Sound/tinymita/57.ogg
[CWL][INFO] [DataLoader] 预加载音频 tinymita/60, 2135150/3396774199/Sound/tinymita/60.ogg
[CWL][INFO] [DataLoader] 预加载音频 tinymita/61, 2135150/3396774199/Sound/tinymita/61.ogg
[CWL][INFO] [DataLoader] 预加载音频 tinymita/62, 2135150/3396774199/Sound/tinymita/62.ogg
[CWL][INFO] [DataLoader] 预加载音频 tinymita/63, 2135150/3396774199/Sound/tinymita/63.ogg
[CWL][INFO] [DataLoader] 预加载音频 tinymita/68, 2135150/3396774199/Sound/tinymita/68.ogg
[CWL][INFO] [DataLoader] 预加载音频 tinymita/69, 2135150/3396774199/Sound/tinymita/69.ogg
[CWL][INFO] [DataLoader] 预加载音频 tinymita/7, 2135150/3396774199/Sound/tinymita/7.ogg
[CWL][INFO] [DataLoader] 预加载音频 tinymita/72, 2135150/3396774199/Sound/tinymita/72.ogg
[CWL][INFO] [DataLoader] 预加载音频 tinymita/73, 2135150/3396774199/Sound/tinymita/73.ogg
[CWL][INFO] [DataLoader] 预加载音频 tinymita/74, 2135150/3396774199/Sound/tinymita/74.ogg
[CWL][INFO] [DataLoader] 预加载音频 tinymita/78, 2135150/3396774199/Sound/tinymita/78.ogg
[CWL][INFO] [DataLoader] 预加载音频 tinymita/8, 2135150/3396774199/Sound/tinymita/8.ogg
[CWL][INFO] [DataLoader] 预加载音频 tinymita/81, 2135150/3396774199/Sound/tinymita/81.ogg
[CWL][INFO] [DataLoader] 预加载音频 tinymita/82, 2135150/3396774199/Sound/tinymita/82.ogg
[CWL][INFO] [DataLoader] 预加载音频 tinymita/83, 2135150/3396774199/Sound/tinymita/83.ogg
[CWL][INFO] [DataLoader] 预加载音频 tinymita/84, 2135150/3396774199/Sound/tinymita/84.ogg
[CWL][INFO] [DataLoader] 预加载音频 hnp_pc_dead_se_01, content/2135150/3452306613/Sound/hnp_pc_dead_se_01.mp3
[CWL][INFO] [DataLoader] 预加载音频 hnp_pc_dead_voice_a_01, content/2135150/3452306613/Sound/hnp_pc_dead_voice_a_01.mp3
[CWL][INFO] [DataLoader] 预加载音频 hnp_pc_dead_voice_a_01_extra, content/2135150/3452306613/Sound/hnp_pc_dead_voice_a_01_extra.mp3
[CWL][INFO] [DataLoader] 预加载音频 BGM/Blue_Training_Hall, 2135150/3562362761/Sound/BGM/Blue_Training_Hall.ogg
[CWL][INFO] [DataLoader] 预加载音频 BGM/Fairy_Forge, 2135150/3562362761/Sound/BGM/Fairy_Forge.ogg
[CWL][INFO] [DataLoader] 预加载音频 BGM/Lurgy_Battle, 2135150/3562362761/Sound/BGM/Lurgy_Battle.ogg
[CWL][INFO] [DataLoader] 预加载音频 BGM/Nanasu_Theme, 2135150/3562362761/Sound/BGM/Nanasu_Theme.ogg
[CWL][INFO] [DataLoader] 预加载音频 BGM/Nasuko_Battle, 2135150/3562362761/Sound/BGM/Nasuko_Battle.ogg
[CWL][INFO] [CustomPlaylist] 添加了新 BGM 2446 BGM/扶炉轻叹-14-追忆の海
[CWL][INFO] [CustomPlaylist] 添加了新 BGM 2445 BGM/桜の落ちる時
[CWL][INFO] [CustomPlaylist] 添加了新 BGM 778 BGM/778
[CWL][INFO] [CustomPlaylist] 添加了新 BGM 779 BGM/779
[CWL][INFO] [CustomPlaylist] 添加了新 BGM 780 BGM/780
[CWL][INFO] [CustomPlaylist] 添加了新 BGM 781 BGM/781
[CWL][INFO] [CustomPlaylist] 添加了新 BGM 782 BGM/782
[CWL][INFO] [CustomPlaylist] 添加了新 BGM 783 BGM/783
[CWL][INFO] [CustomPlaylist] 添加了新 BGM 784 BGM/784
[CWL][INFO] [CustomPlaylist] 添加了新 BGM 785 BGM/785
[CWL][INFO] [CustomPlaylist] 添加了新 BGM 786 BGM/786
[CWL][INFO] [CustomPlaylist] 添加了新 BGM 777 BGM/enter
[CWL][INFO] [CustomPlaylist] 添加了新 BGM 6666 BGM/6666
[CWL][INFO] [CustomPlaylist] 添加了新 BGM 74503 BGM/Blue_Training_Hall
[CWL][INFO] [CustomPlaylist] 添加了新 BGM 74504 BGM/Fairy_Forge
[CWL][INFO] [CustomPlaylist] 添加了新 BGM 74505 BGM/Lurgy_Battle
[CWL][INFO] [CustomPlaylist] 添加了新 BGM 74501 BGM/Nanasu_Theme
[CWL][INFO] [CustomPlaylist] 添加了新 BGM 74502 BGM/Nasuko_Battle
ImportExcel source:SourceChara (SourceChara) Path:G:\Program Files (x86)\steam\steamapps\workshop\content\2135150\3451025284/SourceCard.xlsx
Importing Sheet:Chara
Chara/1048575/0
Imported Chara
ImportExcel source:SourceCharaText (SourceCharaText) Path:G:\Program Files (x86)\steam\steamapps\workshop\content\2135150\3451025284/SourceCard.xlsx
Importing Sheet:CharaText
CharaText/1048575/0
Imported CharaText
ImportExcel source:SourceThing (SourceThing) Path:G:\Program Files (x86)\steam\steamapps\workshop\content\2135150\3451025284/SourceCard.xlsx
Importing Sheet:Thing
Thing/1023/285
Imported Thing
ImportExcel source:SourceThing (SourceThing) Path:G:\Program Files (x86)\steam\steamapps\workshop\content\2135150\3366547733/SourceCard.xlsx
Importing Sheet:Thing
Thing/1004/2
Imported Thing
ImportExcel source:SourceCategory (SourceCategory) Path:G:\Program Files (x86)\steam\steamapps\workshop\content\2135150\3389525107/panty.xlsx
Importing Sheet:Category
Category/136/1
Imported Category
ImportExcel source:LangGeneral (LangGeneral) Path:G:\Program Files (x86)\steam\steamapps\workshop\content\2135150\3561260845/AI_Lang.xlsx
Importing Sheet:General
General/3/1
Imported General
YIKArena:(LOG)準備開始
YIKArena:(LOG)AppendOpponent40件
YIKArena:(LOG)OpponentParty125件
YIKArena:(LOG)準備完了
Mod_YikPartyTalk:初期化完了
--=-= ShinySpell_AssetLoading =-=--
modPath..:G:\Program Files (x86)\steam\steamapps\workshop\content\2135150\3380616117
--=-= ShinySpell ConfigLoading... =-=--
SS_Config:castBlack:True
SS_Config:castWhite:True
SS_Config:castBlue:True
SS_Config:castSummon:True
SS_Config:spArrow1:True
SS_Config:spBolt:True
SS_Config:spBall:True
SS_Config:spMiasma:True
SS_Config:spHand:True
SS_Config:spSlash:True
SS_Config:spBuff:True
SS_Config:spBuffSpd:True
SS_Config:spBuffShield:True
SS_Config:spBuffShield2:True
SS_Config:spDebuff:True
SS_Config:spDebuffSpd:True
SS_Config:spDebuffDef:True
SS_Config:spMap:True
SS_Config:testpart1:True
SS_Config:testpart2:True
--=-= ShinySpell ConfigLoadingDone =-=--
ImportExcel source:SourceChara (SourceChara) Path:G:\Program Files (x86)\steam\steamapps\workshop\content\2135150\3380350255\LangMod/EN/Kubrika_SourceCard.xlsx
Importing Sheet:Chara
Chara/3/1
Imported Chara
ImportExcel source:SourceChara (SourceChara) Path:G:\Program Files (x86)\steam\steamapps\workshop\content\2135150\3378519489/SourceCard.xlsx
Importing Sheet:Chara
Chara/11/9
Imported Chara
ImportExcel source:SourceCharaText (SourceCharaText) Path:G:\Program Files (x86)\steam\steamapps\workshop\content\2135150\3378519489/SourceCard.xlsx
Importing Sheet:CharaText
CharaText/7/5
Imported CharaText
ImportExcel source:LangGeneral (LangGeneral) Path:G:\Program Files (x86)\steam\steamapps\workshop\content\2135150\3394986459/Langs.xlsx
Importing Sheet:General
General/3/1
Imported General
ImportExcel source:SourceElement (SourceElement) Path:G:\Program Files (x86)\steam\steamapps\workshop\content\2135150\3570082930/Data/SourceCard.xlsx
Importing Sheet:Element
Element/4/1
Imported Element
UnityEngine.CoreModule
PackageLoader
FixedPackageLoader
Minigame.CustomSlots
FilterMessages
Mod_SharedFactories
ItemFilterPlus
GiftedEquipmentPriority
SeedsFertilityCost
ModOptions
Mod_DefertilizerWorks
PetsTakeMoreItems
ResidentsDoNotWaste
SpecificNotifications
NoResidentSharedFood
PortraitPicker
SoloDump
TextureExpandRecompiled
WakeUp
ResidentsShareFindings
NoComplainingOnlyCarrying
ResMutationTweakMod
CustomWhateverLoader
ResidentsExcludedSharedContainers
YKFramework
LongMeditate
OnlyMeals
PickQuestRewards
MissingObjectRecipeInformation
KnowWhoYouBuy
Elin_AddFoodDistribution
Elin_AutoEat
EyesInTheSkyMod
AnimatedCustomSprites
VariableSpriteSupport
Mod_KiriaDLC
KeepUsingtheSameAmmo
EnhancedSearch_xn
Astesia2331
ElinSleightOfHandDisplay
FlowerGarden_MOD
FarmDoctor
elin_goto_title_hotkey
ObserverAbility
PantyOnHead
StaminaActionStop
CharacterCustomizationMinus
KKResidentAliasChanger
MilkStats
BetterEnchants
AutoPickupTent
BatchProcessing
YKDevTool
RestockTracker
BetterIdentifyAll
LS Eat To Exp
KKWithMySister
Emmersive
PartyMPST
CombatStatsDisplay
Mod_PandaDynamicEtherDiseaseMod
Donakoko
InuiBackAttack
YKFramework
ShopUpdata
ItemSellValue
PlantDoctor
TourismList
CustomAI_Enhanced_Recompiled
ExpNotifier
FirstMod
PartyWage
SayPiety
elin_spell_book_note
InspectEverything
KinFoodParameter
YIKYikArena
KKResidentInfo
KKSmartAbilities
Mod_H7NefiaCurrencyScaling
AddLittleInfo
BaggageFirst
KKDisplayNaughtyBook
AbsolutelyWishing
BA_natsu
ElinInfinityWarhornMod
GodArtifactLimitRemoveModVersion
AlliesCatchThrownFood
TpStackableTool
EtherDiseaseNotification
TpAnyStethoscope
KKQuestTimer
EnchantValueDisplay
YIKHugMe
YIKPartyTalk
Christmas Red Saber - Custom Adventurer
NoRandomQuestLimit
TAOAdoption
TpStackableAging
yzExParticle
AdvTrainForRematch
Kubrika
CustomAdvMutsumi
ElinHarvestEvent
ShowMoreDigits
YIKPresentForU
yz_SwarmEvent
PlayablePutit
AutoDropSculpture
MouseWheelZoom
FenceWontDestroyPlants
Party Info HP Display
ResidentsRanchWithYou
BetterTrolley
ResidentsEatWithYou
Mudrock2544
DontThrowPotion
O_miku
TpPerfectTrainer
HighlightDirtyFloor
MainTextAlert
AllyAutoPick
AmazingParty
Angelina2241
AutoActMod
ModHelp
FloorLibraryMod
ResidentsFishWithYou
ServantUnememy
SparklyWater
BetterSleep
AutoActAllyExpansion
HnpDeathSceneModifier
HnpMultiItemDetector
ModAyaMob
GiveItBack
DontPatMyWaifu
AdditionalDeco
SpecificPortraits
ModConfigGUI
ModViewerMinus
Elin_Tweaker_Mod
NanasuQuestPack
NPCSpellFix
NPCSpellManager
CustomWhateverLoader
[CWL][INFO] [CustomElement] 已加载自定义 Element: 90000, 限定类型: ActBankAccess
[CWL][INFO] [GameIOContext] load Lafrontier/Elin/Custom Whatever Loader/chunks/ee7b514aa5851b8a5e578fcb0d98b2da49ce1d84851ee503eb82bd32ef2193b3.chunkc
[CWL][INFO] [GameIOContext] load Lafrontier/Elin/Custom Whatever Loader/chunks/e1479e6bf1a4222dd4c3ee56d8895258a4b0141a5352770569adf35be0029b81.chunkc
[CWL][INFO] [GameIOContext] load Lafrontier/Elin/Custom Whatever Loader/chunks/4cfc062dc9fa0a6f5212855e226da61b188e9a72cc2c806f1f5c1fb6726aabb6.chunkc
[CWL][INFO] [GameIOContext] load Lafrontier/Elin/Custom Whatever Loader/chunks/af9826089521a376a1879ac94737f5ba3f3c2c1556c7582008d800628f280f4a.chunkc
[CWL][INFO] [GameIOContext] load Lafrontier/Elin/Custom Whatever Loader/chunks/2dcab735b2c946cf6bde2c19f3dfb6126aa6eedf00808aec720ec3704fae5f36.chunkc
[CWL][INFO] [GameIOContext] load Lafrontier/Elin/Custom Whatever Loader/chunks/1f0bdacc76f3a8fa41bd49fa0f7c873d861ae9995bd57a4b159769af00a90b83.chunkc
[CWL][INFO] [GameIOContext] load Lafrontier/Elin/Custom Whatever Loader/chunks/82e85ded1471053e2661d630df834410db7aa146486d8c022feefe65b62c42fc.chunkc
[CWL][INFO] [GameIOContext] load Lafrontier/Elin/Custom Whatever Loader/chunks/6ff527e8af31fd22cfd1a656a1052bb94ff3303c33ba7bdbece6baaf9a71a17d.chunkc
[CWL][INFO] [GameIOContext] load Lafrontier/Elin/Custom Whatever Loader/chunks/8d79b8606b216888269567352ce0ff66dc42130b5bc0163fdc0dfb1f56951102.chunkc
[CWL][INFO] [GameIOContext] load Lafrontier/Elin/Custom Whatever Loader/chunks/c455ae0f46b357ebb68bdd3dbdc79559efeeeb1be1b73269b42e2616c433aaa2.chunkc
[CWL][INFO] [GameIOContext] load Lafrontier/Elin/Custom Whatever Loader/chunks/52bab387c5b986090026a834d0f35b2372494c833704833fcf6a34ea28fbe2de.chunkc
[CWL][INFO] [GameIOContext] load Lafrontier/Elin/Custom Whatever Loader/chunks/88e1e85631e54ab632cf64a507b72105dec815b8b48c5ca88c46b763379964eb.chunkc
[CWL][INFO] [GameIOContext] load Lafrontier/Elin/Custom Whatever Loader/chunks/519cdd6738ccfabb98aaee1ef3dc1b46886da201addd9c9ebad56edacbff7944.chunkc
[CWL][INFO] [GameIOContext] load Lafrontier/Elin/Custom Whatever Loader/chunks/a9cfd56f9e45733a9a81ffae3bb7ef34a6b95fc251131b303a3db245fb4a8fa5.chunkc
[CWL][INFO] [GameIOContext] load Lafrontier/Elin/Custom Whatever Loader/chunks/c898d87f81e56444c1d5d6214d5dd14a7257926ed50d6e0058f4b4e8da3b254a.chunkc
[CWL][INFO] [GameIOContext] load Lafrontier/Elin/Custom Whatever Loader/chunks/88795c077ba0b6972d42d32800847395616f946b499b03312d8e814ca8e5b0da.chunkc
[CWL][INFO] [GameIOContext] load Lafrontier/Elin/Custom Whatever Loader/chunks/687ea4253cdc4daa1e3c59e41da0106e0be65e8c766c64fd6938d10238bbc302.chunkc
[CWL][INFO] [GameIOContext] load Lafrontier/Elin/Custom Whatever Loader/chunks/f049407675eac56f122126c4a45c4f0a3a105e59d577b358365041464f570868.chunkc
[CWL][INFO] [GameIOContext] load Lafrontier/Elin/Custom Whatever Loader/chunks/891f806b55e7cf43c31888d874c528d5afa2319dbb5d53934a32678c9c3b7927.chunkc
[CWL][INFO] [GameIOContext] load Lafrontier/Elin/Custom Whatever Loader/chunks/82bb9c0be1dc4ddb0387f5b2081862d63776fcb798523c74f141a12a4b530155.chunkc
[CWL][INFO] [GameIOContext] load Lafrontier/Elin/Custom Whatever Loader/chunks/39c36d07698a02d30d2a2ce0cafe175f8b0bde8fecfc0555862d6cf623b767a0.chunkc
[CWL][INFO] [GameIOContext] load Lafrontier/Elin/Custom Whatever Loader/chunks/bd76a3ec531deae2c587a19da927e9c10a30bd2972f6b97dad646812015027a3.chunkc
[CWL][INFO] [GameIOContext] load Lafrontier/Elin/Custom Whatever Loader/chunks/a41aa4c8d3063aa4b7c0db857b120dacc0fa93045ed4207475e8cd18cd9f5523.chunkc
[CWL][INFO] [GameIOContext] load Lafrontier/Elin/Custom Whatever Loader/chunks/161a798c3fe7f43cbf57c7430ed45fb03a7cbea2c2b57ceb77628276d6a33264.chunkc
[CWL][INFO] [GameIOContext] load Lafrontier/Elin/Custom Whatever Loader/chunks/d069bfc19f3772680b247f0d965fb877feedee534a9b6647c0b37f6d7d053837.chunkc
[CWL][INFO] [GameIOContext] load Lafrontier/Elin/Custom Whatever Loader/chunks/c05c7c233d7946ac288d0341e76c376f1fa2be8b035e5d1499341060f304ae50.chunkc
[CWL][INFO] [GameIOContext] load Lafrontier/Elin/Custom Whatever Loader/chunks/8db38d9ef1c5cad496a5a20e924248c03090d0ed0caaf814e53ec50d2899bae4.chunkc
[CWL][INFO] [GameIOContext] load Lafrontier/Elin/Custom Whatever Loader/chunks/2cc43bac3055857f6c62b5e5d768dd4d338b0ca63b9347d2a7dde621caed9364.chunkc
[CWL][INFO] [GameIOContext] load Lafrontier/Elin/Custom Whatever Loader/chunks/b48bed82809cbc3f56e10ca6ca423e83fd22febecf38fdf6f50046176e54aed7.chunkc
[CWL][INFO] [GameIOContext] load Lafrontier/Elin/Custom Whatever Loader/chunks/9a4560eb06d632af422c329cd3bfd7b5dd815e3c34bba69239b298d0bdf7be33.chunkc
[CWL][INFO] [GameIOContext] load Lafrontier/Elin/Custom Whatever Loader/chunks/0c9c94f0d204d2e69122dc8a6444c6ecf4e99f146bf5e58954c06ed6f4bbdb31.chunkc
[CWL][INFO] [GameIOContext] load Lafrontier/Elin/Custom Whatever Loader/chunks/58b0b6969bdd1dbf3b1c0e858776011c0b6aff3c7b7e4962db6cf780dd98871d.chunkc
[CWL][INFO] [GameIOContext] load Lafrontier/Elin/Custom Whatever Loader/chunks/ba73fb391b6ec47d01beb29fdf0a474f0f95c8801557f82580f3cd6027592b08.chunkc
[CWL][INFO] [GameIOContext] load Lafrontier/Elin/Custom Whatever Loader/chunks/b0210a304c1e017726537c46459ea094ac21b3be31adfc5294aa3aeb275a24c6.chunkc
[CWL][INFO] [GameIOContext] load Lafrontier/Elin/Custom Whatever Loader/chunks/daa44c9658acd0670895eb18ff6b928324411fb253eed8a4c30046762e45e8b4.chunkc
[CWL][INFO] [GameIOContext] load Lafrontier/Elin/Custom Whatever Loader/chunks/8db9a8bc58c2a28a1c38d49a102ae60cb054129edbcd9141171f2e7262e09973.chunkc
[CWL][INFO] [GameIOContext] load Lafrontier/Elin/Custom Whatever Loader/chunks/fcaf9755eedfa9a04b7a4c2678dde882f12a00e832b0e1eeae0590382c6ba776.chunkc
[CWL][INFO] [GameIOContext] load Lafrontier/Elin/Custom Whatever Loader/chunks/dec32418ec4415c068c9bd83fd8157c332a0dd0524186df7ee8a265df5039d9a.chunkc
[CWL][INFO] [GameIOContext] load Lafrontier/Elin/Custom Whatever Loader/chunks/26a64b1d1050723107bf502743c4948bf14663559449bff86bc05a41f6b429c6.chunkc
[CWL][INFO] [GameIOContext] load Lafrontier/Elin/Custom Whatever Loader/chunks/14b6cd4a221793ca747dcb14a28a4530feff649ef60fb95646683b303213868e.chunkc
[CWL][INFO] [GameIOContext] load Lafrontier/Elin/Custom Whatever Loader/chunks/61e91ab87f59b46a01e012070c184a956af3278a2fbe1b12d0192ffeaa2929ff.chunkc
[CWL][INFO] [GameIOContext] load Lafrontier/Elin/Custom Whatever Loader/chunks/6f04cd2fa70339abf32b43514b0f2c0edf0edb99cd58a1c962fad4daced5f544.chunkc
[CWL][INFO] [GameIOContext] load Lafrontier/Elin/Custom Whatever Loader/chunks/d8031319a67154493b749d534753ada25550e26424939fc606b1bcb3d31c1b3f.chunkc
[CWL][INFO] [GameIOContext] load Lafrontier/Elin/Custom Whatever Loader/chunks/4e3da8ace4b50e3e16db4ebbbb4375be0fe8ac05764114ca949e9794767927ec.chunkc
[CWL][INFO] [GameIOContext] load Lafrontier/Elin/Custom Whatever Loader/chunks/9264b80f229ec4e5d57b571e454216d6151ccbfa469b73d079d1d219972eb75c.chunkc
[CWL][INFO] [GameIOContext] load Lafrontier/Elin/Custom Whatever Loader/chunks/20ee06d94dca633b65c4786be0967c11df6a32fb6678e0b2972125edd66e3aea.chunkc
[CWL][INFO] [GameIOContext] load Lafrontier/Elin/Custom Whatever Loader/chunks/e68815d2c1d784d45ff4442a966a498e0d7a236cd75e1227943c310808565b05.chunkc
[CWL][INFO] [GameIOContext] load Lafrontier/Elin/Custom Whatever Loader/chunks/281e9068cda1ddf791e35eaa842132d797482d3dc71224b5d1661d620a289641.chunkc
[CWL][INFO] [GameIOContext] load Lafrontier/Elin/Custom Whatever Loader/chunks/c48da52fa68ad658f5e6bdd6f1c3abe1ce34e41092a7952598ea023dceb74620.chunkc
[CWL][INFO] [GameIOContext] load Lafrontier/Elin/Custom Whatever Loader/chunks/39ad1b3c3f573a506fe3bc08c7dccf358c905d0d7b6d33ea61a2d5de45db4f0c.chunkc
[CWL][INFO] [GameIOContext] load Lafrontier/Elin/Custom Whatever Loader/chunks/ee2534c00a56fb00e1e2f00a04c0753572a916591e906b66a8214a0ccc579630.chunkc
[CWL][INFO] [GameIOContext] load Lafrontier/Elin/Custom Whatever Loader/chunks/2a5f0b89e91a12bf38812e25ac37e0622a824e7152858aa2326a40a0f6ce1e79.chunkc
[CWL][INFO] [GameIOContext] load Lafrontier/Elin/Custom Whatever Loader/chunks/2d80406d386aa5541a7c5399ba6ead61200f2a9038688dc6390646249a5d44b4.chunkc
[CWL][INFO] [GameIOContext] load Lafrontier/Elin/Custom Whatever Loader/chunks/8131829664093e3d1c32d893b14662c3d222eed036df5df330d13f8514ac1e9c.chunkc
[CWL][INFO] [GameIOContext] load Lafrontier/Elin/Custom Whatever Loader/chunks/f43962a8f73c1b2016aa7223182cb182e0ba042deec7df32b989d5c16f8ecca8.chunkc
[CWL][INFO] [GameIOContext] load Lafrontier/Elin/Custom Whatever Loader/chunks/c757367087a9283dd5738eb417944d29fd18a1764e0a77398e434263e3aafdb6.chunkc
[CWL][INFO] [GameIOContext] load Lafrontier/Elin/Custom Whatever Loader/chunks/77af5a089c383be998cb4e482f6f88d41721ea4548804058305285ad4378c737.chunkc
[CWL][INFO] [GameIOContext] load Lafrontier/Elin/Custom Whatever Loader/chunks/56214968abe2a4674b8fb60a8722952a96ed22903bc581c5e15ac35f6edb0025.chunkc
[CWL][INFO] [GameIOContext] load Lafrontier/Elin/Custom Whatever Loader/chunks/12aa1af48fbc3a5d9cb7e362783a6f82d7d7bcf756ed4f25dea666a3d4cc06e6.chunkc
[CWL][INFO] [GameIOContext] load Lafrontier/Elin/Custom Whatever Loader/chunks/808c33147ec55534eeb0a5f6be1d6515749d73a0e88badb03639559afe17eb18.chunkc
[CWL][INFO] [GameIOContext] load Lafrontier/Elin/Custom Whatever Loader/chunks/5855c0ff17386746ee777a71bc81ecffbdc7c0e8c4fa54d386e5c5df70e5567d.chunkc
[CWL][INFO] [GameIOContext] load Lafrontier/Elin/Custom Whatever Loader/chunks/9bc33abd8bc84cc86ffc89e919a735b7997dd11c552c698d64f53c9030e07ea4.chunkc
[CWL][INFO] [GameIOContext] load Lafrontier/Elin/Custom Whatever Loader/chunks/2af8bdf46b6ffab24d6d04d211a4937705422001f643eb0a0a2b6a3dbba8c1b4.chunkc
[CWL][INFO] [GameIOContext] load Lafrontier/Elin/Custom Whatever Loader/chunks/f887a9a0bb1ff6693b3b70ec77717b550b0af501fe578310fa1bea015c027b08.chunkc
[CWL][INFO] [GameIOContext] load Lafrontier/Elin/Custom Whatever Loader/chunks/fb9ae77bceb996b5d68a9ab59af326e5ed498ba6a41ab0dec9c476504dfb0404.chunkc
[CWL][INFO] [GameIOContext] load Lafrontier/Elin/Custom Whatever Loader/chunks/0815db59975c2fad1b770f63ac7f6f2266d450baf85c83fce2dfedad0893d9f3.chunkc
[CWL][INFO] [GameIOContext] load Lafrontier/Elin/Custom Whatever Loader/chunks/a7e37a3a16a86d905e1a13555702761547ffa5b553723109422fb1d89cff6fd5.chunkc
[CWL][INFO] [GameIOContext] load Lafrontier/Elin/Custom Whatever Loader/chunks/a905d68937225a85ee4abdc780de5ed9a1af9aec4cef18e099a67f475e492903.chunkc
[CWL][INFO] [GameIOContext] load Lafrontier/Elin/Custom Whatever Loader/chunks/c1fa22dce69ba00f0cfdf03c4adea97e4294564d935b1e059b83a0f9db525173.chunkc
[CWL][INFO] [GameIOContext] load Lafrontier/Elin/Custom Whatever Loader/chunks/0dd89113239965dafc1bb065c23213f74ccff3cb7f06a814cb2b11620b3c4313.chunkc
[CWL][INFO] [GameIOContext] load Lafrontier/Elin/Custom Whatever Loader/chunks/7b6d143d671e2ded87d811e1446e1375e76df7dbe7cea01c43da97bd56a3541d.chunkc
[CWL][INFO] [GameIOContext] load Lafrontier/Elin/Custom Whatever Loader/chunks/27b35642c5f9bdf0ffa6c411d98f84aabfd4775e64e57d130fb67cae846cb43e.chunkc
[CWL][INFO] [GameIOContext] load Lafrontier/Elin/Custom Whatever Loader/chunks/6bcab3b755859ec262094346319cf4184a60fd00b0de2ae54a5b5ff20a048e88.chunkc
[CWL][INFO] [GameIOContext] load Lafrontier/Elin/Custom Whatever Loader/chunks/b31d3728e99034473d3151c17c4434830b5a2d69f0ce2f83e769cd67f5842321.chunkc
[CWL][INFO] [GameIOContext] load Lafrontier/Elin/Custom Whatever Loader/chunks/812460a730001bf0048b4725db2a809df27f7d735130fa66e5b3553ef95345e4.chunkc
[CWL][INFO] [GameIOContext] load Lafrontier/Elin/Custom Whatever Loader/chunks/5043fa1acc2c34aa85b17bad269175889b9abf9777381e2f1dde5d19db4b0e45.chunkc
[CWL][INFO] [GameIOContext] load Lafrontier/Elin/Custom Whatever Loader/chunks/46a86e188ed0a9fac5c1900daae3129ee48f134d9f5257236d3e4a1ee78ce74c.chunkc
[CWL][INFO] [GameIOContext] load Lafrontier/Elin/Custom Whatever Loader/chunks/23048f8fbd83808d891aae3cffc674bc5292c2673100731a9a1a40d5f271ff8b.chunkc
[CWL][INFO] [GameIOContext] load Lafrontier/Elin/Custom Whatever Loader/chunks/a0553011a3ef54613291d748b4ba6e55286b7ca082c54928819595eb64442033.chunkc
[CWL][INFO] [GameIOContext] load Lafrontier/Elin/Custom Whatever Loader/chunks/3d2280bf560bab01a8c70e7081b495c65356dc3b65b8490386c6833776915016.chunkc
[CWL][INFO] [GameIOContext] load Lafrontier/Elin/Custom Whatever Loader/chunks/ffb022ebafbe8888932268fa4b8e193af3d63b413c90643cbc3ba3e2b74fa1ce.chunkc
[CWL][INFO] [GameIOContext] load Lafrontier/Elin/Custom Whatever Loader/chunks/a7d6292830212c6df61d0338fc8450efdbe49649fd03d6357c648e9abaf9370d.chunkc
[CWL][INFO] [GameIOContext] load Lafrontier/Elin/Custom Whatever Loader/chunks/ad573d0736aa82d1e560b6e21225d5415e201d3e5dba97b1f2aeb33e74ac287f.chunkc
[CWL][INFO] [GameIOContext] load Lafrontier/Elin/Custom Whatever Loader/chunks/3b1fb6d3636e0c4b6014e70fb44726daa5b1f80484a8296cdbc06137a69a5b56.chunkc
[CWL][INFO] [GameIOContext] load Lafrontier/Elin/Custom Whatever Loader/chunks/f46da7f66ddae62e5c752732e9c0d12f28427495a55f11fffc0d769ec86b47b6.chunkc
[CWL][INFO] [GameIOContext] load Lafrontier/Elin/Custom Whatever Loader/chunks/5e21bafc9931783b12b5c2de30b3d55d83ec4f713958a0c4973117f798d65b82.chunkc
[CWL][INFO] [GameIOContext] load Lafrontier/Elin/Custom Whatever Loader/chunks/4541b28a71f8d2c150cc3b0dbdce38a6aead3d8efe6ab8d95acf5171f8e42fce.chunkc
[CWL][INFO] [WorkbookImporter] 工作簿(缓存): 2135150/3408001523/LangMod/CN/SourceCard_AS.xlsx
[CWL][INFO] [WorkbookImporter] SourceElement/1
[CWL][INFO] [WorkbookImporter] 工作簿(缓存): 2135150/3385578698/LangMod/EN/SourceCard.xlsx
[CWL][INFO] [WorkbookImporter] SourceElement/2
[CWL][INFO] [WorkbookImporter] 工作簿(缓存): Package/Mod_Donakoko/LangMod/CN/SourceDonaCN.xlsx
[CWL][INFO] [WorkbookImporter] SourceElement/1
[CWL][INFO] [WorkbookImporter] 工作簿(缓存): 2135150/3577544726/LangMod/CN/furena.xlsx
[CWL][INFO] [WorkbookImporter] SourceElement/1
[CWL][INFO] [WorkbookImporter] 工作簿(缓存): 2135150/3552528878/LangMod/CN/Filene.xlsx
[CWL][INFO] [WorkbookImporter] SourceElement/12
[CWL][INFO] [WorkbookImporter] 工作簿(缓存): 2135150/3466395991/LangMod/CN/sakuya.xlsx
[CWL][INFO] [WorkbookImporter] SourceElement/12
[CWL][INFO] [WorkbookImporter] 工作簿(缓存): 2135150/3494168375/LangMod/CN/Inui_natsu_SourceCardCN.xlsx
[CWL][INFO] [WorkbookImporter] SourceElement/4
[CWL][INFO] [WorkbookImporter] 工作簿(缓存): 2135150/3391652903/LangMod/CN/CustomSource.xlsx
[CWL][INFO] [WorkbookImporter] SourceElement/1
[CWL][INFO] [WorkbookImporter] 工作簿(缓存): 2135150/3410395553/LangMod/CN/SourceCard_MR.xlsx
[CWL][INFO] [WorkbookImporter] SourceElement/1
[CWL][INFO] [WorkbookImporter] 工作簿(缓存): 2135150/3408000126/LangMod/CN/SourceCard_AG.xlsx
[CWL][INFO] [WorkbookImporter] SourceElement/1
[CWL][INFO] [WorkbookImporter] 工作簿(缓存): 2135150/3363692260/LangMod/EN/SourceCard.xlsx
[CWL][INFO] [WorkbookImporter] SourceElement/5
[CWL][INFO] [WorkbookImporter] 工作簿(缓存): 2135150/3479845110/LangMod/CN/SourceCard.xlsx
[CWL][INFO] [WorkbookImporter] SourceElement/5
[CWL][INFO] [WorkbookImporter] 工作簿(缓存): 2135150/3562362761/LangMod/CN/BEP_NQP_Sources.xlsx
[CWL][INFO] [WorkbookImporter] SourceElement/1
[CWL][INFO] [WorkbookImporter] 工作簿(缓存): 2135150/3582088453/LangMod/EN/SourceChara.xlsx
[CWL][INFO] [WorkbookImporter] SourceCharaText/22
[CWL][INFO] [WorkbookImporter] SourceChara/22
[CWL][INFO] [WorkbookImporter] 工作簿(缓存): 2135150/3559286192/LangMod/EN/SourceChara.xlsx
[CWL][INFO] [WorkbookImporter] SourceCharaText/0
[CWL][INFO] [WorkbookImporter] SourceChara/1
[CWL][INFO] [WorkbookImporter] 工作簿(缓存): 2135150/3483902186/LangMod/EN/SourceChara.xlsx
[CWL][INFO] [WorkbookImporter] SourceCharaText/1
[CWL][INFO] [WorkbookImporter] SourceChara/1
[CWL][INFO] [WorkbookImporter] 工作簿(缓存): 2135150/3498739951/LangMod/EN/SourceGoreMagala.xlsx
[CWL][INFO] [WorkbookImporter] SourceChara/2
[CWL][INFO] [WorkbookImporter] 工作簿(缓存): 2135150/3544581639/LangMod/CN/Marazhai Aezyrraesh-V1.3B-CN.xlsx
[CWL][INFO] [WorkbookImporter] SourceChara/1
[CWL][INFO] [WorkbookImporter] SourceCharaText/1
[CWL][INFO] [WorkbookImporter] SourceRace/1
[CWL][INFO] [WorkbookImporter] 工作簿(缓存): 2135150/3381789374/LangMod/CN/KiriaSources.xlsx
[CWL][INFO] [WorkbookImporter] SourceChara/4
[CWL][INFO] [WorkbookImporter] SourceCharaText/1
[CWL][INFO] [WorkbookImporter] SourceMaterial/0
[CWL][INFO] [WorkbookImporter] SourceObj/1
[CWL][INFO] [WorkbookImporter] SourceQuest/2
[CWL][INFO] [WorkbookImporter] SourceThing/4
[CWL][INFO] [WorkbookImporter] SourceZone/2
[CWL][INFO] [WorkbookImporter] 工作簿(缓存): 2135150/3408001523/LangMod/CN/SourceCard_AS.xlsx
[CWL][INFO] [WorkbookImporter] SourceChara/1
[CWL][INFO] [WorkbookImporter] SourceRace/1
[CWL][INFO] [WorkbookImporter] SourceCharaText/1
[CWL][INFO] [WorkbookImporter] SourceCalc/1
[CWL][INFO] [WorkbookImporter] SourceStat/1
[CWL][INFO] [WorkbookImporter] 工作簿(缓存): 2135150/3453133762/LangMod/EN/TH_SourceCard.xlsx
[CWL][INFO] [WorkbookImporter] SourceChara/66
[CWL][INFO] [WorkbookImporter] SourceCharaText/2
[CWL][INFO] [WorkbookImporter] SourceJob/4
[CWL][INFO] [WorkbookImporter] SourceRace/12
[CWL][INFO] [WorkbookImporter] SourceThing/2
[CWL][INFO] [WorkbookImporter] 工作簿(缓存): 2135150/3455076445/LangMod/CN/TH_SourceCardCN.xlsx
[CWL][INFO] [WorkbookImporter] SourceChara/66
[CWL][INFO] [WorkbookImporter] SourceCharaText/2
[CWL][INFO] [WorkbookImporter] SourceJob/4
[CWL][INFO] [WorkbookImporter] SourceRace/12
[CWL][INFO] [WorkbookImporter] SourceThing/2
[CWL][INFO] [WorkbookImporter] 工作簿(缓存): 2135150/3439526917/LangMod/CN/Livia.xlsx
[CWL][INFO] [WorkbookImporter] SourceChara/1
[CWL][INFO] [WorkbookImporter] SourceCharaText/1
[CWL][INFO] [WorkbookImporter] 工作簿(缓存): 2135150/3385578698/LangMod/EN/SourceCard.xlsx
[CWL][INFO] [WorkbookImporter] SourceChara/8
[CWL][INFO] [WorkbookImporter] SourceRace/3
[CWL][INFO] [WorkbookImporter] SourceCharaText/5
[CWL][INFO] [WorkbookImporter] SourceReligion/1
[CWL][INFO] [WorkbookImporter] SourceThing/19
[CWL][INFO] [WorkbookImporter] SourceJob/2
[CWL][INFO] [WorkbookImporter] 工作簿(缓存): 2135150/3387860984/LangMod/CN/Frieren_SourceCard.xlsx
[CWL][INFO] [WorkbookImporter] SourceChara/2
[CWL][INFO] [WorkbookImporter] SourceCharaText/2
[CWL][INFO] [WorkbookImporter] 工作簿(缓存): 2135150/3525515630/LangMod/CN/cmm_localizations.xlsx
[CWL][INFO] [WorkbookImporter] LangGeneral/2
[CWL][INFO] [WorkbookImporter] 工作簿(缓存): 2135150/3515276886/LangMod/CN/KGR_Kotona_SourceCard.xlsx
[CWL][INFO] [WorkbookImporter] SourceThing/1
[CWL][INFO] [WorkbookImporter] SourceRace/1
[CWL][INFO] [WorkbookImporter] SourceJob/1
[CWL][INFO] [WorkbookImporter] SourceChara/1
[CWL][INFO] [WorkbookImporter] SourceCharaText/1
[CWL][INFO] [WorkbookImporter] SourceTactics/1
[CWL][INFO] [WorkbookImporter] 工作簿(缓存): 2135150/3516160377/LangMod/CN/KGR_Kotona_SourceCard.xlsx
[CWL][INFO] [WorkbookImporter] SourceThing/1
[CWL][INFO] [WorkbookImporter] SourceRace/1
[CWL][INFO] [WorkbookImporter] SourceJob/1
[CWL][INFO] [WorkbookImporter] SourceChara/1
[CWL][INFO] [WorkbookImporter] SourceCharaText/1
[CWL][INFO] [WorkbookImporter] SourceTactics/1
[CWL][INFO] [WorkbookImporter] 工作簿(缓存): 2135150/3604456928/LangMod/CN/alice.xlsx
[CWL][INFO] [WorkbookImporter] SourceChara/1
[CWL][INFO] [WorkbookImporter] SourceCharaText/1
[CWL][INFO] [WorkbookImporter] SourceRace/1
[CWL][INFO] [WorkbookImporter] SourceReligion/1
[CWL][INFO] [WorkbookImporter] 工作簿(缓存): 2135150/3604316726/LangMod/CN/Ayane.xlsx
[CWL][INFO] [WorkbookImporter] SourceChara/1
[CWL][INFO] [WorkbookImporter] SourceCharaText/1
[CWL][INFO] [WorkbookImporter] SourceRace/1
[CWL][INFO] [WorkbookImporter] SourceThing/3
[CWL][INFO] [WorkbookImporter] 工作簿(缓存): 2135150/3609038696/LangMod/EN/custom_sources.xlsx
[CWL][INFO] [WorkbookImporter] SourceThing/1
[CWL][INFO] [WorkbookImporter] 工作簿(缓存): 2135150/3609256708/LangMod/CN/Jialong.xlsx
[CWL][INFO] [WorkbookImporter] SourceChara/1
[CWL][INFO] [WorkbookImporter] SourceCharaText/1
[CWL][INFO] [WorkbookImporter] SourceThing/1
[CWL][INFO] [WorkbookImporter] SourceRace/1
[CWL][INFO] [WorkbookImporter] 工作簿(缓存): 2135150/3584176502/LangMod/CN/chara.xlsx
[CWL][INFO] [WorkbookImporter] SourceChara/31
[CWL][INFO] [WorkbookImporter] SourceCharaText/31
[CWL][INFO] [WorkbookImporter] 工作簿(缓存): 2135150/3594155504/LangMod/CN/Majorita.xlsx
[CWL][INFO] [WorkbookImporter] SourceChara/1
[CWL][INFO] [WorkbookImporter] SourceCharaText/1
[CWL][INFO] [WorkbookImporter] SourceRace/1
[CWL][INFO] [WorkbookImporter] SourceThing/2
[CWL][INFO] [WorkbookImporter] 工作簿(缓存): 2135150/3587340176/LangMod/CN/emmersive_localizations_cn.xlsx
[CWL][INFO] [WorkbookImporter] LangGeneral/121
[CWL][INFO] [WorkbookImporter] 工作簿(缓存): 2135150/3586332785/LangMod/CN/xll.xlsx
[CWL][INFO] [WorkbookImporter] SourceChara/1
[CWL][INFO] [WorkbookImporter] SourceCharaText/1
[CWL][INFO] [WorkbookImporter] SourceRace/1
[CWL][INFO] [WorkbookImporter] SourceThing/1
[CWL][INFO] [WorkbookImporter] 工作簿(缓存): Package/Mod_Donakoko/LangMod/CN/SourceDonaCN.xlsx
[CWL][INFO] [WorkbookImporter] SourceStat/1
[CWL][INFO] [WorkbookImporter] SourceThing/2
[CWL][INFO] [WorkbookImporter] SourceChara/1
[CWL][INFO] [WorkbookImporter] SourceCharaText/1
[CWL][INFO] [WorkbookImporter] SourceRace/1
[CWL][INFO] [WorkbookImporter] LangGame/4
[CWL][INFO] [WorkbookImporter] LangGeneral/3
[CWL][INFO] [WorkbookImporter] 工作簿(缓存): 2135150/3577544726/LangMod/CN/furena.xlsx
[CWL][INFO] [WorkbookImporter] SourceChara/1
[CWL][INFO] [WorkbookImporter] SourceCharaText/1
[CWL][INFO] [WorkbookImporter] LangGame/1
[CWL][INFO] [WorkbookImporter] 工作簿(缓存): 2135150/3577715621/LangMod/CN/Lieze.xlsx
[CWL][INFO] [WorkbookImporter] SourceChara/1
[CWL][INFO] [WorkbookImporter] SourceCharaText/1
[CWL][INFO] [WorkbookImporter] SourceRace/1
[CWL][INFO] [WorkbookImporter] SourceThing/1
[CWL][INFO] [WorkbookImporter] 工作簿(缓存): 2135150/3572920591/LangMod/CN/Fool.xlsx
[CWL][INFO] [WorkbookImporter] SourceChara/1
[CWL][INFO] [WorkbookImporter] SourceCharaText/1
[CWL][INFO] [WorkbookImporter] SourceThing/1
[CWL][INFO] [WorkbookImporter] 工作簿(缓存): 2135150/3552528878/LangMod/CN/Filene.xlsx
[CWL][INFO] [WorkbookImporter] SourceChara/1
[CWL][INFO] [WorkbookImporter] SourceCharaText/1
[CWL][INFO] [WorkbookImporter] SourceRace/1
[CWL][INFO] [WorkbookImporter] SourceThing/4
[CWL][INFO] [WorkbookImporter] SourceStat/3
[CWL][INFO] [WorkbookImporter] 工作簿(缓存): 2135150/3561735728/LangMod/CN/lana.xlsx
[CWL][INFO] [WorkbookImporter] SourceChara/1
[CWL][INFO] [WorkbookImporter] SourceCharaText/1
[CWL][INFO] [WorkbookImporter] SourceThing/1
[CWL][INFO] [WorkbookImporter] SourceRace/1
[CWL][INFO] [WorkbookImporter] 工作簿(缓存): 2135150/3541116983/LangMod/CN/FoxJk.xlsx
[CWL][INFO] [WorkbookImporter] SourceChara/2
[CWL][INFO] [WorkbookImporter] SourceCharaText/0
[CWL][INFO] [WorkbookImporter] SourceThing/2
[CWL][INFO] [WorkbookImporter] SourcePerson/80
[CWL][INFO] [WorkbookImporter] SourceRace/2
[CWL][INFO] [WorkbookImporter] 工作簿(缓存): 2135150/3536605980/LangMod/CN/Labrynth.xlsx
[CWL][INFO] [WorkbookImporter] SourceChara/1
[CWL][INFO] [WorkbookImporter] SourceCharaText/1
[CWL][INFO] [WorkbookImporter] SourceRace/1
[CWL][INFO] [WorkbookImporter] SourceThing/2
[CWL][INFO] [WorkbookImporter] 工作簿(缓存): 2135150/3545127059/LangMod/CN/Adventurer_SourceCard.xlsx
[CWL][INFO] [WorkbookImporter] SourceChara/15
[CWL][INFO] [WorkbookImporter] SourceCharaText/15
[CWL][INFO] [WorkbookImporter] 工作簿(缓存): 2135150/3534264350/LangMod/EN/Adventurer_SourceCard.xlsx
[CWL][INFO] [WorkbookImporter] SourceChara/1
[CWL][INFO] [WorkbookImporter] SourceCharaText/1
[CWL][INFO] [WorkbookImporter] 工作簿(缓存): 2135150/3530887829/LangMod/EN/YikAlena.xlsx
[CWL][INFO] [WorkbookImporter] SourceChara/1
[CWL][INFO] [WorkbookImporter] SourceQuest/1
[CWL][INFO] [WorkbookImporter] 工作簿(缓存): 2135150/3480392411/LangMod/CN/Adventurer_SourceCard.xlsx
[CWL][INFO] [WorkbookImporter] SourceChara/3
[CWL][INFO] [WorkbookImporter] SourceCharaText/3
[CWL][INFO] [WorkbookImporter] 工作簿(缓存): 2135150/3480392278/LangMod/CN/Adventurer_SourceCard.xlsx
[CWL][INFO] [WorkbookImporter] SourceChara/3
[CWL][INFO] [WorkbookImporter] SourceCharaText/3
[CWL][INFO] [WorkbookImporter] 工作簿(缓存): 2135150/3477606066/LangMod/CN/Adventurer_SourceCard.xlsx
[CWL][INFO] [WorkbookImporter] SourceChara/6
[CWL][INFO] [WorkbookImporter] SourceCharaText/6
[CWL][INFO] [WorkbookImporter] 工作簿(缓存): 2135150/3476878681/LangMod/CN/HSU.xlsx
[CWL][INFO] [WorkbookImporter] SourceChara/8
[CWL][INFO] [WorkbookImporter] SourcePerson/43
[CWL][INFO] [WorkbookImporter] SourceCharaText/1
[CWL][INFO] [WorkbookImporter] SourceThing/1
[CWL][INFO] [WorkbookImporter] 工作簿(缓存): 2135150/3475254676/LangMod/CN/Adventurer_SourceCard.xlsx
[CWL][INFO] [WorkbookImporter] SourceChara/5
[CWL][INFO] [WorkbookImporter] SourceCharaText/5
[CWL][INFO] [WorkbookImporter] 工作簿(缓存): 2135150/3463927093/LangMod/CN/Adventurer_SourceCard.xlsx
[CWL][INFO] [WorkbookImporter] SourceChara/2
[CWL][INFO] [WorkbookImporter] SourceCharaText/2
[CWL][INFO] [WorkbookImporter] 工作簿(缓存): 2135150/3481552007/LangMod/CN/Adventurer_SourceCard.xlsx
[CWL][INFO] [WorkbookImporter] SourceChara/4
[CWL][INFO] [WorkbookImporter] SourceCharaText/4
[CWL][INFO] [WorkbookImporter] 工作簿(缓存): 2135150/3464347430/LangMod/CN/Sera.xlsx
[CWL][INFO] [WorkbookImporter] SourceChara/1
[CWL][INFO] [WorkbookImporter] SourceCharaText/1
[CWL][INFO] [WorkbookImporter] SourceRace/1
[CWL][INFO] [WorkbookImporter] SourceThing/2
[CWL][INFO] [WorkbookImporter] 工作簿(缓存): 2135150/3465665987/LangMod/CN/Sonoco_V0.8.0.xlsx
[CWL][INFO] [WorkbookImporter] SourceChara/1
[CWL][INFO] [WorkbookImporter] SourceThing/1
[CWL][INFO] [WorkbookImporter] SourceThing/3
[CWL][INFO] [WorkbookImporter] SourceCharaText/1
[CWL][INFO] [WorkbookImporter] SourceRace/1
[CWL][INFO] [WorkbookImporter] 工作簿(缓存): 2135150/3466395991/LangMod/CN/sakuya.xlsx
[CWL][INFO] [WorkbookImporter] SourceChara/1
[CWL][INFO] [WorkbookImporter] SourceCharaText/1
[CWL][INFO] [WorkbookImporter] SourceRace/1
[CWL][INFO] [WorkbookImporter] SourceThing/2
[CWL][INFO] [WorkbookImporter] SourceStat/3
[CWL][INFO] [WorkbookImporter] 工作簿(缓存): 2135150/3466765662/LangMod/CN/Flonne Zesshosai.xlsx
[CWL][INFO] [WorkbookImporter] SourceChara/1
[CWL][INFO] [WorkbookImporter] SourceCharaText/1
[CWL][INFO] [WorkbookImporter] SourceRace/1
[CWL][INFO] [WorkbookImporter] SourceThing/1
[CWL][INFO] [WorkbookImporter] 工作簿(缓存): 2135150/3526188651/LangMod/EN/SourceFFTChara.xlsx
[CWL][INFO] [WorkbookImporter] SourceChara/8
[CWL][INFO] [WorkbookImporter] SourceCharaText/8
[CWL][INFO] [WorkbookImporter] 工作簿(缓存): 2135150/3484801736/LangMod/CN/Adventurer_SourceCard.xlsx
[CWL][INFO] [WorkbookImporter] SourceChara/4
[CWL][INFO] [WorkbookImporter] SourceCharaText/4
[CWL][INFO] [WorkbookImporter] 工作簿(缓存): 2135150/3507890814/LangMod/CN/Adventurer_SourceCard.xlsx
[CWL][INFO] [WorkbookImporter] SourceChara/5
[CWL][INFO] [WorkbookImporter] SourceCharaText/5
[CWL][INFO] [WorkbookImporter] 工作簿(缓存): 2135150/3497485144/LangMod/CN/Adventurer_SourceCard.xlsx
[CWL][INFO] [WorkbookImporter] SourceChara/3
[CWL][INFO] [WorkbookImporter] SourceCharaText/0
[CWL][INFO] [WorkbookImporter] 工作簿(缓存): 2135150/3494168375/LangMod/CN/Inui_natsu_SourceCardCN.xlsx
[CWL][INFO] [WorkbookImporter] SourceStat/2
[CWL][INFO] [WorkbookImporter] SourceThing/3
[CWL][INFO] [WorkbookImporter] SourceThing/5
[CWL][INFO] [WorkbookImporter] SourceChara/1
[CWL][INFO] [WorkbookImporter] SourceCharaText/0
[CWL][INFO] [WorkbookImporter] SourceCalc/1
[CWL][INFO] [WorkbookImporter] 工作簿(缓存): 2135150/3493493943/LangMod/CN/Adventurer_SourceCard.xlsx
[CWL][INFO] [WorkbookImporter] SourceChara/4
[CWL][INFO] [WorkbookImporter] SourceCharaText/0
[CWL][INFO] [WorkbookImporter] 工作簿(缓存): 2135150/3490464722/LangMod/CN/Adventurer_SourceCard.xlsx
[CWL][INFO] [WorkbookImporter] SourceChara/9
[CWL][INFO] [WorkbookImporter] SourceCharaText/9
[CWL][INFO] [WorkbookImporter] 工作簿(缓存): 2135150/3486688871/LangMod/CN/Piere.xlsx
[CWL][INFO] [WorkbookImporter] SourceThing/1
[CWL][INFO] [WorkbookImporter] SourceChara/1
[CWL][INFO] [WorkbookImporter] SourceCharaText/1
[CWL][INFO] [WorkbookImporter] SourceRace/1
[CWL][INFO] [WorkbookImporter] 工作簿(缓存): 2135150/3486086882/LangMod/CN/Adventurer_SourceCard.xlsx
[CWL][INFO] [WorkbookImporter] SourceChara/6
[CWL][INFO] [WorkbookImporter] SourceCharaText/6
[CWL][INFO] [WorkbookImporter] 工作簿(缓存): 2135150/3385442190/LangMod/CN/SourceCard.xlsx
[CWL][INFO] [WorkbookImporter] SourceThing/3
[CWL][INFO] [WorkbookImporter] 工作簿(缓存): 2135150/3385442190/LangMod/CN/SourceChara.xlsx
[CWL][INFO] [WorkbookImporter] SourceChara/1
[CWL][INFO] [WorkbookImporter] SourceCharaText/1
[CWL][INFO] [WorkbookImporter] SourceRace/1
[CWL][INFO] [WorkbookImporter] SourceHobby/1
[CWL][INFO] [WorkbookImporter] 工作簿(缓存): 2135150/3385442190/LangMod/CN/SourceGame.xlsx
[CWL][INFO] [WorkbookImporter] SourceZone/0
[CWL][INFO] [WorkbookImporter] 工作簿(缓存): 2135150/3384670717/LangMod/CN/Adventurer_SourceCard.xlsx
[CWL][INFO] [WorkbookImporter] SourceChara/1
[CWL][INFO] [WorkbookImporter] SourceCharaText/1
[CWL][INFO] [WorkbookImporter] 工作簿(缓存): 2135150/3383191390/LangMod/CN/SourcePadoru.xlsx
[CWL][INFO] [WorkbookImporter] LangGeneral/2
[CWL][INFO] [WorkbookImporter] SourceChara/1
[CWL][INFO] [WorkbookImporter] SourceCharaText/1
[CWL][INFO] [WorkbookImporter] SourceThing/1
[CWL][INFO] [WorkbookImporter] SourceRace/1
[CWL][INFO] [WorkbookImporter] 工作簿(缓存): 2135150/3383166653/LangMod/CN/Miranda_SourceCard.xlsx
[CWL][INFO] [WorkbookImporter] SourceChara/1
[CWL][INFO] [WorkbookImporter] 工作簿(缓存): 2135150/3381058285/LangMod/CN/SourceCard.xlsx
[CWL][INFO] [WorkbookImporter] SourceChara/1
[CWL][INFO] [WorkbookImporter] LangGeneral/2
[CWL][INFO] [WorkbookImporter] LangList/1
[CWL][INFO] [WorkbookImporter] 工作簿(缓存): 2135150/3380350255/LangMod/CN/Kubrika_SourceCard.xlsx
[CWL][INFO] [WorkbookImporter] SourceChara/1
[CWL][INFO] [WorkbookImporter] 工作簿(缓存): 2135150/3380127472/LangMod/CN/SourceCard.xlsx
[CWL][INFO] [WorkbookImporter] SourceChara/1
[CWL][INFO] [WorkbookImporter] SourceThing/2
[CWL][INFO] [WorkbookImporter] SourceCharaText/1
[CWL][INFO] [WorkbookImporter] SourceThing/1
[CWL][INFO] [WorkbookImporter] LangGeneral/2
[CWL][INFO] [WorkbookImporter] 工作簿(缓存): 2135150/3437023418/LangMod/CN/nudira.xlsx
[CWL][INFO] [WorkbookImporter] SourceChara/2
[CWL][INFO] [WorkbookImporter] SourceCharaText/2
[CWL][INFO] [WorkbookImporter] SourceThing/3
[CWL][INFO] [WorkbookImporter] SourceRace/1
[CWL][INFO] [WorkbookImporter] 工作簿(缓存): 2135150/3391652903/LangMod/CN/CustomSource.xlsx
[CWL][INFO] [WorkbookImporter] SourceRace/1
[CWL][INFO] [WorkbookImporter] 工作簿(缓存): 2135150/3416966564/LangMod/CN/Adventurer_SourceCard.xlsx
[CWL][INFO] [WorkbookImporter] SourceChara/2
[CWL][INFO] [WorkbookImporter] SourceCharaText/2
[CWL][INFO] [WorkbookImporter] 工作簿(缓存): 2135150/3412944490/LangMod/CN/Adventurer_SourceCard.xlsx
[CWL][INFO] [WorkbookImporter] SourceChara/2
[CWL][INFO] [WorkbookImporter] SourceCharaText/2
[CWL][INFO] [WorkbookImporter] 工作簿(缓存): 2135150/3418848389/LangMod/CN/ksm010.xlsx
[CWL][INFO] [WorkbookImporter] SourceChara/1
[CWL][INFO] [WorkbookImporter] SourceCharaText/1
[CWL][INFO] [WorkbookImporter] SourceRace/1
[CWL][INFO] [WorkbookImporter] 工作簿(缓存): 2135150/3410395553/LangMod/CN/SourceCard_MR.xlsx
[CWL][INFO] [WorkbookImporter] SourceChara/2
[CWL][INFO] [WorkbookImporter] SourceRace/2
[CWL][INFO] [WorkbookImporter] SourceCharaText/1
[CWL][INFO] [WorkbookImporter] 工作簿(缓存): 2135150/3402997260/LangMod/ZHTW/NekoFuran.xlsx
[CWL][INFO] [WorkbookImporter] SourceThing/1
[CWL][INFO] [WorkbookImporter] 工作簿(缓存): 2135150/3402066373/LangMod/CN/Adventurer_SourceCard.xlsx
[CWL][INFO] [WorkbookImporter] SourceChara/1
[CWL][INFO] [WorkbookImporter] SourceCharaText/1
[CWL][INFO] [WorkbookImporter] 工作簿(缓存): 2135150/3399432174/LangMod/CN/SourceCard1.xlsx
[CWL][INFO] [WorkbookImporter] SourceThing/3
[CWL][INFO] [WorkbookImporter] SourceThing/1
[CWL][INFO] [WorkbookImporter] 工作簿(缓存): 2135150/3399432174/LangMod/CN/SourceChara1.xlsx
[CWL][INFO] [WorkbookImporter] LangGeneral/3
[CWL][INFO] [WorkbookImporter] SourceChara/1
[CWL][INFO] [WorkbookImporter] SourceCharaText/1
[CWL][INFO] [WorkbookImporter] 工作簿(缓存): 2135150/3399432174/LangMod/CN/SourceGame.xlsx
[CWL][INFO] [WorkbookImporter] 工作簿(缓存): 2135150/3553207334/LangMod/CN/Lulu.xlsx
[CWL][INFO] [WorkbookImporter] SourceChara/1
[CWL][INFO] [WorkbookImporter] SourceCharaText/1
[CWL][INFO] [WorkbookImporter] SourceRace/1
[CWL][INFO] [WorkbookImporter] 工作簿(缓存): 2135150/3396774199/LangMod/CN/MiSide-V1.3B-CN.xlsx
[CWL][INFO] [WorkbookImporter] SourceChara/1
[CWL][INFO] [WorkbookImporter] SourceCharaText/1
[CWL][INFO] [WorkbookImporter] SourceRace/1
[CWL][INFO] [WorkbookImporter] 工作簿(缓存): 2135150/3428569903/LangMod/CN/puttybreadSourceCard.xlsx
[CWL][INFO] [WorkbookImporter] SourceChara/18
[CWL][INFO] [WorkbookImporter] SourceCharaText/13
[CWL][INFO] [WorkbookImporter] SourceRace/3
[CWL][INFO] [WorkbookImporter] 工作簿(缓存): 2135150/3403186474/LangMod/CN/Adventurer_SourceCard.xlsx
[CWL][INFO] [WorkbookImporter] SourceChara/1
[CWL][INFO] [WorkbookImporter] SourceCharaText/1
[CWL][INFO] [WorkbookImporter] 工作簿(缓存): 2135150/3432710743/LangMod/CN/riceshower-V1.0.xlsx
[CWL][INFO] [WorkbookImporter] SourceChara/1
[CWL][INFO] [WorkbookImporter] SourceCharaText/1
[CWL][INFO] [WorkbookImporter] SourceRace/1
[CWL][INFO] [WorkbookImporter] 工作簿(缓存): 2135150/3408000126/LangMod/CN/SourceCard_AG.xlsx
[CWL][INFO] [WorkbookImporter] SourceChara/1
[CWL][INFO] [WorkbookImporter] SourceRace/1
[CWL][INFO] [WorkbookImporter] SourceCharaText/1
[CWL][INFO] [WorkbookImporter] SourceCalc/1
[CWL][INFO] [WorkbookImporter] SourceStat/1
[CWL][INFO] [WorkbookImporter] 工作簿(缓存): 2135150/3404135947/LangMod/CN/Adventurer_SourceCard.xlsx
[CWL][INFO] [WorkbookImporter] SourceChara/1
[CWL][INFO] [WorkbookImporter] SourceCharaText/1
[CWL][INFO] [WorkbookImporter] 工作簿(缓存): 2135150/3404035606/LangMod/CN/Sparkly.xlsx
[CWL][INFO] [WorkbookImporter] SourceStat/1
[CWL][INFO] [WorkbookImporter] SourceCategory/1
[CWL][INFO] [WorkbookImporter] LangGeneral/1
[CWL][INFO] [WorkbookImporter] LangGame/9
[CWL][INFO] [WorkbookImporter] 工作簿(缓存): 2135150/3363692260/LangMod/EN/SourceCard.xlsx
[CWL][INFO] [WorkbookImporter] SourceChara/37
[CWL][INFO] [WorkbookImporter] SourceRace/4
[CWL][INFO] [WorkbookImporter] SourceCharaText/30
[CWL][INFO] [WorkbookImporter] SourceThing/15
[CWL][INFO] [WorkbookImporter] SourceJob/1
[CWL][INFO] [WorkbookImporter] SourceReligion/1
[CWL][INFO] [WorkbookImporter] 工作簿(缓存): 2135150/3523551623/LangMod/CN/mvm_localizations.xlsx
[CWL][INFO] [WorkbookImporter] LangGeneral/11
[CWL][INFO] [WorkbookImporter] 工作簿(缓存): 2135150/3479845110/LangMod/CN/SourceCard.xlsx
[CWL][INFO] [WorkbookImporter] SourceChara/35
[CWL][INFO] [WorkbookImporter] SourceRace/4
[CWL][INFO] [WorkbookImporter] SourceCharaText/28
[CWL][INFO] [WorkbookImporter] SourceThing/15
[CWL][INFO] [WorkbookImporter] SourceJob/1
[CWL][INFO] [WorkbookImporter] SourceReligion/1
[CWL][INFO] [WorkbookImporter] 工作簿(缓存): 2135150/3562362761/LangMod/CN/BEP_NQP_Sources.xlsx
[CWL][INFO] [WorkbookImporter] SourceChara/2
[CWL][INFO] [WorkbookImporter] SourceCharaText/2
[CWL][INFO] [WorkbookImporter] SourceThing/3
[CWL][INFO] [WorkbookImporter] SourceQuest/2
[CWL][INFO] [WorkbookImporter] SourceZone/2
[CWL][INFO] [WorkbookImporter] SourceStat/2
[CWL][INFO] [WorkbookImporter] LangGame/3
[CWL][INFO] [WorkbookImporter] 工作簿(缓存): 2135150/3559347159/LangMod/EN/Source_SpellManager_EN.xlsx
[CWL][INFO] [WorkbookImporter] SourceThing/1
[CWL][INFO] [CustomElement] 已加载自定义 Element: 334667, 限定类型: AstesiaSpell.AstralSwordSpell
[CWL][INFO] [CustomElement] 已加载自定义 Element: 1000000, 限定类型: ObserverAbility.ActAkatsukiSparkle
[CWL][INFO] [CustomElement] 已加载自定义 Element: 9758, 限定类型: Dona.Feats.FeatDonaTrueSelf
[CWL][INFO] [CustomElement] 已加载自定义 Element: 1204001, 限定类型: BA_natsu.Spellnatsu
[CWL][INFO] [CustomElement] 已加载自定义 Element: 1204002, 限定类型: BA_natsu.Spellnatsu
[CWL][INFO] [CustomElement] 已加载自定义 Element: 334799, 限定类型: MRSpell.MRSumm
[CWL][INFO] [CustomElement] 已加载自定义 Element: 334679, 限定类型: AngelinaSpell.AntiGraviSpell
[CWL][INFO] [CustomMerchant] 已添加商人库存 at_tablet 至 at_tablet
[CWL][INFO] [CustomMerchant] 已添加商人库存 shitone 至 shitone
[CWL][INFO] [CustomMerchant] 已添加商人库存 silkiera_merchant 至 silkiera_merchant
[CWL][INFO] [CustomMerchant] 已添加商人库存 bep_nqp_lurgy 至 bep_nqp_lurgy
[CWL][INFO] [CustomZone] 已加载自定义 Zone: kiria_dungeon, 限定类型: Mod_KiriaDLC.Zone_KiriaDungeon
[CWL][INFO] [CustomZone] 已加载自定义 Zone: kiria_lab, 限定类型: Mod_KiriaDLC.Zone_KiriaDungeon
[CWL][INFO] [CustomZone] 已加载自定义 Zone: bep_nqp_bluetraininghall, 限定类型: BEP.NanasuQuestPack.Zone_BTHall
[CWL][INFO] [CustomZone] 已加载自定义 Zone: bep_nqp_fairyforge, 限定类型: BEP.NanasuQuestPack.Zone_FairyForge
[CWL][INFO] [CustomCondition] 已加载自定义 Condition: 44779, 限定类型: ConAstralSwordBuff
[CWL][INFO] [CustomCondition] 已加载自定义 Condition: 9759, 限定类型: Dona.Stats.ConDonaAfterImage
[CWL][INFO] [CustomCondition] 已加载自定义 Condition: 1204001, 限定类型: BA_natsu_con.Connatsu_sk1
[CWL][INFO] [CustomCondition] 已加载自定义 Condition: 1204002, 限定类型: BA_natsu_con.Connatsu_sk2
[CWL][INFO] [CustomCondition] 已加载自定义 Condition: 44780, 限定类型: ConAntiGraviBuff
[CWL][INFO] [CustomCondition] 已加载自定义 Condition: 9393, 限定类型: Sparkly.Stats.ConCarbonated
[CWL][INFO] [CustomCondition] 已加载自定义 Condition: 745001, 限定类型: ConBEPNQPLifeLink
[CWL][INFO] [CustomCondition] 已加载自定义 Condition: 745002, 限定类型: ConBEPNQPLifeLinkNanasu
#init Skipping sourceData.Init:LangGeneral
#init Skipping sourceData.Init:LangGame
#init Skipping sourceData.Init:LangList
[CWL][INFO] [MigrateDetail] 
    0ms[  1] Yuzuki Yukari/Yuzuki Yukari
    0ms[  1] Fool:Divine Priest/Fool.mod.01
    0ms[  1] Conchan and Seal/Conchan_and_Seal
    0ms[  1] Fate Grand Order Character Pack/fgo_chara_pack
    0ms[  1] Tuaru Series Character Pack/toaru-series_chara_pack
    0ms[  1] Adventurer Eureka Mod/adventurer_eureka_mod
    0ms[  1] Seraph of the End Character Pack/seraph-of-the-end_chara_pack
    0ms[  1] Mod Viewer Plus/dk.elinplugins.modviewerminus
    0ms[  1] Touhou Adventures/th_adventurers
    0ms[  1] Christmas Red Saber - Custom Adventurer/drakenydev_elin_padoru
    0ms[  1] 造物法则2/zaowu2
    0ms[  1] [Prism]K.S.Miracle/K.S.miracle
    0ms[  1] Inuyasha Character Pack/inuyasha_chara_pack
    0ms[  1] Artificial Race人工种族汉化/artificialrace.chinese_translation.modid
    0ms[  1] Angelina - custom adventurer/a1684523.elinmodAngelina
    0ms[  1] Konosuba Character Pack/konosuba_chara_pack
    0ms[  1] Fairy dust: Una/Fairy dust: Una
    0ms[  3] 原初歌姬-初音未來/O_miku
    0ms[  1] Ultra-chan:HyperSuperRobot/HSR-ULT-0001
    0ms[  1] 冒险者 柚鸟夏/BA_natsu
    0ms[  1] Sparkly Water For All/reiyu.elinplugins.sparklywater
    0ms[  1] Furan_PCC/neko.carton.furan
    0ms[  1] SPC-TheSharkPracticeCombat/SharkPracticeCombat
    0ms[  1] Playable Putit/jzjerry.playable.putit
    0ms[  1] Miranda: Rookie Gunner/Miranda: Rookie Gunner
    0ms[  1] Frieren/Frieren_Elin
    0ms[  1] Mudrock - custom adventurer/a1684523.elinmodMudrock
    0ms[  1] Kotona's Archive: Sorasaki Hina/KGR_BlueArchive_NPC_Hina
    0ms[  1] Great Demon Fist Liezerota/Lieze
    0ms[  1] Livia Dark Moon Girls/Livia Dark Moon Girls
    0ms[  1] Vepar/Awii_Vepar
    0ms[  1] 爱丽丝/alice_wvd
    0ms[  1] [CWL] Senko-san/elin_senko_companion
    0ms[  1] Kemono Friends Pack/kemofure
    0ms[  1] RWBY Character Pack/rwby_chara_pack
    0ms[  1] Enra_And_Aka/Awii_Enra_And_Aka
    0ms[  1] Pokemon Character Pack/pokemon_chara_pack
    0ms[  1] Final Fantasy Tactics Characters/final.fantasy.tactics.characters
    0ms[  1] Ruriha&Yatone:Fox Girls Journey/ruriha&yatone
    0ms[  1] Necronomancer Majorita/Majo
    0ms[  1] Unified Overlord Piere/piere
    0ms[  1] YikArena/YikArena_yik
    0ms[  1] Nudira:Giant Queen/Nudira
    0ms[  1] 「オブザーバー」種族追加MOD/observer_race_mod
    0ms[  1] The Eternal Student: Kubrika/The Eternal Student Kubrika
    0ms[  1] Tome of Memory Loss (Stable)/npcspellmanager.v4.custom.item
    0ms[  1] Jialong/XLEM.mod.jialong
    0ms[  1] Astesia - custom adventurer/a1684523.elinmodAstesia
    0ms[  1] TAO Adoption/tao.adoption
    0ms[  1] Kotona's Archive: Kuda Izuna/KGR_BlueArchive_NPC_Izuna
    0ms[  1] Kizuna Akari/Kizuna Akari
    0ms[  1] Elin with AI (Beta)/dk.elinplugins.emmersive
    0ms[  1] Evil Eye Princess Seraphina/Sera
    0ms[  1] SAO Character Pack/sao_chara_pack
    0ms[  1] [CWL] Gore Magala Girl Mod/puddles_gore_magala
    0ms[  1] 拉纳维尔/lana
    0ms[  1] [Adventurer]若葉睦/custom_adv_mutsumi
    0ms[  1] Nanasu Quest Pack/bep_nanasuquestpack
    0ms[  1] 玛拉斋 Marazhai (CN/EN)/cnpc.marazhai.modid
    0ms[  1] Race:UmaMusume/UmaMusumeInElin
    0ms[  1] 可可的异界大冒险/KokoGreatAdventure
    0ms[  1] Visual PCC Picker/dk.elinplugins.charamakerminus
    0ms[  1] Resident Evil Character Pack/resident-evil_chara_pack
    0ms[  1] UBelim_Sonoco(由蓓莉姆帝国的索诺珂)/UBelimSonoco
    0ms[  1] 露露娜蒂/lulu
    0ms[  1] 夏莉莉妮雅/xll
    0ms[  1] Ririn Chan/Ririn Chan
    0ms[  3] 鑽頭傳說：轉生異世界重音テト/KasaneTeto
    0ms[  1] Lovely Labrynth of the Silver Castle/Labrynth
    0ms[  1] Artificial Race/mod_aya_mob
    0ms[  1] Whitefrost Dragonewt Filene/Filene
    0ms[  1] Girl Frontline 2 Character Pack/girl-frontline-2_chara_pack
    0ms[  1] [CWL] 4chan 404 Girl Yotsuba/puddles_404_Girl_Companion
    0ms[  1] TouhouAdventuresCN/TouhouAdventuresCN
    0ms[  1] BakeryPutty/BakeryPutty
    0ms[  1] "Kiria's Memory" / 「キリアの記憶」 Quest DLC [EN/CN/JP/TW]/kiria_dlc
    0ms[  1] Legendary Fortune Teller Sakuya/Sakuya
    0ms[  1] Final Fantasy VII Character Pack/ff7_chara_pack
    0ms[  1] Honkai Impact 3 Character Pack/honkai-impact-3_chara_pack
    0ms[  1] Nighteye Stalker Furena/Nighteye Stalker Furenana
    0ms[  1] Ayane Ichijō/Ayane
    0ms[  1] CWL Example: Tiny Mita/player.stay.with.me
    0ms[  1] Flonne Zesshosai/flonne
    0ms[ 87] total elapsed
[CWL][INFO] [SourceManager] 导入完成
#init Skipping sourceData.Init:SourceElement
#init Skipping sourceData.Init:SourceMaterial
#init Skipping sourceData.Init:SourceChara
#init Skipping sourceData.Init:SourceThing
#init Skipping sourceData.Init:SourceRace
#init Skipping sourceData.Init:SourcePerson
#init Skipping sourceData.Init:SourceCategory
#init Skipping sourceData.Init:SourceReligion
#init Skipping sourceData.Init:SourceJob
#init Skipping sourceData.Init:SourceHobby
#init Skipping sourceData.Init:SourceObj
#init Skipping sourceData.Init:SourceStat
#init Skipping sourceData.Init:SourceZone
#init Skipping sourceData.Init:SourceQuest
#init Skipping sourceData.Init:SourceCharaText
#init Skipping sourceData.Init:SourceCalc
#init Skipping sourceData.Init:SourceTactics
Initializing:/
#UI ApplyScale:1.1
Loaded Font:YRDZST/YRDZST/YRDZST Medium (UnityEngine.Font)/CN/CN
Loaded Font:ChineseS1/ChineseS1/Resource-Han-Rounded-CN-Medium (UnityEngine.Font)/CN/CN
Loaded Font:ChineseH1/ChineseH1/jf-openhuninn-1.1 (UnityEngine.Font)/CN/CN
Loaded Font:ChineseS1/ChineseS1/Resource-Han-Rounded-CN-Medium (UnityEngine.Font)/CN/CN
Loaded Font:Muyao/Muyao/Muyao-Softbrush-2 (UnityEngine.Font)/CN/CN
Loaded Font:Uzura/Uzura/using uzura (UnityEngine.Font)/CN/CN
[CWL][INFO] [PackageIterator] cleared paths cache
[CWL][INFO] [DataLoader] 预加载神对话 > 3385578698/LangMod/EN/Data/god_talk.xlsx
[CWL][INFO] [DataLoader] 预加载神对话 > 3604456928/LangMod/CN/Data/god_talk.xlsx
[CWL][INFO] [DataLoader] 预加载神对话 > 3363692260/LangMod/EN/Data/god_talk.xlsx
[CWL][INFO] [DataLoader] 预加载神对话 > 3479845110/LangMod/CN/Data/god_talk.xlsx
Initializing Langs: CN
Collectible: id to import no longer exist: leaf
#pass New Batch  pass tile_floor snow/0/1023
#pass New Batch  pass tile_floor/0/1023
#pass New Batch  pass tile_block snow/0/1023
#pass New Batch  pass tile_block/0/1023
#pass New Batch  pass tile_roof/0/1023
#pass New Batch  pass tile_liquid/0/1023
#pass New Batch  pass tile_floor autotile/0/1023
#pass New Batch  pass tile_edge/0/1023
#pass New Batch  pass obj sub/0/1023
#pass New Batch  pass obj snow/0/1023
#pass New Batch  pass obj/0/1023
#pass New Batch  pass obj_S sub/0/1023
#pass New Batch  pass obj_S snow/0/1023
#pass New Batch  pass obj_S/0/1023
#pass New Batch  pass obj_L sub/0/1023
#pass New Batch  pass obj_L snow/0/1023
#pass New Batch  pass obj_L/0/1023
#pass New Batch  pass decal/0/1023
#pass New Batch  pass shadow/0/1023
#pass New Batch  pass area/0/1023
#pass New Batch  pass guide floor/0/1023
#pass New Batch  pass guide block/0/1023
#pass New Batch  pass tile_blockEx/0/1023
#pass New Batch  pass tile_floorEx/0/1023
#pass New Batch  pass guide block map/0/1023
#pass New Batch  pass tile_block marker/0/1023
#pass New Batch  pass tile_floor marker/0/1023
#pass New Batch  pass tile_floorWater/0/1023
#pass New Batch  pass obj_SS/0/1023
#pass New Batch  pass icon/0/1023
#pass New Batch  pass tile_block inner/0/1023
#pass New Batch  pass fog/0/1023
#pass New Batch  pass effect/0/1023
#pass New Batch  pass chara sub/0/1023
#pass New Batch  pass chara/0/1023
#pass New Batch  pass charaL sub/0/1023
#pass New Batch  pass charaL/0/1023
#pass New Batch  pass tile_block in water/0/1023
#pass New Batch  pass fov/0/1023
#pass New Batch  pass tile_ramp/0/1023
#pass New Batch  pass tile_floor autotile water/0/1023
#pass New Batch  pass tile_floor shore/0/1023
#pass New Batch  pass charaLL sub/0/1023
#pass New Batch  pass charaLL/0/1023
#pass New Batch  pass fog edge/0/1023
#pass New Batch  pass charaLW sub/0/1023
#pass New Batch  pass charaLW/0/1023
#pass New Batch  pass chara_expand_0 sub/0/1023
#pass New Batch  pass chara_expand_0/0/1023
#pass New Batch  pass chara_expand_1 sub/0/1023
#pass New Batch  pass chara_expand_1/0/1023
#pass New Batch  pass chara_expand_2 sub/0/1023
#pass New Batch  pass chara_expand_2/0/1023
#pass New Batch  pass chara_L_expand_0 sub/0/1023
#pass New Batch  pass chara_L_expand_0/0/1023
Reloaded Texture:G:/Program Files (x86)/steam/steamapps/common/Elin/Elin_Data/../Package/_Elona/Texture/blocks.png
Reloaded Texture:G:/Program Files (x86)/steam/steamapps/common/Elin/Elin_Data/../Package/_Elona/Texture/floors.png
Reloaded Texture:G:/Program Files (x86)/steam/steamapps/common/Elin/Elin_Data/../Package/_Elona/Texture/objs_SS.png
Reloaded Texture:G:/Program Files (x86)/steam/steamapps/common/Elin/Elin_Data/../Package/_Elona/Texture/objs_S.png
Reloaded Texture:G:/Program Files (x86)/steam/steamapps/common/Elin/Elin_Data/../Package/_Elona/Texture/objs.png
Reloaded Texture:G:/Program Files (x86)/steam/steamapps/common/Elin/Elin_Data/../Package/_Elona/Texture/objs_L.png
Reloaded Texture:G:/Program Files (x86)/steam/steamapps/common/Elin/Elin_Data/../Package/_Elona/Texture/roofs.png
Reloaded Texture:G:/Program Files (x86)/steam/steamapps/common/Elin/Elin_Data/../Package/_Elona/Texture/shadows.png
Reloaded Texture:G:/Program Files (x86)/steam/steamapps/common/Elin/Elin_Data/../Package/_Elona/Texture/fov.png
Reloaded Texture:G:/Program Files (x86)/steam/steamapps/common/Elin/Elin_Data/../Package/_Elona/Texture/objs_C.png
Reloaded Texture:G:/Program Files (x86)/steam/steamapps/common/Elin/Elin_Data/../Package/_Elona/Texture/objs_CL.png
Reloaded Texture:G:/Program Files (x86)/steam/steamapps/common/Elin/Elin_Data/../Package/_Elona/Texture/objs_CLL.png
Reloaded Texture:G:/Program Files (x86)/steam/steamapps/common/Elin/Elin_Data/../Package/_Elona/Texture/blocks_snow.png
Reloaded Texture:G:/Program Files (x86)/steam/steamapps/common/Elin/Elin_Data/../Package/_Elona/Texture/floors_snow.png
Reloaded Texture:G:/Program Files (x86)/steam/steamapps/common/Elin/Elin_Data/../Package/_Elona/Texture/objs_S_snow.png
Reloaded Texture:G:/Program Files (x86)/steam/steamapps/common/Elin/Elin_Data/../Package/_Elona/Texture/objs_snow.png
Reloaded Texture:G:/Program Files (x86)/steam/steamapps/common/Elin/Elin_Data/../Package/_Elona/Texture/objs_L_snow.png
Reloaded Texture:G:/Program Files (x86)/steam/steamapps/common/Elin/Elin_Data/../Package/_Elona/Texture/world.png
Reloaded Texture:G:/Program Files (x86)/steam/steamapps/common/Elin/Elin_Data/../Package/_Elona/Texture/bird1.png
Scene.Init:Title
G:\Program Files (x86)\steam\steamapps\common\Elin\Package\_Lang_Chinese\Lang\CN/Data/intro.txt.txt
[PortraitSpecificationFramework] Loading Subdirectories
[PortraitSpecificationFramework] <<<< Elin Core
[PortraitSpecificationFramework] <<<< Kemono Friends Pack
[PortraitSpecificationFramework] <<<< [CWL] Senko-san
[PortraitSpecificationFramework] <<<< [CWL] 4chan 404 Girl Yotsuba
[PortraitSpecificationFramework] <<<< Ingrid "Vulpisfoglia" Venezia - PCC
[PortraitSpecificationFramework] <<<< [CWL] Gore Magala Girl Mod
[PortraitSpecificationFramework] <<<< yanokikyo_Girl_PCC2
[PortraitSpecificationFramework] <<<< Lisa "Suzuran" Venezia - PCC
[PortraitSpecificationFramework] <<<< Hoshimachi Suisei - PCC/星街すいせい - PCC
[PortraitSpecificationFramework] <<<< Emela PCC - SEQUEL Colony
[PortraitSpecificationFramework] <<<< Shiina's Sad Bee - PCC
[PortraitSpecificationFramework] <<<< yanokikyo_Littleone
[PortraitSpecificationFramework] <<<< Alice PCC - BLACK SOULS II
[PortraitSpecificationFramework] <<<< Malice PCC - ASYLUM
[PortraitSpecificationFramework] <<<< Yanie PCC - SEQUEL awake
[PortraitSpecificationFramework] <<<< limbus_company 以实玛利头发+头像 
[PortraitSpecificationFramework] <<<< BLACK SOULS SERIES - Elin-ified Characters
[PortraitSpecificationFramework] <<<< Elaina_PCC
[PortraitSpecificationFramework] <<<< Leaf PCC - BLACK SOULS
[PortraitSpecificationFramework] <<<< Red Hood PCC - BLACK SOULS II
[PortraitSpecificationFramework] <<<< Lizard Bill PCC - BLACK SOULS II
[PortraitSpecificationFramework] <<<< AdditionalPortrats
[PortraitSpecificationFramework] <<<< yanokikyo_Girl_PCC1
[PortraitSpecificationFramework] <<<< yanokikyo_Girl_Portrait
[PortraitSpecificationFramework] <<<< AdditionalPortraits2
[PortraitSpecificationFramework] <<<< AdditionalPortraits4
[PortraitSpecificationFramework] <<<< AdditionalPortraits5
[PortraitSpecificationFramework] <<<< hashidoi_Littlegirl Portraits
[PortraitSpecificationFramework] <<<< Orangebox style-Male Character Portrats
[PortraitSpecificationFramework] <<<< hashidoi_Carbuncle PortraitsCharachip
[PortraitSpecificationFramework] <<<< 玛拉斋 Marazhai (CN/EN)
[PortraitSpecificationFramework] <<<< Astesia - custom adventurer
[PortraitSpecificationFramework] <<<< Touhou Adventures
[PortraitSpecificationFramework] <<<< Livia Dark Moon Girls
[PortraitSpecificationFramework] <<<< Mizumi's_Portrait
[PortraitSpecificationFramework] <<<< 「オブザーバー」種族追加MOD
[PortraitSpecificationFramework] <<<< Frieren
[PortraitSpecificationFramework] <<<< Kotona's Archive: Sorasaki Hina
[PortraitSpecificationFramework] <<<< Kotona's Archive: Kuda Izuna
[PortraitSpecificationFramework] <<<< Portrait of Billy
[PortraitSpecificationFramework] <<<< Various Portraits2
[PortraitSpecificationFramework] <<<< 爱丽丝
[PortraitSpecificationFramework] <<<< Ayane Ichijō
[PortraitSpecificationFramework] <<<< Jialong
[PortraitSpecificationFramework] <<<< HIYU_OlderYoungerSisterPortraits
[PortraitSpecificationFramework] <<<< 造物法则2
[PortraitSpecificationFramework] <<<< Necronomancer Majorita
[PortraitSpecificationFramework] <<<< SubNPC Portraits
[PortraitSpecificationFramework] <<<< 夏莉莉妮雅
[PortraitSpecificationFramework] <<<< 可可的异界大冒险
[PortraitSpecificationFramework] <<<< GranblueFantasy PCC
[PortraitSpecificationFramework] <<<< Nighteye Stalker Furena
[PortraitSpecificationFramework] <<<< Great Demon Fist Liezerota
[PortraitSpecificationFramework] <<<< LMNC_Portrait1
[PortraitSpecificationFramework] <<<< Hotspring Mermaid Prtraits
[PortraitSpecificationFramework] <<<< LMNC_Portrait2
[PortraitSpecificationFramework] <<<< Portraits of Sister
[PortraitSpecificationFramework] <<<< Fool:Divine Priest
[PortraitSpecificationFramework] <<<< PCC_nun_habbit
[PortraitSpecificationFramework] <<<< Whitefrost Dragonewt Filene
[PortraitSpecificationFramework] <<<< Goddess Rhongomynaid/Lion King PCC
[PortraitSpecificationFramework] <<<< 拉纳维尔
[PortraitSpecificationFramework] <<<< Delivery_PCC
[PortraitSpecificationFramework] <<<< EDR's-Portrait
[PortraitSpecificationFramework] <<<< Ruriha&Yatone:Fox Girls Journey
[PortraitSpecificationFramework] <<<< Lovely Labrynth of the Silver Castle
[PortraitSpecificationFramework] <<<< Bongbong
[PortraitSpecificationFramework] <<<< Fate Grand Order Character Pack
[PortraitSpecificationFramework] <<<< Portraits of Adventurers2
[PortraitSpecificationFramework] <<<< Khaslana Mod
[PortraitSpecificationFramework] <<<< Adventurer Eureka Mod
[PortraitSpecificationFramework] <<<< Defender's Portraits
[PortraitSpecificationFramework] <<<< YikArena
[PortraitSpecificationFramework] <<<< Various Portraits1
[PortraitSpecificationFramework] <<<< Seraph of the End Character Pack
[PortraitSpecificationFramework] <<<< Final Fantasy VII Character Pack
[PortraitSpecificationFramework] <<<< SAO Character Pack
[PortraitSpecificationFramework] <<<< Ultra-chan:HyperSuperRobot
[PortraitSpecificationFramework] <<<< Konosuba Character Pack
[PortraitSpecificationFramework] <<<< Minyan_Fancy_Portrait_Backgrounds
[PortraitSpecificationFramework] <<<< Enra_And_Aka
[PortraitSpecificationFramework] <<<< RWBY Character Pack
[PortraitSpecificationFramework] <<<< Evil Eye Princess Seraphina
[PortraitSpecificationFramework] <<<< UBelim_Sonoco(由蓓莉姆帝国的索诺珂)
[PortraitSpecificationFramework] <<<< NAS_Portrait_Boys9
[PortraitSpecificationFramework] <<<< Legendary Fortune Teller Sakuya
[PortraitSpecificationFramework] <<<< Flonne Zesshosai
[PortraitSpecificationFramework] <<<< NAS_Portrait_Mens8
[PortraitSpecificationFramework] <<<< Nzz_Portrait_04
[PortraitSpecificationFramework] <<<< Kirito PCC - Sword Art Online
[PortraitSpecificationFramework] <<<< Final Fantasy Tactics Characters
[PortraitSpecificationFramework] <<<< Inuyasha Character Pack
[PortraitSpecificationFramework] <<<< Big Daddy Bioshock Replace
[PortraitSpecificationFramework] <<<< Portraits of Isca
[PortraitSpecificationFramework] <<<< Resident Evil Character Pack
[PortraitSpecificationFramework] <<<< Portraits of Mifu_Nefu
[PortraitSpecificationFramework] <<<< Honkai Impact 3 Character Pack
[PortraitSpecificationFramework] <<<< Portraits of Servants
[PortraitSpecificationFramework] <<<< 冒险者 柚鸟夏
[PortraitSpecificationFramework] <<<< Girl Frontline 2 Character Pack
[PortraitSpecificationFramework] <<<< Exile Portraits
[PortraitSpecificationFramework] <<<< Portraits of YoungLady
[PortraitSpecificationFramework] <<<< Tuaru Series Character Pack
[PortraitSpecificationFramework] <<<< Unified Overlord Piere
[PortraitSpecificationFramework] <<<< Pokemon Character Pack
[PortraitSpecificationFramework] <<<< rbc1_portrait
[PortraitSpecificationFramework] <<<< 鑽頭傳說：轉生異世界重音テト
[PortraitSpecificationFramework] <<<< Fairy dust: Una
[PortraitSpecificationFramework] <<<< PartyTalk PTメンバーが電波で話しかけてくるようになるMOD
[PortraitSpecificationFramework] <<<< Christmas Red Saber - Custom Adventurer
[PortraitSpecificationFramework] <<<< Miranda: Rookie Gunner
[PortraitSpecificationFramework] <<<< TAO Adoption
[PortraitSpecificationFramework] <<<< The Eternal Student: Kubrika
[PortraitSpecificationFramework] <<<< [Adventurer]若葉睦
[PortraitSpecificationFramework] <<<< Nudira:Giant Queen
[PortraitSpecificationFramework] <<<< [BLACKSOULS] Elin-fied Grimm PCC + Portrait
[PortraitSpecificationFramework] <<<< RedFox_PCC
[PortraitSpecificationFramework] <<<< Iegami's_Portrait_01
[PortraitSpecificationFramework] <<<< Monmusu Portraits
[PortraitSpecificationFramework] <<<< YBK portraits
[PortraitSpecificationFramework] <<<< Rabbit anthropomorphic PCC mod
[PortraitSpecificationFramework] <<<< CrowPCC
[PortraitSpecificationFramework] <<<< Yamada Portrait A
[PortraitSpecificationFramework] <<<< Vepar
[PortraitSpecificationFramework] <<<< Eaphi_PCC
[PortraitSpecificationFramework] <<<< Nzz_Portrait_03
[PortraitSpecificationFramework] <<<< Iegami's_Portrait_06
[PortraitSpecificationFramework] <<<< ortho's_Portrait
[PortraitSpecificationFramework] <<<< Conchan and Seal
[PortraitSpecificationFramework] <<<< Fairy PCC
[PortraitSpecificationFramework] <<<< [Prism]K.S.Miracle
[PortraitSpecificationFramework] <<<< Mudrock - custom adventurer
[PortraitSpecificationFramework] <<<< Furan_PCC
[PortraitSpecificationFramework] <<<< Yuzuki Yukari
[PortraitSpecificationFramework] <<<< 原初歌姬-初音未來
[PortraitSpecificationFramework] <<<< Iegami's_Portrait_04
[PortraitSpecificationFramework] <<<< 露露娜蒂
[PortraitSpecificationFramework] <<<< CWL Example: Tiny Mita
[PortraitSpecificationFramework] <<<< BakeryPutty
[PortraitSpecificationFramework] <<<< Kizuna Akari
[PortraitSpecificationFramework] <<<< Race:UmaMusume
[PortraitSpecificationFramework] <<<< rbc1_portrait2
[PortraitSpecificationFramework] <<<< Angelina - custom adventurer
[PortraitSpecificationFramework] <<<< Iegami's_Portrait_05
[PortraitSpecificationFramework] <<<< Mimu - Zealot of fire Replace
[PortraitSpecificationFramework] <<<< Nzz_Portrait_02
[PortraitSpecificationFramework] <<<< Ririn Chan
[PortraitSpecificationFramework] <<<< Artificial Race
[PortraitSpecificationFramework] <<<< bell_maid_cppc_and_portrait
[PortraitSpecificationFramework] <<<< Nanasu Quest Pack
[PortraitSpecificationFramework] <<<< 3406136677
[PortraitSpecificationFramework] Done at: 00:00:00.0842544
[PortraitSpecificationFramework] Retrieving mod links
[PortraitSpecificationFramework] Portrait Lists Generated in 00:00:00.0991344
[PortraitSpecificationFramework] Preloading Sprites
[PortraitSpecificationFramework] Preloading Sprites done in 00:00:03.9975768
Unloading 3 Unused Serialized files (Serialized files now loaded: 1)
[Info   :Item Filter Plus] Custom highlight sound 'drop.mp3' loaded and configured successfully.
Releasing render texture that is set to be RenderTexture.active!
Unloading 419 unused Assets to reduce memory usage. Loaded Objects now: 10438.
Total: 67.104900 ms (FindLiveObjects: 0.494700 ms CreateObjectMapping: 0.141200 ms MarkObjects: 66.129400 ms  DeleteObjects: 0.339000 ms)

Registered:MiniGame_Slot at G:\Program Files (x86)\steam\steamapps\common\Elin\Package\Mod_Slot
[Info   :YK Framework] Plugin [YK Framework] is loaded!
KIRIADLC: Mod Start()
[Info   :Farm Doctor] DrakenyDev.Elin.FarmDoctor loaded
[Message:Mod Options] Mod ID [omegaplatinum.elin.staminaactionstop] - registration successful .
[Info   :Mod Options] Starting parse the pre-build UI for mod [omegaplatinum.elin.staminaactionstop]
[Info   :YK DevTool] Plugin [YK DevTool] is loaded!
[Message:Mod Options] Mod ID [larles.elinplugins.restocktracker] - registration successful .
[Info   :Mod Options] Starting parse the pre-build UI for mod [larles.elinplugins.restocktracker]
[CWL][INFO] [GameIOContext] load Lafrontier/Elin/Emmersive/chunks/config_version.chunk
[CWL][INFO] [FileWatcherHelper] 注册 file_watch em_config:dk.elinplugins.emmersive.cfg EnableReloadWatcher
[CWL][INFO] [GameIOContext] load Lafrontier/Elin/Emmersive/chunks/aes_bin.chunkc
[CWL][INFO] [GameIOContext] load Lafrontier/Elin/Emmersive/chunks/active_providers.chunkc
[CWL][INFO] [GameIOContext] load Lafrontier/Elin/Emmersive/chunks/service_count.chunk
[CWL][INFO] [FileWatcherHelper] 注册 file_watch em_custom_prompts:*.txt EnablePromptWatcher
[Info   :YK Framework] Plugin [YK Framework] is loaded!
[Info   :   AutoBuy] hello AutoBuy
Unity:HelloWorld
[Info   :ModTest00000000] BepInEx:HelloWord
找到ab包:hpfillTextH1name
[Info   :Inspect Everything] DrakenyDev.Elin.InspectEverything loaded
[Info   :   Kubrika] My mod...loaded?!
[CustomAdvMutsumi][Info] Initializing
[CustomAdvMutsumi][Info] Initialization completed
[Message:Mod Options] Mod ID [omegaplatinum.elin.residentsranchwithyou] - registration successful .
[Info   :Mod Options] Starting parse the pre-build UI for mod [omegaplatinum.elin.residentsranchwithyou]
[Message:Mod Options] Mod ID [omegaplatinum.elin.residentseatwithyou] - registration successful .
[Info   :Mod Options] Starting parse the pre-build UI for mod [omegaplatinum.elin.residentseatwithyou]
MikuMiku Ni Shiteageru!!
[Message:Mod Options] Mod ID [larles.elinplugins.maintextalert] - registration successful .
[Info   :Mod Options] Starting parse the pre-build UI for mod [larles.elinplugins.maintextalert]
[Info   :   ModHelp] DrakenyDev.Elin.ModHelp loaded
ImportExcel source: (ModConfigGUI.Config.LangConfig) Path:G:\Program Files (x86)\steam\steamapps\workshop\content\2135150\3379819704\LangConfig\CN.xlsx
Importing Sheet:General
General/5/3
Imported General
ImportExcel source: (ModConfigGUI.Config.LangConfig) Path:G:\Program Files (x86)\steam\steamapps\workshop\content\2135150\3379819704\LangConfig\CN.xlsx
Importing Sheet:Config
Config/9/5
Imported Config
#UI ApplyScale:1.1
[EMME][INFO] [ApiPoolSelector] loading active services
[EMME][INFO] [ApiPoolSelector] added GoogleGemini#7
[EMME][INFO] [ApiPoolSelector] added GoogleGemini#6
[EMME][INFO] [ApiPoolSelector] added GoogleGemini#5
[EMME][INFO] [ApiPoolSelector] added GoogleGemini#4
[CWL][INFO] [DataLoader] 预加载神对话 > 3385578698/LangMod/EN/Data/god_talk.xlsx
[CWL][INFO] [DataLoader] 预加载神对话 > 3604456928/LangMod/CN/Data/god_talk.xlsx
[CWL][INFO] [DataLoader] 预加载神对话 > 3363692260/LangMod/EN/Data/god_talk.xlsx
[CWL][INFO] [DataLoader] 预加载神对话 > 3479845110/LangMod/CN/Data/god_talk.xlsx
[CWL][INFO] [DataLoader] 为信仰ID: cwl_anotherworld 绑定了7个专属元素
[CWL][INFO] [DataLoader] 为信仰ID: cwl_religion_idea 绑定了4个专属元素
UGC Download: unexpected result state: k_EResultTimeout
Image will not be loaded.
UGC Download: unexpected result state: k_EResultTimeout
Image will not be loaded.
UGC Download: unexpected result state: k_EResultTimeout
Image will not be loaded.
UGC Download: unexpected result state: k_EResultTimeout
Image will not be loaded.
UGC Download: unexpected result state: k_EResultTimeout
Image will not be loaded.
UGC Download: unexpected result state: k_EResultTimeout
Image will not be loaded.
UGC Download: unexpected result state: k_EResultTimeout
Image will not be loaded.
UGC Download: unexpected result state: k_EResultTimeout
Image will not be loaded.
UGC Download: unexpected result state: k_EResultTimeout
Image will not be loaded.
UGC Download: unexpected result state: k_EResultTimeout
Image will not be loaded.
UGC Download: unexpected result state: k_EResultTimeout
Image will not be loaded.
UGC Download: unexpected result state: k_EResultTimeout
Image will not be loaded.
UGC Download: unexpected result state: k_EResultTimeout
Image will not be loaded.
UGC Download: unexpected result state: k_EResultTimeout
Image will not be loaded.
UGC Download: unexpected result state: k_EResultTimeout
Image will not be loaded.
UGC Download: unexpected result state: k_EResultTimeout
Image will not be loaded.
UGC Download: unexpected result state: k_EResultTimeout
Image will not be loaded.
UGC Download: unexpected result state: k_EResultTimeout
Image will not be loaded.
UGC Download: unexpected result state: k_EResultTimeout
Image will not be loaded.
UGC Download: unexpected result state: k_EResultTimeout
Image will not be loaded.
UGC Download: unexpected result state: k_EResultTimeout
Image will not be loaded.
UGC Download: unexpected result state: k_EResultTimeout
Image will not be loaded.
UGC Download: unexpected result state: k_EResultTimeout
Image will not be loaded.
UGC Download: unexpected result state: k_EResultTimeout
Image will not be loaded.
UGC Download: unexpected result state: k_EResultTimeout
Image will not be loaded.
UGC Download: unexpected result state: k_EResultTimeout
Image will not be loaded.
UGC Download: unexpected result state: k_EResultTimeout
Image will not be loaded.
UGC Download: unexpected result state: k_EResultTimeout
Image will not be loaded.
UGC Download: unexpected result state: k_EResultTimeout
Image will not be loaded.
UGC Download: unexpected result state: k_EResultTimeout
Image will not be loaded.
UGC Download: unexpected result state: k_EResultTimeout
Image will not be loaded.
UGC Download: unexpected result state: k_EResultTimeout
Image will not be loaded.
UGC Download: unexpected result state: k_EResultTimeout
Image will not be loaded.
UGC Download: unexpected result state: k_EResultTimeout
Image will not be loaded.
UGC Download: unexpected result state: k_EResultTimeout
Image will not be loaded.
UGC Download: unexpected result state: k_EResultTimeout
Image will not be loaded.
UGC Download: unexpected result state: k_EResultTimeout
Image will not be loaded.
UGC Download: unexpected result state: k_EResultTimeout
Image will not be loaded.
UGC Download: unexpected result state: k_EResultTimeout
Image will not be loaded.
UGC Download: unexpected result state: k_EResultTimeout
Image will not be loaded.
UGC Download: unexpected result state: k_EResultTimeout
Image will not be loaded.
UGC Download: unexpected result state: k_EResultTimeout
Image will not be loaded.
UGC Download: unexpected result state: k_EResultTimeout
Image will not be loaded.
UGC Download: unexpected result state: k_EResultTimeout
Image will not be loaded.
UGC Download: unexpected result state: k_EResultTimeout
Image will not be loaded.
UGC Download: unexpected result state: k_EResultTimeout
Image will not be loaded.
UGC Download: unexpected result state: k_EResultTimeout
Image will not be loaded.
UGC Download: unexpected result state: k_EResultTimeout
Image will not be loaded.
UGC Download: unexpected result state: k_EResultTimeout
Image will not be loaded.
UGC Download: unexpected result state: k_EResultTimeout
Image will not be loaded.
UGC Download: unexpected result state: k_EResultTimeout
Image will not be loaded.
UGC Download: unexpected result state: k_EResultTimeout
Image will not be loaded.
UGC Download: unexpected result state: k_EResultTimeout
Image will not be loaded.
UGC Download: unexpected result state: k_EResultTimeout
Image will not be loaded.
UGC Download: unexpected result state: k_EResultTimeout
Image will not be loaded.
UGC Download: unexpected result state: k_EResultTimeout
Image will not be loaded.
UGC Download: unexpected result state: k_EResultTimeout
Image will not be loaded.
UGC Download: unexpected result state: k_EResultTimeout
Image will not be loaded.
UGC Download: unexpected result state: k_EResultTimeout
Image will not be loaded.
UGC Download: unexpected result state: k_EResultTimeout
Image will not be loaded.
UGC Download: unexpected result state: k_EResultTimeout
Image will not be loaded.
UGC Download: unexpected result state: k_EResultTimeout
Image will not be loaded.
UGC Download: unexpected result state: k_EResultTimeout
Image will not be loaded.
UGC Download: unexpected result state: k_EResultTimeout
Image will not be loaded.
UGC Download: unexpected result state: k_EResultTimeout
Image will not be loaded.
UGC Download: unexpected result state: k_EResultTimeout
Image will not be loaded.
UGC Download: unexpected result state: k_EResultTimeout
Image will not be loaded.
UGC Download: unexpected result state: k_EResultTimeout
Image will not be loaded.
UGC Download: unexpected result state: k_EResultTimeout
Image will not be loaded.
UGC Download: unexpected result state: k_EResultTimeout
Image will not be loaded.
UGC Download: unexpected result state: k_EResultTimeout
Image will not be loaded.
UGC Download: unexpected result state: k_EResultTimeout
Image will not be loaded.
UGC Download: unexpected result state: k_EResultTimeout
Image will not be loaded.
UGC Download: unexpected result state: k_EResultTimeout
Image will not be loaded.
UGC Download: unexpected result state: k_EResultTimeout
Image will not be loaded.
UGC Download: unexpected result state: k_EResultTimeout
Image will not be loaded.
UGC Download: unexpected result state: k_EResultTimeout
Image will not be loaded.
UGC Download: unexpected result state: k_EResultTimeout
Image will not be loaded.
UGC Download: unexpected result state: k_EResultTimeout
Image will not be loaded.
UGC Download: unexpected result state: k_EResultTimeout
Image will not be loaded.
UGC Download: unexpected result state: k_EResultTimeout
Image will not be loaded.
UGC Download: unexpected result state: k_EResultTimeout
Image will not be loaded.
UGC Download: unexpected result state: k_EResultTimeout
Image will not be loaded.
UGC Download: unexpected result state: k_EResultTimeout
Image will not be loaded.
UGC Download: unexpected result state: k_EResultTimeout
Image will not be loaded.
UGC Download: unexpected result state: k_EResultTimeout
Image will not be loaded.
UGC Download: unexpected result state: k_EResultTimeout
Image will not be loaded.
UGC Download: unexpected result state: k_EResultTimeout
Image will not be loaded.
UGC Download: unexpected result state: k_EResultTimeout
Image will not be loaded.
UGC Download: unexpected result state: k_EResultTimeout
Image will not be loaded.
UGC Download: unexpected result state: k_EResultTimeout
Image will not be loaded.
UGC Download: unexpected result state: k_EResultTimeout
Image will not be loaded.
UGC Download: unexpected result state: k_EResultTimeout
Image will not be loaded.
UGC Download: unexpected result state: k_EResultTimeout
Image will not be loaded.
UGC Download: unexpected result state: k_EResultTimeout
Image will not be loaded.
UGC Download: unexpected result state: k_EResultTimeout
Image will not be loaded.
UGC Download: unexpected result state: k_EResultTimeout
Image will not be loaded.
UGC Download: unexpected result state: k_EResultTimeout
Image will not be loaded.
UGC Download: unexpected result state: k_EResultTimeout
Image will not be loaded.
UGC Download: unexpected result state: k_EResultTimeout
Image will not be loaded.
UGC Download: unexpected result state: k_EResultTimeout
Image will not be loaded.
UGC Download: unexpected result state: k_EResultTimeout
Image will not be loaded.
UGC Download: unexpected result state: k_EResultTimeout
Image will not be loaded.
UGC Download: unexpected result state: k_EResultTimeout
Image will not be loaded.
UGC Download: unexpected result state: k_EResultTimeout
Image will not be loaded.
UGC Download: unexpected result state: k_EResultTimeout
Image will not be loaded.
UGC Download: unexpected result state: k_EResultTimeout
Image will not be loaded.
UGC Download: unexpected result state: k_EResultTimeout
Image will not be loaded.
UGC Download: unexpected result state: k_EResultTimeout
Image will not be loaded.
UGC Download: unexpected result state: k_EResultTimeout
Image will not be loaded.
UGC Download: unexpected result state: k_EResultTimeout
Image will not be loaded.
UGC Download: unexpected result state: k_EResultTimeout
Image will not be loaded.
UGC Download: unexpected result state: k_EResultTimeout
Image will not be loaded.
UGC Download: unexpected result state: k_EResultTimeout
Image will not be loaded.
UGC Download: unexpected result state: k_EResultTimeout
Image will not be loaded.
UGC Download: unexpected result state: k_EResultTimeout
Image will not be loaded.
UGC Download: unexpected result state: k_EResultTimeout
Image will not be loaded.
UGC Download: unexpected result state: k_EResultTimeout
Image will not be loaded.
UGC Download: unexpected result state: k_EResultTimeout
Image will not be loaded.
UGC Download: unexpected result state: k_EResultTimeout
Image will not be loaded.
UGC Download: unexpected result state: k_EResultTimeout
Image will not be loaded.
UGC Download: unexpected result state: k_EResultTimeout
Image will not be loaded.
UGC Download: unexpected result state: k_EResultTimeout
Image will not be loaded.
UGC Download: unexpected result state: k_EResultTimeout
Image will not be loaded.
UGC Download: unexpected result state: k_EResultTimeout
Image will not be loaded.
UGC Download: unexpected result state: k_EResultTimeout
Image will not be loaded.
UGC Download: unexpected result state: k_EResultTimeout
Image will not be loaded.
UGC Download: unexpected result state: k_EResultTimeout
Image will not be loaded.
UGC Download: unexpected result state: k_EResultTimeout
Image will not be loaded.
UGC Download: unexpected result state: k_EResultTimeout
Image will not be loaded.
UGC Download: unexpected result state: k_EResultTimeout
Image will not be loaded.
UGC Download: unexpected result state: k_EResultTimeout
Image will not be loaded.
UGC Download: unexpected result state: k_EResultTimeout
Image will not be loaded.
UGC Download: unexpected result state: k_EResultTimeout
Image will not be loaded.
UGC Download: unexpected result state: k_EResultTimeout
Image will not be loaded.
UGC Download: unexpected result state: k_EResultTimeout
Image will not be loaded.
UGC Download: unexpected result state: k_EResultTimeout
Image will not be loaded.
UGC Download: unexpected result state: k_EResultTimeout
Image will not be loaded.
UGC Download: unexpected result state: k_EResultTimeout
Image will not be loaded.
UGC Download: unexpected result state: k_EResultTimeout
Image will not be loaded.
UGC Download: unexpected result state: k_EResultTimeout
Image will not be loaded.
UGC Download: unexpected result state: k_EResultTimeout
Image will not be loaded.
UGC Download: unexpected result state: k_EResultTimeout
Image will not be loaded.
UGC Download: unexpected result state: k_EResultTimeout
Image will not be loaded.
UGC Download: unexpected result state: k_EResultTimeout
Image will not be loaded.
UGC Download: unexpected result state: k_EResultTimeout
Image will not be loaded.
UGC Download: unexpected result state: k_EResultTimeout
Image will not be loaded.
UGC Download: unexpected result state: k_EResultTimeout
Image will not be loaded.
UGC Download: unexpected result state: k_EResultTimeout
Image will not be loaded.
UGC Download: unexpected result state: k_EResultTimeout
Image will not be loaded.
UGC Download: unexpected result state: k_EResultTimeout
Image will not be loaded.
UGC Download: unexpected result state: k_EResultTimeout
Image will not be loaded.
UGC Download: unexpected result state: k_EResultTimeout
Image will not be loaded.
UGC Download: unexpected result state: k_EResultTimeout
Image will not be loaded.
UGC Download: unexpected result state: k_EResultTimeout
Image will not be loaded.
UGC Download: unexpected result state: k_EResultTimeout
Image will not be loaded.
UGC Download: unexpected result state: k_EResultTimeout
Image will not be loaded.
UGC Download: unexpected result state: k_EResultTimeout
Image will not be loaded.
UGC Download: unexpected result state: k_EResultTimeout
Image will not be loaded.
UGC Download: unexpected result state: k_EResultTimeout
Image will not be loaded.
UGC Download: unexpected result state: k_EResultTimeout
Image will not be loaded.
UGC Download: unexpected result state: k_EResultTimeout
Image will not be loaded.
UGC Download: unexpected result state: k_EResultTimeout
Image will not be loaded.
UGC Download: unexpected result state: k_EResultTimeout
Image will not be loaded.
UGC Download: unexpected result state: k_EResultTimeout
Image will not be loaded.
UGC Download: unexpected result state: k_EResultTimeout
Image will not be loaded.
UGC Download: unexpected result state: k_EResultTimeout
Image will not be loaded.
UGC Download: unexpected result state: k_EResultTimeout
Image will not be loaded.
UGC Download: unexpected result state: k_EResultTimeout
Image will not be loaded.
UGC Download: unexpected result state: k_EResultTimeout
Image will not be loaded.
UGC Download: unexpected result state: k_EResultTimeout
Image will not be loaded.
UGC Download: unexpected result state: k_EResultTimeout
Image will not be loaded.
UGC Download: unexpected result state: k_EResultTimeout
Image will not be loaded.
UGC Download: unexpected result state: k_EResultTimeout
Image will not be loaded.
UGC Download: unexpected result state: k_EResultTimeout
Image will not be loaded.
UGC Download: unexpected result state: k_EResultTimeout
Image will not be loaded.
UGC Download: unexpected result state: k_EResultTimeout
Image will not be loaded.
UGC Download: unexpected result state: k_EResultTimeout
Image will not be loaded.
UGC Download: unexpected result state: k_EResultTimeout
Image will not be loaded.
UGC Download: unexpected result state: k_EResultTimeout
Image will not be loaded.
UGC Download: unexpected result state: k_EResultTimeout
Image will not be loaded.
UGC Download: unexpected result state: k_EResultTimeout
Image will not be loaded.
UGC Download: unexpected result state: k_EResultTimeout
Image will not be loaded.
UGC Download: unexpected result state: k_EResultTimeout
Image will not be loaded.
UGC Download: unexpected result state: k_EResultTimeout
Image will not be loaded.
UGC Download: unexpected result state: k_EResultTimeout
Image will not be loaded.
UGC Download: unexpected result state: k_EResultTimeout
Image will not be loaded.
UGC Download: unexpected result state: k_EResultTimeout
Image will not be loaded.
UGC Download: unexpected result state: k_EResultTimeout
Image will not be loaded.
UGC Download: unexpected result state: k_EResultTimeout
Image will not be loaded.
UGC Download: unexpected result state: k_EResultTimeout
Image will not be loaded.
UGC Download: unexpected result state: k_EResultTimeout
Image will not be loaded.
UGC Download: unexpected result state: k_EResultTimeout
Image will not be loaded.
UGC Download: unexpected result state: k_EResultTimeout
Image will not be loaded.
UGC Download: unexpected result state: k_EResultTimeout
Image will not be loaded.
UGC Download: unexpected result state: k_EResultTimeout
Image will not be loaded.
UGC Download: unexpected result state: k_EResultTimeout
Image will not be loaded.
UGC Download: unexpected result state: k_EResultTimeout
Image will not be loaded.
UGC Download: unexpected result state: k_EResultTimeout
Image will not be loaded.
UGC Download: unexpected result state: k_EResultTimeout
Image will not be loaded.
UGC Download: unexpected result state: k_EResultTimeout
Image will not be loaded.
UGC Download: unexpected result state: k_EResultTimeout
Image will not be loaded.
UGC Download: unexpected result state: k_EResultTimeout
Image will not be loaded.
UGC Download: unexpected result state: k_EResultTimeout
Image will not be loaded.
UGC Download: unexpected result state: k_EResultTimeout
Image will not be loaded.
UGC Download: unexpected result state: k_EResultTimeout
Image will not be loaded.
UGC Download: unexpected result state: k_EResultTimeout
Image will not be loaded.
UGC Download: unexpected result state: k_EResultTimeout
Image will not be loaded.
UGC Download: unexpected result state: k_EResultTimeout
Image will not be loaded.
UGC Download: unexpected result state: k_EResultTimeout
Image will not be loaded.
UGC Download: unexpected result state: k_EResultTimeout
Image will not be loaded.
UGC Download: unexpected result state: k_EResultTimeout
Image will not be loaded.
UGC Download: unexpected result state: k_EResultTimeout
Image will not be loaded.
UGC Download: unexpected result state: k_EResultTimeout
Image will not be loaded.
UGC Download: unexpected result state: k_EResultTimeout
Image will not be loaded.
UGC Download: unexpected result state: k_EResultTimeout
Image will not be loaded.
UGC Download: unexpected result state: k_EResultTimeout
Image will not be loaded.
UGC Download: unexpected result state: k_EResultTimeout
Image will not be loaded.
UGC Download: unexpected result state: k_EResultTimeout
Image will not be loaded.
UGC Download: unexpected result state: k_EResultTimeout
Image will not be loaded.
UGC Download: unexpected result state: k_EResultTimeout
Image will not be loaded.
UGC Download: unexpected result state: k_EResultTimeout
Image will not be loaded.
UGC Download: unexpected result state: k_EResultTimeout
Image will not be loaded.
UGC Download: unexpected result state: k_EResultTimeout
Image will not be loaded.
UGC Download: unexpected result state: k_EResultTimeout
Image will not be loaded.
UGC Download: unexpected result state: k_EResultTimeout
Image will not be loaded.
UGC Download: unexpected result state: k_EResultTimeout
Image will not be loaded.
UGC Download: unexpected result state: k_EResultTimeout
Image will not be loaded.
UGC Download: unexpected result state: k_EResultTimeout
Image will not be loaded.
UGC Download: unexpected result state: k_EResultTimeout
Image will not be loaded.
UGC Download: unexpected result state: k_EResultTimeout
Image will not be loaded.
UGC Download: unexpected result state: k_EResultTimeout
Image will not be loaded.
UGC Download: unexpected result state: k_EResultTimeout
Image will not be loaded.
UGC Download: unexpected result state: k_EResultTimeout
Image will not be loaded.
UGC Download: unexpected result state: k_EResultTimeout
Image will not be loaded.
UGC Download: unexpected result state: k_EResultTimeout
Image will not be loaded.
UGC Download: unexpected result state: k_EResultTimeout
Image will not be loaded.
UGC Download: unexpected result state: k_EResultTimeout
Image will not be loaded.
UGC Download: unexpected result state: k_EResultTimeout
Image will not be loaded.
UGC Download: unexpected result state: k_EResultTimeout
Image will not be loaded.
UGC Download: unexpected result state: k_EResultTimeout
Image will not be loaded.
UGC Download: unexpected result state: k_EResultTimeout
Image will not be loaded.
UGC Download: unexpected result state: k_EResultTimeout
Image will not be loaded.
UGC Download: unexpected result state: k_EResultTimeout
Image will not be loaded.
UGC Download: unexpected result state: k_EResultTimeout
Image will not be loaded.
UGC Download: unexpected result state: k_EResultTimeout
Image will not be loaded.
UGC Download: unexpected result state: k_EResultTimeout
Image will not be loaded.
UGC Download: unexpected result state: k_EResultTimeout
Image will not be loaded.
UGC Download: unexpected result state: k_EResultTimeout
Image will not be loaded.
UGC Download: unexpected result state: k_EResultTimeout
Image will not be loaded.
UGC Download: unexpected result state: k_EResultTimeout
Image will not be loaded.
UGC Download: unexpected result state: k_EResultTimeout
Image will not be loaded.
UGC Download: unexpected result state: k_EResultTimeout
Image will not be loaded.
UGC Download: unexpected result state: k_EResultTimeout
Image will not be loaded.
UGC Download: unexpected result state: k_EResultTimeout
Image will not be loaded.
UGC Download: unexpected result state: k_EResultTimeout
Image will not be loaded.
UGC Download: unexpected result state: k_EResultTimeout
Image will not be loaded.
UGC Download: unexpected result state: k_EResultTimeout
Image will not be loaded.
UGC Download: unexpected result state: k_EResultTimeout
Image will not be loaded.
UGC Download: unexpected result state: k_EResultTimeout
Image will not be loaded.
UGC Download: unexpected result state: k_EResultTimeout
Image will not be loaded.
UGC Download: unexpected result state: k_EResultTimeout
Image will not be loaded.
UGC Download: unexpected result state: k_EResultTimeout
Image will not be loaded.
UGC Download: unexpected result state: k_EResultTimeout
Image will not be loaded.
UGC Download: unexpected result state: k_EResultTimeout
Image will not be loaded.
UGC Download: unexpected result state: k_EResultTimeout
Image will not be loaded.
UGC Download: unexpected result state: k_EResultTimeout
Image will not be loaded.
UGC Download: unexpected result state: k_EResultTimeout
Image will not be loaded.
UGC Download: unexpected result state: k_EResultTimeout
Image will not be loaded.
UGC Download: unexpected result state: k_EResultTimeout
Image will not be loaded.
G:\Program Files (x86)\steam\steamapps\common\Elin\Package\_Lang_Chinese\Lang\CN/Text/Help/version.txt
Reflex Rebuild
Elin, Version=0.0.0.0, Culture=neutral, PublicKeyToken=null3553/0.5106773
CustomWhateverLoader, Version=1.20.56.36238, Culture=neutral, PublicKeyToken=null641/0.02707672
AnimatedCustomSprites, Version=0.0.0.0, Culture=neutral, PublicKeyToken=null21/0.002319336
Mod_KiriaDLC, Version=1.0.2.0, Culture=neutral, PublicKeyToken=null29/0.01002502
KKWithMySister, Version=1.0.0.0, Culture=neutral, PublicKeyToken=null139/0.01575851
Emmersive, Version=0.9.16.34081, Culture=neutral, PublicKeyToken=null192/0.03038788
YIKYikArena, Version=1.0.0.0, Culture=neutral, PublicKeyToken=null34/0.009624481
YIKPartyTalk, Version=1.1.0.0, Culture=neutral, PublicKeyToken=null15/0.001777649
YIKPresentForU, Version=1.0.0.0, Culture=neutral, PublicKeyToken=null5/0.0008773804
[CWL][INFO] [CwlPipe] external console opened \\.\pipe\Elin\Console
[CWL][INFO] [ContextMenuHelper] 注册 context_menu CWL/cwl_ui_sound_reload (Stable)CustomWhateverLoader::DataLoader.LoadAllSounds
[CWL][INFO] [ContextMenuHelper] 注册 context_menu CWL/BeggarBegone (Stable)CustomWhateverLoader::CwlConsole.BegoneOfYouChicken
[CWL][INFO] [ContextMenuHelper] 注册 context_menu BGM/Show (Stable)CustomWhateverLoader::PlaylistViewer.EnableBGMView
[CWL][INFO] [ContextMenuHelper] 注册 context_menu BGM/AddKnown (Stable)CustomWhateverLoader::PlaylistViewer.AddPlaylistToKnown
[CWL][INFO] [ContextMenuHelper] 注册 context_menu Emmersive面板 ElinwithAI(Beta)Emmersive::LayerEmmersivePanel.OpenInternal
[CWL][INFO] [ContextMenuHelper] 注册 context_menu Mod Help ModHelp::ModHelpSetup.ShowModHelp
[CWL][INFO] [ExecutionAnalysis] 性能分析:
CwlMod.LoadLoc                                         1 次调用, 150.94ms
CwlMod.BuildPatches                                    1 次调用, 1457.11ms
RethrowParsePatch.RethrowParseInvoke               15251 次调用, 0.38ms
RowOverridePatch.TryRowOverride                       66 次调用, 21.61ms
CwlMod.QueryDeclTypes                                  1 次调用, 33.78ms
ContextMenuHelper.RegisterEvents                       6 次调用, 0.16ms
GameIOProcessor.RegisterEvents                        15 次调用, 2.64ms
CardOnCreateEvent.RegisterEvents                       8 次调用, 0.85ms
SafeSceneInitEvent.RegisterEvents                      5 次调用, 2.92ms
ActPerformEvent.RegisterEvents                         1 次调用, 0.29ms
CwlMod.RegisterEvents                                  1 次调用, 160.21ms
CwlMod.PrebuildDispatchers                             1 次调用, 1.82ms
DramaExpansion.BuildActionList                         1 次调用, 81.84ms
DataLoader.SetupEffectTemplate                         1 次调用, 3.37ms
DataLoader.MergeCharaTalk                              1 次调用, 26.46ms
DataLoader.MergeCharaTone                              1 次调用, 5.74ms
DataLoader.PreloadDialog                               1 次调用, 6.18ms
DataLoader.MergeEffectSetting                          1 次调用, 24.49ms
DataLoader.LoadAllSounds                               1 次调用, 27.25ms
CustomPlaylist.RebuildBGM                              1 次调用, 97.27ms
CustomElement.AddElement                              11 次调用, 0.63ms
SetMaterialRowPatch.AddMaterial                      214 次调用, 0.12ms
SafeResolveTypePatch.SafeResolveInvoke              1260 次调用, 0.03ms
CustomChara.AddChara                                 865 次调用, 203.13ms
SetZoneRowPatch.OnSetRow                             104 次调用, 15.77ms
CustomZone.AddZone                                     4 次调用, 0.14ms
SetReligionRowPatch.OnSetRow                          16 次调用, 1.8ms
WorkbookImporter.BySheetName                          87 次调用, 0ms
CacheDetail.FinalizeCache                              1 次调用, 0.54ms
SafeCreateCardPatch.RethrowCreateInvoke             3625 次调用, 0.09ms
MergeAttackElementPatch.OnInitAttackElement            1 次调用, 0.69ms
DataLoader.MergeGodTalk                                2 次调用, 52.07ms
DataLoader.MergeFactionElements                        1 次调用, 10ms
DataLoader.MergeOfferingMultiplier                     1 次调用, 7.54ms
CWL 延长了 2397.88ms 加载时间
[CWL][INFO] [CwlMod] loading complete
Unloading 4 Unused Serialized files (Serialized files now loaded: 2)
Unloading 471 unused Assets to reduce memory usage. Loaded Objects now: 13830.
Total: 80.614100 ms (FindLiveObjects: 1.056700 ms CreateObjectMapping: 0.640600 ms MarkObjects: 78.693600 ms  DeleteObjects: 0.222800 ms)

#io LoadFile;C:\Users\reinotamasi\AppData\LocalLow\Lafrontier\Elin\Save\world 1/index.txt
#io LoadFile;C:\Users\reinotamasi\AppData\LocalLow\Lafrontier\Elin\Save\world 1_manual/index.txt
#io LoadFile;C:\Users\reinotamasi\AppData\LocalLow\Lafrontier\Elin\Save\world_1/index.txt
#io LoadFile;C:\Users\reinotamasi\AppData\LocalLow\Lafrontier\Elin\Backup\world 1_manual\1/index.txt
#io LoadFile;C:\Users\reinotamasi\AppData\LocalLow\Lafrontier\Elin\Backup\world 1_manual\10/index.txt
#io LoadFile;C:\Users\reinotamasi\AppData\LocalLow\Lafrontier\Elin\Backup\world 1_manual\2/index.txt
#io LoadFile;C:\Users\reinotamasi\AppData\LocalLow\Lafrontier\Elin\Backup\world 1_manual\3/index.txt
#io LoadFile;C:\Users\reinotamasi\AppData\LocalLow\Lafrontier\Elin\Backup\world 1_manual\4/index.txt
#io LoadFile;C:\Users\reinotamasi\AppData\LocalLow\Lafrontier\Elin\Backup\world 1_manual\5/index.txt
#io LoadFile;C:\Users\reinotamasi\AppData\LocalLow\Lafrontier\Elin\Backup\world 1_manual\6/index.txt
#io LoadFile;C:\Users\reinotamasi\AppData\LocalLow\Lafrontier\Elin\Backup\world 1_manual\7/index.txt
#io LoadFile;C:\Users\reinotamasi\AppData\LocalLow\Lafrontier\Elin\Backup\world 1_manual\8/index.txt
#io LoadFile;C:\Users\reinotamasi\AppData\LocalLow\Lafrontier\Elin\Backup\world 1_manual\9/index.txt
#io LoadFile;C:/Users/reinotamasi/AppData/LocalLow/Lafrontier/Elin/Save/world 1_manual/index.txt
[CWL][INFO] [GameIOContext] load Elin/Save/world 1_manual/chunks/context_vars.chunkc
Loading: world 1_manual: C:/Users/reinotamasi/AppData/LocalLow/Lafrontier/Elin/Save/world 1_manual
#io LoadFile;C:/Users/reinotamasi/AppData/LocalLow/Lafrontier/Elin/Save/world 1_manual/index.txt
#io game OnDeserializing
#io CardManager OnDeserializing:
[CWL][INFO] [Trait] 已加载自定义 Trait: TraitSparklyWater, 限定类型: Sparkly.Traits.TraitSparklyWater
[CWL][INFO] [Trait] 已加载自定义 Trait: CustomMerchant, 限定类型: Cwl.API.Custom.CustomMerchant
[CWL][INFO] [Trait] 已加载自定义 Trait: TraitDonaCamera, 限定类型: Dona.Traits.TraitDonaCamera
[CWL][INFO] [Trait] 已加载自定义 Trait: TraitDonakoko, 限定类型: Dona.Traits.TraitDonakoko
#io CardManager OnDeserialized:453
YIKArena:(LOG)データの初期化完了
YIKArena:(LOG)データの読込完了G:\Program Files (x86)\steam\steamapps\workshop\content\2135150\3530887829\Save\world 1_manual\YikArena.json
[CWL][INFO] [BookList] Book: hsu_diary.txt|CN
[CWL][INFO] [BookList] Book: hsu_manual.txt|CN
[CWL][INFO] [BookList] Scroll: kiria_dlc_1.txt|CN
[CWL][INFO] [BookList] Scroll: kiria_dlc_2.txt|CN
[CWL][INFO] [BookList] Scroll: kiria_dlc_3.txt|CN
[CWL][INFO] [BookList] Scroll: kiria_dlc_4.txt|CN
[CWL][INFO] [BookList] Scroll: kiria_dlc_5.txt|CN
[CWL][INFO] [BookList] Scroll: kiria_dlc_6.txt|CN
[CWL][INFO] [BookList] Scroll: kiria_dlc_7.txt|CN
Rebuilding recipe list
[CWL][WARN] [RecipeManager] 无法生成配方 ID: inui_natsu / -c
[Info   :Bank Utility] Checking if character has the Bank Access ability...
[Info   :Bank Utility] [BankUtility] Assigning Bank Access ability...
Scene.Init:StartGame
Scene.Init:Zone
巢穴 地下90层/void/25340/True/False/True
/
/True/G:/Program Files (x86)/steam/steamapps/common/Elin/Elin_Data/../Package/_Elona/Map/_new.z
True/False/False/
loading map: imported? False regenerate? False
#io LoadFile;C:/Users/reinotamasi/AppData/LocalLow/Lafrontier/Elin/Save/world 1_manual/25340/map
Map Load:None: C:/Users/reinotamasi/AppData/LocalLow/Lafrontier/Elin/Save/world 1_manual/25340/
CustomWidget:MainText not found.
CustomWidget:Date not found.
CustomWidget:Mouseover not found.
CustomWidget:Stats not found.
CustomWidget:HotbarEx1 not found.
CustomWidget:HotbarEx2 not found.
CustomWidget:HotbarEx3 not found.
CustomWidget:HotbarEx4 not found.
CustomWidget:HotbarEx5 not found.
CustomWidget:Feed not found.
CustomWidget:Minimap not found.
CustomWidget:Roster not found.
[Info   :Variable Sprite Support] rebuilding sprites...
[Info   :Variable Sprite Support] max tex 128x192
[Info   :Variable Sprite Support] finished rebuilding sprites
[Info   :Variable Sprite Support] rebuilding sprites...
[Info   :Variable Sprite Support] max tex 128x192
[Info   :Variable Sprite Support] finished rebuilding sprites
[Info   :Variable Sprite Support] rebuilding sprites...
[Info   :Variable Sprite Support] max tex 128x192
[Info   :Variable Sprite Support] finished rebuilding sprites
CustomWidget:HP not found.
CustomWidget:CurrentTool not found.
CustomWidget:Tracker not found.
CustomWidget:HotbarEx7 not found.
CustomWidget:StatsBar not found.
CustomWidget:BottomBar not found.
CustomWidget:Exp not found.
CustomWidget:PopText not found.
CustomWidget:StatsBar2 not found.
CustomWidget:Equip not found.
CustomWidget:StatsBar3 not found.
CustomWidget:QuestTracker not found.
WidgetZoom OnActivate
CustomWidget:Memo2 not found.
Last Active:256636113
[Info   :  Adoption] CustomAdv is loaded
[Info   :   Kubrika] CustomAdv is loaded
[CustomAdvMutsumi][Info] CustomAdv is loaded
CustomWidget:Equip not found.
tome_memory_loss:G:\Program Files (x86)\steam\steamapps\workshop\content\2135150\3559347159\Texture/tome_memory_loss
[CWL][INFO] [GameIOContext] load Elin/Save/world 1_manual/chunks/active_mods.chunkc
[CWL][INFO] [GameIOContext] load Elin/Save/world 1_manual/chunks/custom_religions.chunkc
[CWL][INFO] [GameIOContext] load Lafrontier/Elin/Emmersive/chunks/action_filters.chunkc
Unloading 1 Unused Serialized files (Serialized files now loaded: 2)
Releasing render texture that is set to be RenderTexture.active!
Unloading 2704 unused Assets to reduce memory usage. Loaded Objects now: 23793.
Total: 112.587000 ms (FindLiveObjects: 2.155800 ms CreateObjectMapping: 0.900900 ms MarkObjects: 108.472500 ms  DeleteObjects: 1.057500 ms)

[Info   :Variable Sprite Support] rebuilding sprites...
[Info   :Variable Sprite Support] max tex 128x192
[Info   :Variable Sprite Support] finished rebuilding sprites
[CWL][INFO] [CustomChara] 跳过冒险者: serval,  人物已存在
[CWL][INFO] [CustomChara] 跳过冒险者: alpacasuri,  人物已存在
[CWL][INFO] [CustomChara] 跳过冒险者: brownbear,  人物已存在
[CWL][INFO] [CustomChara] 跳过冒险者: commonraccoon,  人物已存在
[CWL][INFO] [CustomChara] 跳过冒险者: emperorpenguin,  人物已存在
[CWL][INFO] [CustomChara] 跳过冒险者: ezored,  人物已存在
[CWL][INFO] [CustomChara] 跳过冒险者: fennec,  人物已存在
[CWL][INFO] [CustomChara] 跳过冒险者: graywolf,  人物已存在
[CWL][INFO] [CustomChara] 跳过冒险者: ibis,  人物已存在
[CWL][INFO] [CustomChara] 跳过冒险者: lionk,  人物已存在
[CWL][INFO] [CustomChara] 跳过冒险者: luckybeast,  人物已存在
[CWL][INFO] [CustomChara] 跳过冒险者: margay,  人物已存在
[CWL][INFO] [CustomChara] 跳过冒险者: mirai,  人物已存在
[CWL][INFO] [CustomChara] 跳过冒险者: moosek,  人物已存在
[CWL][INFO] [CustomChara] 跳过冒险者: oinari,  人物已存在
[CWL][INFO] [CustomChara] 跳过冒险者: otterk,  人物已存在
[CWL][INFO] [CustomChara] 跳过冒险者: owlk,  人物已存在
[CWL][INFO] [CustomChara] 跳过冒险者: penguink,  人物已存在
[CWL][INFO] [CustomChara] 跳过冒险者: shoebill,  人物已存在
[CWL][INFO] [CustomChara] 跳过冒险者: silverfox,  人物已存在
[CWL][INFO] [CustomChara] 跳过冒险者: tigerk,  人物已存在
[CWL][INFO] [CustomChara] 跳过冒险者: tsuchinokok,  人物已存在
[CWL][INFO] [CustomChara] 跳过冒险者: senko,  人物已存在
[CWL][INFO] [CustomChara] 跳过角色: yotsuba,  人物已存在
[CWL][INFO] [CustomChara] 跳过冒险者: gore_magala_girl,  人物已存在
[CWL][INFO] [CustomChara] 跳过冒险者: marazhai,  人物已存在
[CWL][INFO] [CustomChara] 跳过冒险者: pAstesia,  人物已存在
[CWL][INFO] [CustomChara] 跳过冒险者: TH_Reimu,  人物已存在
[CWL][INFO] [CustomChara] 跳过冒险者: TH_Marisa,  人物已存在
[CWL][INFO] [CustomChara] 跳过冒险者: TH_Rumia,  人物已存在
[CWL][INFO] [CustomChara] 跳过冒险者: TH_Daiyousei,  人物已存在
[CWL][INFO] [CustomChara] 跳过冒险者: TH_Cirno,  人物已存在
[CWL][INFO] [CustomChara] 跳过冒险者: TH_Meiling,  人物已存在
[CWL][INFO] [CustomChara] 跳过冒险者: TH_Koakuma,  人物已存在
[CWL][INFO] [CustomChara] 跳过冒险者: TH_Patchouli,  人物已存在
[CWL][INFO] [CustomChara] 跳过冒险者: TH_Sakuya,  人物已存在
[CWL][INFO] [CustomChara] 跳过冒险者: TH_Remilia,  人物已存在
[CWL][INFO] [CustomChara] 跳过冒险者: TH_Flandre,  人物已存在
[CWL][INFO] [CustomChara] 跳过冒险者: TH_Letty,  人物已存在
[CWL][INFO] [CustomChara] 跳过冒险者: TH_Chen,  人物已存在
[CWL][INFO] [CustomChara] 跳过冒险者: TH_Alice,  人物已存在
[CWL][INFO] [CustomChara] 跳过冒险者: TH_LilyWhite,  人物已存在
[CWL][INFO] [CustomChara] 跳过冒险者: TH_Lunasa,  人物已存在
[CWL][INFO] [CustomChara] 跳过冒险者: TH_Merlin,  人物已存在
[CWL][INFO] [CustomChara] 跳过冒险者: TH_Lyrica,  人物已存在
[CWL][INFO] [CustomChara] 跳过冒险者: TH_Youmu,  人物已存在
[CWL][INFO] [CustomChara] 跳过冒险者: TH_Yuyuko,  人物已存在
[CWL][INFO] [CustomChara] 跳过冒险者: TH_Ran,  人物已存在
[CWL][INFO] [CustomChara] 跳过冒险者: TH_Yukari,  人物已存在
[CWL][INFO] [CustomChara] 跳过冒险者: TH_Suika,  人物已存在
[CWL][INFO] [CustomChara] 跳过冒险者: TH_Wriggle,  人物已存在
[CWL][INFO] [CustomChara] 跳过冒险者: TH_Mystia,  人物已存在
[CWL][INFO] [CustomChara] 跳过冒险者: TH_Keine,  人物已存在
[CWL][INFO] [CustomChara] 跳过冒险者: TH_Tewi,  人物已存在
[CWL][INFO] [CustomChara] 跳过冒险者: TH_Reisen,  人物已存在
[CWL][INFO] [CustomChara] 跳过冒险者: TH_Eirin,  人物已存在
[CWL][INFO] [CustomChara] 跳过冒险者: TH_Kaguya,  人物已存在
[CWL][INFO] [CustomChara] 跳过冒险者: TH_Mokou,  人物已存在
[CWL][INFO] [CustomChara] 跳过冒险者: TH_Ruukoto,  人物已存在
[CWL][INFO] [CustomChara] 跳过冒险者: TH_Aya,  人物已存在
[CWL][INFO] [CustomChara] 跳过冒险者: TH_Medicine,  人物已存在
[CWL][INFO] [CustomChara] 跳过冒险者: TH_Yuuka,  人物已存在
[CWL][INFO] [CustomChara] 跳过冒险者: TH_Komachi,  人物已存在
[CWL][INFO] [CustomChara] 跳过冒险者: TH_Eiki,  人物已存在
[CWL][INFO] [CustomChara] 跳过冒险者: TH_Shizuha,  人物已存在
[CWL][INFO] [CustomChara] 跳过冒险者: TH_Minoriko,  人物已存在
[CWL][INFO] [CustomChara] 跳过冒险者: TH_Hina,  人物已存在
[CWL][INFO] [CustomChara] 跳过冒险者: TH_Nitori,  人物已存在
[CWL][INFO] [CustomChara] 跳过冒险者: TH_Momiji,  人物已存在
[CWL][INFO] [CustomChara] 跳过冒险者: TH_Sanae,  人物已存在
[CWL][INFO] [CustomChara] 跳过冒险者: TH_Kanako,  人物已存在
[CWL][INFO] [CustomChara] 跳过冒险者: TH_Suwako,  人物已存在
[CWL][INFO] [CustomChara] 跳过冒险者: TH_Iku,  人物已存在
[CWL][INFO] [CustomChara] 跳过冒险者: TH_Tenshi,  人物已存在
[CWL][INFO] [CustomChara] 跳过冒险者: TH_Kisume,  人物已存在
[CWL][INFO] [CustomChara] 跳过冒险者: TH_Yamame,  人物已存在
[CWL][INFO] [CustomChara] 跳过冒险者: TH_Parsee,  人物已存在
[CWL][INFO] [CustomChara] 跳过冒险者: TH_Yuugi,  人物已存在
[CWL][INFO] [CustomChara] 跳过冒险者: TH_Satori,  人物已存在
[CWL][INFO] [CustomChara] 跳过冒险者: TH_Rin,  人物已存在
[CWL][INFO] [CustomChara] 跳过冒险者: TH_Utsuho,  人物已存在
[CWL][INFO] [CustomChara] 跳过冒险者: TH_Koishi,  人物已存在
[CWL][INFO] [CustomChara] 跳过冒险者: TH_Nazrin,  人物已存在
[CWL][INFO] [CustomChara] 跳过冒险者: TH_Kogasa,  人物已存在
[CWL][INFO] [CustomChara] 跳过冒险者: TH_Ichirin,  人物已存在
[CWL][INFO] [CustomChara] 跳过冒险者: TH_Murasa,  人物已存在
[CWL][INFO] [CustomChara] 跳过冒险者: TH_Shou,  人物已存在
[CWL][INFO] [CustomChara] 跳过冒险者: TH_Byakuren,  人物已存在
[CWL][INFO] [CustomChara] 跳过冒险者: TH_Nue,  人物已存在
[CWL][INFO] [CustomChara] 跳过冒险者: TH_Hatate,  人物已存在
[CWL][INFO] [CustomChara] 跳过冒险者: TH_Star,  人物已存在
[CWL][INFO] [CustomChara] 跳过冒险者: TH_Luna,  人物已存在
[CWL][INFO] [CustomChara] 跳过冒险者: TH_Sunny,  人物已存在
[CWL][INFO] [CustomChara] 跳过冒险者: Livia,  人物已存在
[CWL][INFO] [CustomChara] 跳过冒险者: hisame,  人物已存在
[CWL][INFO] [CustomChara] 跳过冒险者: aragane,  人物已存在
[CWL][INFO] [CustomChara] 跳过角色: at_tablet,  人物已存在
[CWL][INFO] [CustomChara] 跳过角色: shitone,  人物已存在
[CWL][INFO] [CustomChara] 跳过冒险者: akatsuki_kage,  人物已存在
[CWL][INFO] [CustomChara] 跳过冒险者: pFrieren,  人物已存在
[CWL][INFO] [CustomChara] 跳过冒险者: pFern,  人物已存在
[CWL][INFO] [CustomChara] 跳过冒险者: KGR_BA_Hina_,  人物已存在
[CWL][INFO] [CustomChara] 跳过冒险者: KGR_BA_Izuna_,  人物已存在
[CWL][INFO] [CustomChara] 跳过冒险者: alice_wvd,  人物已存在
[CWL][INFO] [CustomChara] 跳过冒险者: ayane,  人物已存在
#init Skipping sourceData.Init:LangWord
[CWL][INFO] [CustomChara] 添加角色: Jialong 至 孤儿院
[CWL][INFO] [CustomChara] 跳过角色: ailisi,  人物已存在
[CWL][INFO] [CustomChara] 跳过角色: baihu,  人物已存在
[CWL][INFO] [CustomChara] 跳过角色: caiwei,  人物已存在
[CWL][INFO] [CustomChara] 跳过角色: hope,  人物已存在
[CWL][INFO] [CustomChara] 跳过角色: mali,  人物已存在
[CWL][INFO] [CustomChara] 跳过角色: meier,  人物已存在
[CWL][INFO] [CustomChara] 跳过角色: nikenainai,  人物已存在
[CWL][INFO] [CustomChara] 跳过角色: nini,  人物已存在
[CWL][INFO] [CustomChara] 跳过角色: panduola,  人物已存在
[CWL][INFO] [CustomChara] 跳过角色: shenwunv,  人物已存在
[CWL][INFO] [CustomChara] 跳过角色: shenyue,  人物已存在
[CWL][INFO] [CustomChara] 跳过角色: silili,  人物已存在
[CWL][INFO] [CustomChara] 跳过角色: weiluonika,  人物已存在
[CWL][INFO] [CustomChara] 跳过角色: weiyizhenshen,  人物已存在
[CWL][INFO] [CustomChara] 跳过角色: wendini,  人物已存在
[CWL][INFO] [CustomChara] 跳过角色: xiayi,  人物已存在
[CWL][INFO] [CustomChara] 跳过角色: xingxiya,  人物已存在
[CWL][INFO] [CustomChara] 跳过角色: xiyue,  人物已存在
[CWL][INFO] [CustomChara] 跳过角色: yadianna,  人物已存在
[CWL][INFO] [CustomChara] 跳过角色: yeliuli,  人物已存在
[CWL][INFO] [CustomChara] 跳过角色: yilishabai,  人物已存在
[CWL][INFO] [CustomChara] 跳过角色: zhousi,  人物已存在
[CWL][INFO] [CustomChara] 跳过角色: zhuque,  人物已存在
[CWL][INFO] [CustomChara] 跳过冒险者: majo,  人物已存在
[CWL][INFO] [CustomChara] 跳过冒险者: xll,  人物已存在
[CWL][INFO] [CustomChara] 跳过角色: donakoko,  人物已存在
[CWL][INFO] [CustomChara] 跳过冒险者: Furena,  人物已存在
[CWL][INFO] [CustomChara] 跳过冒险者: Lieze,  人物已存在
[CWL][INFO] [CustomChara] 跳过角色: Fool,  人物已存在
[CWL][INFO] [CustomChara] 跳过冒险者: Filene,  人物已存在
[CWL][INFO] [CustomChara] 跳过冒险者: lana,  人物已存在
[CWL][INFO] [CustomChara] 跳过角色: yatone,  人物已存在
[CWL][INFO] [CustomChara] 跳过角色: ruriha,  人物已存在
[CWL][INFO] [CustomChara] 跳过冒险者: Labrynth,  人物已存在
[CWL][INFO] [CustomChara] 跳过冒险者: fgo_Illyasviel_von_Einzbern,  人物已存在
[CWL][INFO] [CustomChara] 跳过冒险者: fgo_Miyu_Edelfelt,  人物已存在
[CWL][INFO] [CustomChara] 跳过冒险者: fgo_Chloe_von_Einzbern,  人物已存在
[CWL][INFO] [CustomChara] 跳过冒险者: fgo_Mysterious_Heroine,  人物已存在
[CWL][INFO] [CustomChara] 跳过冒险者: fgo_Mashu_Kyrielight,  人物已存在
[CWL][INFO] [CustomChara] 跳过冒险者: fgo_Artoria_Caster,  人物已存在
[CWL][INFO] [CustomChara] 跳过冒险者: fgo_Miyamoto_Musashi,  人物已存在
[CWL][INFO] [CustomChara] 跳过冒险者: fgo_Okita_Souji,  人物已存在
[CWL][INFO] [CustomChara] 跳过冒险者: fgo_BB,  人物已存在
[CWL][INFO] [CustomChara] 跳过冒险者: fgo_Ishtar,  人物已存在
[CWL][INFO] [CustomChara] 跳过冒险者: fgo_Artoria_Pendragon,  人物已存在
[CWL][INFO] [CustomChara] 跳过冒险者: fgo_Mordred,  人物已存在
[CWL][INFO] [CustomChara] 跳过冒险者: fgo_Archetype_Earth,  人物已存在
[CWL][INFO] [CustomChara] 跳过冒险者: fgo_Mysterious_Executor_CIEL,  人物已存在
[CWL][INFO] [CustomChara] 跳过冒险者: fgo_Aozaki_Aoko,  人物已存在
[CWL][INFO] [CustomChara] 跳过冒险者: adventurer_eureka,  人物已存在
[CWL][INFO] [CustomChara] 跳过角色: yik_sister,  人物已存在
[CWL][INFO] [CustomChara] 跳过冒险者: sofe_shinoa,  人物已存在
[CWL][INFO] [CustomChara] 跳过冒险者: sofe_mitsuba,  人物已存在
[CWL][INFO] [CustomChara] 跳过冒险者: sofe_krul,  人物已存在
[CWL][INFO] [CustomChara] 跳过冒险者: ff7r_tifa,  人物已存在
[CWL][INFO] [CustomChara] 跳过冒险者: ff7r_aeris,  人物已存在
[CWL][INFO] [CustomChara] 跳过冒险者: ff7r_cloud,  人物已存在
[CWL][INFO] [CustomChara] 跳过冒险者: sao-alicization-uw_alice-integrity,  人物已存在
[CWL][INFO] [CustomChara] 跳过冒险者: sao-alicization-uw_asuna-stacia,  人物已存在
[CWL][INFO] [CustomChara] 跳过冒险者: sao-alicization-uw_leafa-terraria,  人物已存在
[CWL][INFO] [CustomChara] 跳过冒险者: sao-alicization-uw_lisbeth,  人物已存在
[CWL][INFO] [CustomChara] 跳过冒险者: sao-alicization-uw_sinon-solus,  人物已存在
[CWL][INFO] [CustomChara] 跳过冒险者: sao-alo_yuuki,  人物已存在
[CWL][INFO] [CustomChara] 跳过角色: hsu,  人物已存在
[CWL][INFO] [CustomChara] 跳过冒险者: konosuba_aqua,  人物已存在
[CWL][INFO] [CustomChara] 跳过冒险者: konosuba_chris,  人物已存在
[CWL][INFO] [CustomChara] 跳过冒险者: konosuba_darkness,  人物已存在
[CWL][INFO] [CustomChara] 跳过冒险者: konosuba_megumin,  人物已存在
[CWL][INFO] [CustomChara] 跳过冒险者: konosuba_yunyun,  人物已存在
[CWL][INFO] [CustomChara] 跳过冒险者: Enra,  人物已存在
[CWL][INFO] [CustomChara] 跳过冒险者: Aka,  人物已存在
[CWL][INFO] [CustomChara] 跳过冒险者: rwby_ruby,  人物已存在
[CWL][INFO] [CustomChara] 跳过冒险者: rwby_weiss,  人物已存在
[CWL][INFO] [CustomChara] 跳过冒险者: rwby_blake,  人物已存在
[CWL][INFO] [CustomChara] 跳过冒险者: rwby_yang,  人物已存在
[CWL][INFO] [CustomChara] 跳过冒险者: sera,  人物已存在
[CWL][INFO] [CustomChara] 跳过冒险者: Sonoco,  人物已存在
[CWL][INFO] [CustomChara] 跳过冒险者: sakuya,  人物已存在
[CWL][INFO] [CustomChara] 跳过冒险者: flonne,  人物已存在
[CWL][INFO] [CustomChara] 跳过冒险者: FFT_Agrias,  人物已存在
[CWL][INFO] [CustomChara] 跳过冒险者: FFT_Alma,  人物已存在
[CWL][INFO] [CustomChara] 跳过冒险者: FFT_Cid,  人物已存在
[CWL][INFO] [CustomChara] 跳过冒险者: FFT_Delita,  人物已存在
[CWL][INFO] [CustomChara] 跳过冒险者: FFT_Mustadio,  人物已存在
[CWL][INFO] [CustomChara] 跳过冒险者: FFT_Ovelia,  人物已存在
[CWL][INFO] [CustomChara] 跳过冒险者: FFT_RamzaHeretic,  人物已存在
[CWL][INFO] [CustomChara] 跳过冒险者: FFT_Wiegraf,  人物已存在
[CWL][INFO] [CustomChara] 跳过冒险者: inys_inuyasha,  人物已存在
[CWL][INFO] [CustomChara] 跳过冒险者: inys_kagome,  人物已存在
[CWL][INFO] [CustomChara] 跳过冒险者: inys_sango,  人物已存在
[CWL][INFO] [CustomChara] 跳过冒险者: inys_miroku,  人物已存在
[CWL][INFO] [CustomChara] 跳过冒险者: re_ada-wang,  人物已存在
[CWL][INFO] [CustomChara] 跳过冒险者: re_leon-scott-kennedy,  人物已存在
[CWL][INFO] [CustomChara] 跳过冒险者: re_claire-redfield,  人物已存在
[CWL][INFO] [CustomChara] 跳过冒险者: re_jill-valentine,  人物已存在
[CWL][INFO] [CustomChara] 跳过冒险者: re_carlos-oliveira,  人物已存在
[CWL][INFO] [CustomChara] 跳过冒险者: hk3_kiana-kaslana,  人物已存在
[CWL][INFO] [CustomChara] 跳过冒险者: hk3_raiden-mei,  人物已存在
[CWL][INFO] [CustomChara] 跳过冒险者: hk3_bronya-zaychik,  人物已存在
[CWL][INFO] [CustomChara] 跳过角色: inui_natsu,  人物已存在
[CWL][INFO] [CustomChara] 跳过冒险者: gf2_klukai,  人物已存在
[CWL][INFO] [CustomChara] 跳过冒险者: gf2_mechty,  人物已存在
[CWL][INFO] [CustomChara] 跳过冒险者: gf2_lenna,  人物已存在
[CWL][INFO] [CustomChara] 跳过冒险者: gf2_leva,  人物已存在
[CWL][INFO] [CustomChara] 跳过冒险者: railgun_mikoto,  人物已存在
[CWL][INFO] [CustomChara] 跳过冒险者: railgun_kuroko,  人物已存在
[CWL][INFO] [CustomChara] 跳过冒险者: railgun_shokuhou,  人物已存在
[CWL][INFO] [CustomChara] 跳过冒险者: railgun_ruiko,  人物已存在
[CWL][INFO] [CustomChara] 跳过冒险者: railgun_kazari,  人物已存在
[CWL][INFO] [CustomChara] 跳过冒险者: railgun_touma,  人物已存在
[CWL][INFO] [CustomChara] 跳过冒险者: railgun_imouto-10032,  人物已存在
[CWL][INFO] [CustomChara] 跳过冒险者: railgun_last-order,  人物已存在
[CWL][INFO] [CustomChara] 跳过冒险者: railgun_index,  人物已存在
[CWL][INFO] [CustomChara] 跳过冒险者: piere,  人物已存在
[CWL][INFO] [CustomChara] 跳过冒险者: pokemon_red,  人物已存在
[CWL][INFO] [CustomChara] 跳过冒险者: pokemon_blue,  人物已存在
[CWL][INFO] [CustomChara] 跳过冒险者: pokemon_dawn,  人物已存在
[CWL][INFO] [CustomChara] 跳过冒险者: pokemon_hilda,  人物已存在
[CWL][INFO] [CustomChara] 跳过冒险者: pokemon_rosa,  人物已存在
[CWL][INFO] [CustomChara] 跳过冒险者: pokemon_gloria,  人物已存在
[CWL][INFO] [CustomChara] 跳过冒险者: TB_Teto,  人物已存在
[CWL][INFO] [CustomChara] 跳过冒险者: pUna,  人物已存在
[CWL][INFO] [CustomChara] 跳过冒险者: padoru,  人物已存在
[CWL][INFO] [CustomChara] 跳过冒险者: pMiranda,  人物已存在
[CWL][INFO] [CustomChara] 跳过角色: nudira,  人物已存在
[CWL][INFO] [CustomChara] 跳过角色: mercaton,  人物已存在
[CWL][INFO] [CustomChara] 跳过冒险者: Benon,  人物已存在
[CWL][INFO] [CustomChara] 跳过冒险者: Vepar,  人物已存在
[CWL][INFO] [CustomChara] 跳过冒险者: rabacon,  人物已存在
[CWL][INFO] [CustomChara] 跳过冒险者: conchan,  人物已存在
[CWL][INFO] [CustomChara] 跳过冒险者: ksm,  人物已存在
[CWL][INFO] [CustomChara] 跳过冒险者: pMudrock,  人物已存在
[CWL][INFO] [CustomChara] 跳过冒险者: yuzuki_yukari,  人物已存在
[CWL][INFO] [CustomChara] 跳过冒险者: O_miku,  人物已存在
[CWL][INFO] [CustomChara] 跳过冒险者: lulu,  人物已存在
[CWL][INFO] [CustomChara] 跳过冒险者: tinymita,  人物已存在
[CWL][INFO] [CustomChara] 跳过冒险者: kizuna_akari,  人物已存在
[CWL][INFO] [CustomChara] 跳过冒险者: riceshower,  人物已存在
[CWL][INFO] [CustomChara] 跳过冒险者: pAngelina,  人物已存在
[CWL][INFO] [CustomChara] 跳过冒险者: ririn_chan,  人物已存在
[CWL][INFO] [CustomChara] 跳过冒险者: eveliet,  人物已存在
[CWL][INFO] [CustomChara] 跳过角色: silkiera_merchant,  人物已存在
[CWL][INFO] [CustomChara] 跳过冒险者: hadalnoia,  人物已存在
[CWL][INFO] [CustomChara] 跳过冒险者: aradia,  人物已存在
[CWL][INFO] [CustomChara] 跳过冒险者: vixenmalice,  人物已存在
ImportExcel source: (Elin_Mod.ModText) Path:G:\Program Files (x86)\steam\steamapps\workshop\content\2135150\3412881546/resource/tables/mod_texts.xlsm
Importing Sheet:texts
texts/117/8
Imported texts
Direct3D: detected that using refresh rate causes time drift. Will stop trusting refresh rate until the game window is moved.
Direct3D: detected that vsync is broken (it does not limit frame rate properly). Delta time will now be calculated using cpu-side time stampling until the game window is moved.
Unloading 1 Unused Serialized files (Serialized files now loaded: 2)
Unloading 16 unused Assets to reduce memory usage. Loaded Objects now: 24199.
Total: 124.804000 ms (FindLiveObjects: 1.648700 ms CreateObjectMapping: 0.409000 ms MarkObjects: 122.633700 ms  DeleteObjects: 0.111700 ms)

[EMME][INFO] [ResourceFetch] set active resource Emmersive/SystemPrompt.txt
[EMME][INFO] [ResourceFetch] set active resource Emmersive/Zones/Zone_void@-90.txt
[EMME][INFO] [ResourceFetch] set active resource Emmersive/Characters/player.txt
[EMME][INFO] [ResourceFetch] set active resource Emmersive/Characters/player.txt
[EMME][INFO] [ResourceFetch] set active resource Emmersive/Characters/shojo.txt
[EMME][INFO] [ResourceFetch] set active resource Emmersive/Characters/guild_warrior.txt
[EMME][INFO] [ResourceFetch] set active resource Emmersive/Characters/cat_black.txt
[EMME][INFO] [ResourceFetch] set active resource Emmersive/Characters/gun_self.txt
[EMME][INFO] [ResourceFetch] set active resource Emmersive/Characters/sister.txt
[EMME][INFO] [ResourceFetch] set active resource Emmersive/Characters/sister_undead.txt
[EMME][DEBUG] [LoadFromFile] [RelationPrompt] adv_wini+ashland - 306 - LangMod/CN/Emmersive/Relations/ashland+adv_wini.txt
[EMME][DEBUG] [LoadFromFile] [RelationPrompt] ashland+eluminaire - 216 - LangMod/CN/Emmersive/Relations/ashland+eluminaire.txt
[EMME][DEBUG] [LoadFromFile] [RelationPrompt] ashland+ephrond - 169 - LangMod/CN/Emmersive/Relations/ashland+ephrond.txt
[EMME][DEBUG] [LoadFromFile] [RelationPrompt] ashland+fiama - 387 - LangMod/CN/Emmersive/Relations/ashland+fiama.txt
[EMME][DEBUG] [LoadFromFile] [RelationPrompt] ashland+ineien - 157 - LangMod/CN/Emmersive/Relations/ashland+ineien.txt
[EMME][DEBUG] [LoadFromFile] [RelationPrompt] ashland+loytel - 201 - LangMod/CN/Emmersive/Relations/ashland+loytel.txt
[EMME][DEBUG] [LoadFromFile] [RelationPrompt] eluminaire+fiama - 369 - LangMod/CN/Emmersive/Relations/fiama+eluminaire.txt
[EMME][DEBUG] [LoadFromFile] [RelationPrompt] ephrond+fiama - 371 - LangMod/CN/Emmersive/Relations/fiama+ephrond.txt
[EMME][DEBUG] [LoadFromFile] [RelationPrompt] fiama+ineien - 322 - LangMod/CN/Emmersive/Relations/fiama+ineien.txt
[EMME][DEBUG] [LoadFromFile] [RelationPrompt] fiama+loytel - 197 - LangMod/CN/Emmersive/Relations/fiama+loytel.txt
[EMME][DEBUG] [LoadFromFile] [RelationPrompt] fiama+quru - 354 - LangMod/CN/Emmersive/Relations/fiama+quru.txt
[EMME][DEBUG] [LoadFromFile] [RelationPrompt] cat_black+guild_warrior+gun_self+player+shojo+sister+sister_undead - 139 - Emmersive/Custom/Emmersive/Relations/cat_black+guild_warrior+gun_self+player+shojo+sister+sister_undead.txt
[EMME][DEBUG] [LoadFromFile] [RelationPrompt] cat_black+player - 761 - Emmersive/Custom/Emmersive/Relations/cat_black+player.txt
[EMME][DEBUG] [LoadFromFile] [RelationPrompt] cat_black+shojo+sister - 2111 - Emmersive/Custom/Emmersive/Relations/cat_black+shojo+sister.txt
[EMME][DEBUG] [LoadFromFile] [RelationPrompt] fiama+quru - 354 - Emmersive/Custom/Emmersive/Relations/fiama+quru.txt
[EMME][DEBUG] [LoadFromFile] [RelationPrompt] guild_warrior+gun_self - 3072 - Emmersive/Custom/Emmersive/Relations/guild_warrior+gun_self.txt
[EMME][DEBUG] [LoadFromFile] [RelationPrompt] guild_warrior+player - 1913 - Emmersive/Custom/Emmersive/Relations/guild_warrior+player.txt
[EMME][DEBUG] [LoadFromFile] [RelationPrompt] gun_self+player - 1100 - Emmersive/Custom/Emmersive/Relations/gun_self+player.txt
[EMME][DEBUG] [LoadFromFile] [RelationPrompt] player+shojo - 636 - Emmersive/Custom/Emmersive/Relations/player+shojo.txt
[EMME][DEBUG] [LoadFromFile] [RelationPrompt] player+sister - 2131 - Emmersive/Custom/Emmersive/Relations/player+sister.txt
[EMME][DEBUG] [LoadFromFile] [RelationPrompt] player+sister_undead - 1267 - Emmersive/Custom/Emmersive/Relations/player+sister_undead.txt
[EMME][INFO] [ResourceFetch] set active resource Emmersive/Relations/cat_black+guild_warrior+gun_self+player+shojo+sister+sister_undead.txt
[EMME][INFO] [ResourceFetch] set active resource Emmersive/Relations/cat_black+player.txt
[EMME][INFO] [ResourceFetch] set active resource Emmersive/Relations/cat_black+shojo+sister.txt
[EMME][INFO] [ResourceFetch] set active resource Emmersive/Relations/guild_warrior+gun_self.txt
[EMME][INFO] [ResourceFetch] set active resource Emmersive/Relations/guild_warrior+player.txt
[EMME][INFO] [ResourceFetch] set active resource Emmersive/Relations/gun_self+player.txt
[EMME][INFO] [ResourceFetch] set active resource Emmersive/Relations/player+shojo.txt
[EMME][INFO] [ResourceFetch] set active resource Emmersive/Relations/player+sister.txt
[EMME][INFO] [ResourceFetch] set active resource Emmersive/Relations/player+sister_undead.txt
Unloading 1 Unused Serialized files (Serialized files now loaded: 2)
Unloading 723 unused Assets to reduce memory usage. Loaded Objects now: 28976.
Total: 123.550600 ms (FindLiveObjects: 1.741500 ms CreateObjectMapping: 0.593600 ms MarkObjects: 120.809200 ms  DeleteObjects: 0.405900 ms)

Unloading 0 Unused Serialized files (Serialized files now loaded: 2)
Unloading 0 unused Assets to reduce memory usage. Loaded Objects now: 28976.
Total: 125.826800 ms (FindLiveObjects: 2.269200 ms CreateObjectMapping: 0.540500 ms MarkObjects: 122.993000 ms  DeleteObjects: 0.023500 ms)

[EMME][INFO] [EmScheduler] 切换调度模式 Buffer -> Stop
[CustomAI] Cleared all UI references and removed dropdown event listeners to prevent race conditions
[CustomAI] GetCastOnOptions: spell='《爱丽丝》的治愈', entity=8
[CustomAI] Found '《爱丽丝》的治愈' in 战士 萊雅's abilities
[CustomAI] IsHostileSpell('《爱丽丝》的治愈'): abilityType='heal', isHostile=False
[CustomAI] Evaluating party-cast options for '《爱丽丝》的治愈' (vanillaMode=False)
[CustomAI] IsHostileSpell('《爱丽丝》的治愈'): abilityType='heal', isHostile=False
[CustomAI] CanTargetMultipleEnemies('《爱丽丝》的治愈'): target='Select', RequireChara=True, CanTargetGround=False, IsHostile=False, Result=False
[CustomAI] Rebuilt layout for 1 instructions - scroll area updated
[CustomAI] Creating fallback toggle with state: False (instructions count: 1)
[CustomAI] Cleared all UI references and removed dropdown event listeners to prevent race conditions
[CustomAI] Rebuilt layout for 0 instructions - scroll area updated
[CustomAI] All custom AI instructions deleted, character reverted to vanilla AI
[CustomAI] Cleared all UI references and removed dropdown event listeners to prevent race conditions
[CustomAI] GetCastOnOptions: spell='Move (Towards)', entity=2
[CustomAI] Evaluating party-cast options for 'Move (Towards)' (vanillaMode=False)
[CustomAI] Rebuilt layout for 1 instructions - scroll area updated
[CustomAI] Cleared all UI references and removed dropdown event listeners to prevent race conditions
[CustomAI] GetCastOnOptions: spell='Move (Towards)', entity=2
[CustomAI] Evaluating party-cast options for 'Move (Towards)' (vanillaMode=False)
[CustomAI] GetCastOnOptions: spell='Move (Towards)', entity=2
[CustomAI] Evaluating party-cast options for 'Move (Towards)' (vanillaMode=False)
[CustomAI] Rebuilt layout for 2 instructions - scroll area updated
[CustomAI] Cleared all UI references and removed dropdown event listeners to prevent race conditions
[CustomAI] GetCastOnOptions: spell='Move (Towards)', entity=2
[CustomAI] Evaluating party-cast options for 'Move (Towards)' (vanillaMode=False)
[CustomAI] Rebuilt layout for 1 instructions - scroll area updated
[CustomAI] GetCastOnOptions: spell='Move (Towards)', entity=8
[CustomAI] Evaluating party-cast options for 'Move (Towards)' (vanillaMode=False)
[CustomAI] Refreshing Cast On dropdown for instruction 0: 5 options, index 1
[CustomAI] GetCastOnOptions: spell='Move (Towards)', entity=8
[CustomAI] Evaluating party-cast options for 'Move (Towards)' (vanillaMode=False)
[CustomAI] Cast target changed to 'Player' (actionEntity: 2)
[CustomAI] Check target changed to 'Any Party' (entity: 8)
[CustomAI DEBUG] Condition changed from 4 to 1
[CustomAI] GetCastOnOptions: spell='《爱丽丝》的治愈', entity=8
[CustomAI] IsHostileSpell('《爱丽丝》的治愈'): abilityType='heal', isHostile=False
[CustomAI] Evaluating party-cast options for '《爱丽丝》的治愈' (vanillaMode=False)
[CustomAI] IsHostileSpell('《爱丽丝》的治愈'): abilityType='heal', isHostile=False
[CustomAI] CanTargetMultipleEnemies('《爱丽丝》的治愈'): target='Select', RequireChara=True, CanTargetGround=False, IsHostile=False, Result=False
[CustomAI] Refreshing Cast On dropdown for instruction 0: 7 options, index 2
[CustomAI] GetCastOnOptions: spell='《爱丽丝》的治愈', entity=8
[CustomAI] IsHostileSpell('《爱丽丝》的治愈'): abilityType='heal', isHostile=False
[CustomAI] Evaluating party-cast options for '《爱丽丝》的治愈' (vanillaMode=False)
[CustomAI] IsHostileSpell('《爱丽丝》的治愈'): abilityType='heal', isHostile=False
[CustomAI] CanTargetMultipleEnemies('《爱丽丝》的治愈'): target='Select', RequireChara=True, CanTargetGround=False, IsHostile=False, Result=False
[CustomAI] Cast target changed to 'Player' (actionEntity: 2)
[CustomAI] Cast On changed to: Player
[CustomAI] GetCastOnOptions: spell='《爱丽丝》的治愈', entity=8
[CustomAI] IsHostileSpell('《爱丽丝》的治愈'): abilityType='heal', isHostile=False
[CustomAI] Evaluating party-cast options for '《爱丽丝》的治愈' (vanillaMode=False)
[CustomAI] IsHostileSpell('《爱丽丝》的治愈'): abilityType='heal', isHostile=False
[CustomAI] CanTargetMultipleEnemies('《爱丽丝》的治愈'): target='Select', RequireChara=True, CanTargetGround=False, IsHostile=False, Result=False
[CustomAI] Cast target changed to 'Whole Party' (actionEntity: 6)
[CustomAI] Cast On changed to: Whole Party
castID:Debuff,Alias:eleMind,actName:疯狂凝视,n1:ConInsane
925
Sound: atk_eleImpact not found
missingElement?,Debuff
castID:Debuff,Alias:,actName:null?,n1:ConSilence
925
Sound: atk_eleImpact not found
castID:Hand,Alias:eleVoid,actName:虚无之手,n1:null?
925
Sound: atk_eleImpact not found
925
Sound: atk_eleImpact not found
castID:Arrow,Alias:eleMagic,actName:魔力之箭,n1:null?
castID:Heal,Alias:_void,actName:重伤治疗,n1:null?
8401
castID:Heal,Alias:_void,actName:重伤治疗,n1:null?
8401
[CustomAI] Processing instruction: entity=3, condition=5, action=节魔, PreserveEntityAsTarget=True
[CustomAI] Instruction failed IsValid check - skipping
[CustomAI] Processing instruction: entity=9, condition=5, action=灾祸, PreserveEntityAsTarget=True
[CustomAI] Instruction failed IsValid check - skipping
[CustomAI] Processing instruction: entity=9, condition=5, action=疯狂凝视, PreserveEntityAsTarget=True
[CustomAI] Instruction failed IsValid check - skipping
[CustomAI] Processing instruction: entity=1, condition=4, action=死亡之箭, PreserveEntityAsTarget=True
[CustomAI] Instruction passed IsValid check - executing action
[CustomAI] Initial target: 亡灵 (current enemy)
[CustomAI] Executing spell '死亡之箭' on target '亡灵' with usePartyTargeting=False
castID:Arrow,Alias:eleNether,actName:死亡之箭,n1:null?
castID:Buff,Alias:_void,actName:圣光加护,n1:ConHolyVeil
castID:Buff,Alias:_void,actName:圣光加护,n1:ConHolyVeil
castID:Buff,Alias:_void,actName:圣光加护,n1:ConHolyVeil
castID:Buff,Alias:_void,actName:圣光加护,n1:ConHolyVeil
castID:Buff,Alias:_void,actName:圣光加护,n1:ConHolyVeil
castID:Buff,Alias:_void,actName:圣光加护,n1:ConHolyVeil
castID:Buff,Alias:_void,actName:圣光加护,n1:ConHolyVeil
castID:Buff,Alias:_void,actName:圣光加护,n1:ConHolyVeil
castID:Buff,Alias:_void,actName:圣光加护,n1:ConHolyVeil
castID:Buff,Alias:_void,actName:圣光加护,n1:ConHolyVeil
castID:Buff,Alias:_void,actName:圣光加护,n1:ConHolyVeil
castID:Buff,Alias:_void,actName:圣光加护,n1:ConHolyVeil
castID:Buff,Alias:_void,actName:圣光加护,n1:ConHolyVeil
castID:Buff,Alias:_void,actName:圣光加护,n1:ConHolyVeil
castID:Buff,Alias:_void,actName:圣光加护,n1:ConHolyVeil
[CustomAI] Processing instruction: entity=3, condition=5, action=节魔, PreserveEntityAsTarget=True
[CustomAI] Instruction failed IsValid check - skipping
[CustomAI] Processing instruction: entity=9, condition=5, action=灾祸, PreserveEntityAsTarget=True
[CustomAI] Instruction failed IsValid check - skipping
[CustomAI] Processing instruction: entity=9, condition=5, action=疯狂凝视, PreserveEntityAsTarget=True
[CustomAI] Instruction failed IsValid check - skipping
[CustomAI] Processing instruction: entity=1, condition=4, action=死亡之箭, PreserveEntityAsTarget=True
[CustomAI] Instruction passed IsValid check - executing action
[CustomAI] Initial target: 亡灵 (current enemy)
[CustomAI] Executing spell '死亡之箭' on target '亡灵' with usePartyTargeting=False
castID:Arrow,Alias:eleNether,actName:死亡之箭,n1:null?
castID:Bolt,Alias:eleCold,actName:寒冰光线,n1:null?
castID:Heal,Alias:_void,actName:重伤治疗,n1:null?
8401
castID:TeleportShort,Alias:_void,actName:短距离传送,n1:null?
castID:Heal,Alias:_void,actName:重伤治疗,n1:null?
8401
[CustomAI] Processing instruction: entity=3, condition=5, action=节魔, PreserveEntityAsTarget=True
[CustomAI] Instruction failed IsValid check - skipping
[CustomAI] Processing instruction: entity=9, condition=5, action=灾祸, PreserveEntityAsTarget=True
[CustomAI] Instruction failed IsValid check - skipping
[CustomAI] Processing instruction: entity=9, condition=5, action=疯狂凝视, PreserveEntityAsTarget=True
[CustomAI] Instruction failed IsValid check - skipping
[CustomAI] Processing instruction: entity=1, condition=4, action=死亡之箭, PreserveEntityAsTarget=True
[CustomAI] Instruction passed IsValid check - executing action
[CustomAI] Initial target: 亡灵 (current enemy)
[CustomAI] Executing spell '死亡之箭' on target '亡灵' with usePartyTargeting=False
castID:Arrow,Alias:eleNether,actName:死亡之箭,n1:null?
925
Sound: atk_eleImpact not found
925
Sound: atk_eleImpact not found
925
Sound: atk_eleImpact not found
castID:Bolt,Alias:eleCold,actName:寒冰光线,n1:null?
castID:Arrow,Alias:eleMagic,actName:魔力之箭,n1:null?
missingElement?,Debuff
castID:Debuff,Alias:,actName:null?,n1:ConWeakResEle
[CustomAI] Processing instruction: entity=3, condition=5, action=节魔, PreserveEntityAsTarget=True
[CustomAI] Instruction failed IsValid check - skipping
[CustomAI] Processing instruction: entity=9, condition=5, action=灾祸, PreserveEntityAsTarget=True
[CustomAI] Instruction failed IsValid check - skipping
[CustomAI] Processing instruction: entity=9, condition=5, action=疯狂凝视, PreserveEntityAsTarget=True
[CustomAI] Instruction failed IsValid check - skipping
[CustomAI] Processing instruction: entity=1, condition=4, action=死亡之箭, PreserveEntityAsTarget=True
[CustomAI] Instruction passed IsValid check - executing action
[CustomAI] Initial target: 亡灵 (current enemy)
[CustomAI] Executing spell '死亡之箭' on target '亡灵' with usePartyTargeting=False
castID:Arrow,Alias:eleNether,actName:死亡之箭,n1:null?
925
Sound: atk_eleImpact not found
missingElement?,Debuff
castID:Debuff,Alias:,actName:null?,n1:ConSilence
925
Sound: atk_eleImpact not found
missingElement?,Debuff
castID:Debuff,Alias:,actName:null?,n1:ConSilence
925
Sound: atk_eleImpact not found
Bash:493/754
[CustomAI] Processing instruction: entity=3, condition=5, action=节魔, PreserveEntityAsTarget=True
[CustomAI] Instruction failed IsValid check - skipping
[CustomAI] Processing instruction: entity=9, condition=5, action=灾祸, PreserveEntityAsTarget=True
[CustomAI] Instruction failed IsValid check - skipping
[CustomAI] Processing instruction: entity=9, condition=5, action=疯狂凝视, PreserveEntityAsTarget=True
[CustomAI] Instruction failed IsValid check - skipping
[CustomAI] Processing instruction: entity=1, condition=4, action=死亡之箭, PreserveEntityAsTarget=True
[CustomAI] Instruction passed IsValid check - executing action
[CustomAI] Initial target: 亡灵 (current enemy)
[CustomAI] Executing spell '死亡之箭' on target '亡灵' with usePartyTargeting=False
castID:Arrow,Alias:eleNether,actName:死亡之箭,n1:null?
925
Sound: atk_eleImpact not found
925
Sound: atk_eleImpact not found
missingElement?,Debuff
castID:Debuff,Alias:,actName:null?,n1:ConSilence
[CustomAI] Cleared all UI references and removed dropdown event listeners to prevent race conditions
[CustomAI] GetCastOnOptions: spell='《爱丽丝》的治愈', entity=8
[CustomAI] IsHostileSpell('《爱丽丝》的治愈'): abilityType='heal', isHostile=False
[CustomAI] Evaluating party-cast options for '《爱丽丝》的治愈' (vanillaMode=False)
[CustomAI] IsHostileSpell('《爱丽丝》的治愈'): abilityType='heal', isHostile=False
[CustomAI] CanTargetMultipleEnemies('《爱丽丝》的治愈'): target='Select', RequireChara=True, CanTargetGround=False, IsHostile=False, Result=False
[CustomAI] Rebuilt layout for 1 instructions - scroll area updated
[CustomAI] Creating fallback toggle with state: False (instructions count: 1)
missingElement?,Debuff
castID:Debuff,Alias:,actName:null?,n1:ConWeakResEle
Bash:450/439
[NPCSpellFix] 战士 萊雅 attempting to cast '脆弱' - Charges: 26, Needed: 1
[NPCSpellFix] 战士 萊雅 consumed 1 charge for '脆弱' - Remaining: 25
castID:Debuff,Alias:_void,actName:脆弱,n1:ConWeakness
[CustomAI] Processing instruction: entity=3, condition=5, action=节魔, PreserveEntityAsTarget=True
[CustomAI] Instruction failed IsValid check - skipping
[CustomAI] Processing instruction: entity=9, condition=5, action=灾祸, PreserveEntityAsTarget=True
[CustomAI] Instruction failed IsValid check - skipping
[CustomAI] Processing instruction: entity=9, condition=5, action=疯狂凝视, PreserveEntityAsTarget=True
[CustomAI] Instruction failed IsValid check - skipping
[CustomAI] Processing instruction: entity=1, condition=4, action=死亡之箭, PreserveEntityAsTarget=True
[CustomAI] Instruction passed IsValid check - executing action
[CustomAI] Initial target: 亡灵 (current enemy)
[CustomAI] Executing spell '死亡之箭' on target '亡灵' with usePartyTargeting=False
castID:Arrow,Alias:eleNether,actName:死亡之箭,n1:null?
castID:Summon,Alias:_void,actName:召唤鱼,n1:fish
castID:Bolt,Alias:eleCold,actName:寒冰光线,n1:null?
castID:Arrow,Alias:eleMagic,actName:魔力之箭,n1:null?
[NPC Spell Manager] Tome pricing: 109 -> 1635 (multiplier: 15x)
[NPC Spell Manager] Tome pricing: 96 -> 1440 (multiplier: 15x)
[NPC Spell Manager] Tome pricing: 87 -> 1305 (multiplier: 15x)
[NPCSpellFix] 战士 萊雅 attempting to cast '致命伤治疗' - Charges: 35, Needed: 1
[NPCSpellFix] 战士 萊雅 consumed 1 charge for '致命伤治疗' - Remaining: 34
castID:Heal,Alias:_void,actName:致命伤治疗,n1:null?
8402
castID:Heal,Alias:_void,actName:重伤治疗,n1:null?
8401
[NPC Spell Manager] Tome pricing: 109 -> 1635 (multiplier: 15x)
[NPC Spell Manager] Tome pricing: 96 -> 1440 (multiplier: 15x)
[NPC Spell Manager] Tome pricing: 87 -> 1305 (multiplier: 15x)
[NPCSpellFix] OnRead Patch called for 佣兵魔法师 (IsPC: False)
[NPCSpellFix] Spellbook 卢恩文字的魔法书 not given by player (no isGifted flag, not held)
[NPCSpellFix] 佣兵魔法师 cannot learn from 卢恩文字的魔法书 - not given by player
castID:Bolt,Alias:eleCold,actName:寒冰光线,n1:null?
castID:TeleportShort,Alias:_void,actName:短距离传送,n1:null?
[CustomAI] Processing instruction: entity=3, condition=5, action=节魔, PreserveEntityAsTarget=True
[CustomAI] Instruction failed IsValid check - skipping
[CustomAI] Processing instruction: entity=3, condition=5, action=火焰之歌, PreserveEntityAsTarget=True
[CustomAI] Instruction failed IsValid check - skipping
[CustomAI] Processing instruction: entity=3, condition=1, action=重伤治疗, PreserveEntityAsTarget=True
[CustomAI] Instruction failed IsValid check - skipping
[CustomAI] Processing instruction: entity=3, condition=5, action=加速, PreserveEntityAsTarget=True
[CustomAI] Instruction passed IsValid check - executing action
[CustomAI] Initial target: 亡灵 (current enemy)
[CustomAI] Action targeting closest ally: 少女 艾拉比亚
[CustomAI] Executing spell '加速' on target '少女 艾拉比亚' with usePartyTargeting=False
missingElement?,BuffStats
castID:BuffStats,Alias:SPD,actName:加速,n1:SPD
636/BuffStats/SPD
[CustomAI] Processing instruction: entity=1, condition=4, action=Move (Towards), PreserveEntityAsTarget=True
[CustomAI] Instruction passed IsValid check - executing action
[CustomAI] Initial target: 亡灵 (current enemy)
[CustomAI] Processing instruction: entity=3, condition=5, action=节魔, PreserveEntityAsTarget=True
[CustomAI] Instruction failed IsValid check - skipping
[CustomAI] Processing instruction: entity=3, condition=6, action=召唤棋子, PreserveEntityAsTarget=True
[CustomAI] Instruction failed IsValid check - skipping
[CustomAI] Processing instruction: entity=2, condition=4, action=Move (Towards), PreserveEntityAsTarget=True
[CustomAI] Instruction failed IsValid check - skipping
[CustomAI] Processing instruction: entity=2, condition=1, action=体力恢复, PreserveEntityAsTarget=True
[CustomAI] Instruction passed IsValid check - executing action
[CustomAI] Initial target: 亡灵 (current enemy)
[CustomAI] Executing spell '体力恢复' on target '最棒的紫色「霊の魂」' with usePartyTargeting=False
castID:Heal,Alias:_void,actName:体力恢复,n1:null?
8403
[CustomAI] Processing instruction: entity=8, condition=1, action=《爱丽丝》的治愈, PreserveEntityAsTarget=False
[CustomAI] Any Party condition met by closest member: 最棒的紫色「霊の魂」 (distance: 1.0)
[CustomAI] Instruction passed IsValid check - executing action
[CustomAI] Initial target: 亡灵 (current enemy)
[CustomAI] Group casting mode: Whole Party (actionEntity=6)
[CustomAI] Executing spell '《爱丽丝》的治愈' on target '战士 萊雅' with usePartyTargeting=True
[NPCSpellFix] 战士 萊雅 attempting to cast '《爱丽丝》的治愈' - Charges: 99753, Needed: 1
[NPCSpellFix] 战士 萊雅 consumed 1 charge for '《爱丽丝》的治愈' - Remaining: 99752
castID:Heal,Alias:_void,actName:《爱丽丝》的治愈,n1:null?
8404
castID:Heal,Alias:_void,actName:《爱丽丝》的治愈,n1:null?
8404
castID:Heal,Alias:_void,actName:《爱丽丝》的治愈,n1:null?
8404
castID:Heal,Alias:_void,actName:《爱丽丝》的治愈,n1:null?
8404
castID:Heal,Alias:_void,actName:《爱丽丝》的治愈,n1:null?
8404
castID:Heal,Alias:_void,actName:《爱丽丝》的治愈,n1:null?
8404
castID:Heal,Alias:_void,actName:《爱丽丝》的治愈,n1:null?
8404
[CustomAI] Processing instruction: entity=2, condition=4, action=Move (Towards), PreserveEntityAsTarget=True
[CustomAI] Instruction failed IsValid check - skipping
[CustomAI] Processing instruction: entity=1, condition=4, action=Attack (Melee), PreserveEntityAsTarget=True
[CustomAI] Instruction passed IsValid check - executing action
[CustomAI] Initial target: 亡灵 (current enemy)
castID:Bolt,Alias:eleCold,actName:寒冰光线,n1:null?
castID:Heal,Alias:_void,actName:重伤治疗,n1:null?
8401
[CustomAI] Processing instruction: entity=3, condition=5, action=节魔, PreserveEntityAsTarget=True
[CustomAI] Instruction failed IsValid check - skipping
[CustomAI] Processing instruction: entity=3, condition=5, action=火焰之歌, PreserveEntityAsTarget=True
[CustomAI] Instruction failed IsValid check - skipping
[CustomAI] Processing instruction: entity=3, condition=1, action=重伤治疗, PreserveEntityAsTarget=True
[CustomAI] Instruction failed IsValid check - skipping
[CustomAI] Processing instruction: entity=3, condition=5, action=加速, PreserveEntityAsTarget=True
[CustomAI] Instruction failed IsValid check - skipping
[CustomAI] Processing instruction: entity=1, condition=4, action=Move (Towards), PreserveEntityAsTarget=True
[CustomAI] Instruction failed IsValid check - skipping
[CustomAI] Processing instruction: entity=1, condition=4, action=Attack (Ranged), PreserveEntityAsTarget=True
[CustomAI] Instruction passed IsValid check - executing action
[CustomAI] Initial target: 亡灵 (current enemy)
[CustomAI] Processing instruction: entity=3, condition=5, action=节魔, PreserveEntityAsTarget=True
[CustomAI] Instruction failed IsValid check - skipping
[CustomAI] Processing instruction: entity=9, condition=5, action=灾祸, PreserveEntityAsTarget=True
[CustomAI] Instruction failed IsValid check - skipping
[CustomAI] Processing instruction: entity=9, condition=5, action=疯狂凝视, PreserveEntityAsTarget=True
[CustomAI] Instruction failed IsValid check - skipping
[CustomAI] Processing instruction: entity=1, condition=4, action=死亡之箭, PreserveEntityAsTarget=True
[CustomAI] Instruction passed IsValid check - executing action
[CustomAI] Initial target: 亡灵 (current enemy)
[CustomAI] Executing spell '死亡之箭' on target '亡灵' with usePartyTargeting=False
[CustomAI] Processing instruction: entity=1, condition=4, action=Move (Towards), PreserveEntityAsTarget=True
[CustomAI] Instruction passed IsValid check - executing action
[CustomAI] Initial target: 亡灵 (current enemy)
Unloading 1 Unused Serialized files (Serialized files now loaded: 2)
Unloading 714 unused Assets to reduce memory usage. Loaded Objects now: 29058.
Total: 128.263900 ms (FindLiveObjects: 1.946600 ms CreateObjectMapping: 0.529300 ms MarkObjects: 125.266500 ms  DeleteObjects: 0.520900 ms)

Unloading 0 Unused Serialized files (Serialized files now loaded: 2)
Unloading 0 unused Assets to reduce memory usage. Loaded Objects now: 28964.
Total: 127.521400 ms (FindLiveObjects: 2.439900 ms CreateObjectMapping: 0.705100 ms MarkObjects: 124.352500 ms  DeleteObjects: 0.023400 ms)

Unloading 1 Unused Serialized files (Serialized files now loaded: 2)
Unloading 383 unused Assets to reduce memory usage. Loaded Objects now: 29082.
Total: 124.588800 ms (FindLiveObjects: 1.887700 ms CreateObjectMapping: 0.689100 ms MarkObjects: 121.786200 ms  DeleteObjects: 0.225200 ms)

Unloading 0 Unused Serialized files (Serialized files now loaded: 2)
Unloading 0 unused Assets to reduce memory usage. Loaded Objects now: 29082.
Total: 123.690900 ms (FindLiveObjects: 1.705500 ms CreateObjectMapping: 0.484900 ms MarkObjects: 121.479600 ms  DeleteObjects: 0.020200 ms)

[CustomAI] Cleared all UI references and removed dropdown event listeners to prevent race conditions
[CustomAI] GetCastOnOptions: spell='《爱丽丝》的治愈', entity=8
[CustomAI] IsHostileSpell('《爱丽丝》的治愈'): abilityType='heal', isHostile=False
[CustomAI] Evaluating party-cast options for '《爱丽丝》的治愈' (vanillaMode=False)
[CustomAI] IsHostileSpell('《爱丽丝》的治愈'): abilityType='heal', isHostile=False
[CustomAI] CanTargetMultipleEnemies('《爱丽丝》的治愈'): target='Select', RequireChara=True, CanTargetGround=False, IsHostile=False, Result=False
[CustomAI] Rebuilt layout for 1 instructions - scroll area updated
[CustomAI] Creating fallback toggle with state: False (instructions count: 1)
Unloading 1 Unused Serialized files (Serialized files now loaded: 2)
Unloading 788 unused Assets to reduce memory usage. Loaded Objects now: 29728.
Total: 124.896700 ms (FindLiveObjects: 1.769800 ms CreateObjectMapping: 0.962000 ms MarkObjects: 121.767700 ms  DeleteObjects: 0.396700 ms)

Unloading 0 Unused Serialized files (Serialized files now loaded: 2)
Unloading 0 unused Assets to reduce memory usage. Loaded Objects now: 29728.
Total: 127.332300 ms (FindLiveObjects: 2.493600 ms CreateObjectMapping: 0.774100 ms MarkObjects: 124.039600 ms  DeleteObjects: 0.024500 ms)

[CustomAI] Processing instruction: entity=3, condition=5, action=节魔, PreserveEntityAsTarget=True
[CustomAI] Instruction failed IsValid check - skipping
[CustomAI] Processing instruction: entity=3, condition=5, action=火焰之歌, PreserveEntityAsTarget=True
[CustomAI] Instruction failed IsValid check - skipping
[CustomAI] Processing instruction: entity=3, condition=1, action=重伤治疗, PreserveEntityAsTarget=True
[CustomAI] Instruction failed IsValid check - skipping
[CustomAI] Processing instruction: entity=3, condition=5, action=加速, PreserveEntityAsTarget=True
[CustomAI] Instruction failed IsValid check - skipping
[CustomAI] Processing instruction: entity=1, condition=4, action=Move (Towards), PreserveEntityAsTarget=True
[CustomAI] Instruction failed IsValid check - skipping
[CustomAI] Processing instruction: entity=1, condition=4, action=Attack (Ranged), PreserveEntityAsTarget=True
[CustomAI] Instruction passed IsValid check - executing action
[CustomAI] Initial target: 亡灵 (current enemy)
[CustomAI] Processing instruction: entity=8, condition=1, action=《爱丽丝》的治愈, PreserveEntityAsTarget=False
[CustomAI] Any Party condition met by closest member: 最棒的紫色「霊の魂」 (distance: 1.0)
[CustomAI] Instruction passed IsValid check - executing action
[CustomAI] Initial target: 亡灵 (current enemy)
[CustomAI] Group casting mode: Whole Party (actionEntity=6)
[CustomAI] Executing spell '《爱丽丝》的治愈' on target '战士 萊雅' with usePartyTargeting=True
[NPCSpellFix] 战士 萊雅 attempting to cast '《爱丽丝》的治愈' - Charges: 99752, Needed: 1
[NPCSpellFix] 战士 萊雅 consumed 1 charge for '《爱丽丝》的治愈' - Remaining: 99751
[CustomAI] Processing instruction: entity=3, condition=5, action=节魔, PreserveEntityAsTarget=True
[CustomAI] Instruction failed IsValid check - skipping
[CustomAI] Processing instruction: entity=3, condition=6, action=召唤棋子, PreserveEntityAsTarget=True
[CustomAI] Instruction failed IsValid check - skipping
[CustomAI] Processing instruction: entity=2, condition=4, action=Move (Towards), PreserveEntityAsTarget=True
[CustomAI] Instruction failed IsValid check - skipping
[CustomAI] Processing instruction: entity=2, condition=1, action=体力恢复, PreserveEntityAsTarget=True
[CustomAI] Instruction passed IsValid check - executing action
[CustomAI] Initial target: 亡灵 (current enemy)
[CustomAI] Executing spell '体力恢复' on target '最棒的紫色「霊の魂」' with usePartyTargeting=False
[CustomAI] Processing instruction: entity=2, condition=4, action=Move (Towards), PreserveEntityAsTarget=True
[CustomAI] Instruction failed IsValid check - skipping
[CustomAI] Processing instruction: entity=1, condition=4, action=Attack (Melee), PreserveEntityAsTarget=True
[CustomAI] Instruction passed IsValid check - executing action
[CustomAI] Initial target: 亡灵 (current enemy)
[CustomAI] Processing instruction: entity=3, condition=5, action=节魔, PreserveEntityAsTarget=True
[CustomAI] Instruction failed IsValid check - skipping
[CustomAI] Processing instruction: entity=9, condition=5, action=灾祸, PreserveEntityAsTarget=True
[CustomAI] Instruction failed IsValid check - skipping
[CustomAI] Processing instruction: entity=9, condition=5, action=疯狂凝视, PreserveEntityAsTarget=True
[CustomAI] Instruction failed IsValid check - skipping
[CustomAI] Processing instruction: entity=1, condition=4, action=死亡之箭, PreserveEntityAsTarget=True
[CustomAI] Instruction passed IsValid check - executing action
[CustomAI] Initial target: 亡灵 (current enemy)
[CustomAI] Executing spell '死亡之箭' on target '亡灵' with usePartyTargeting=False
[CustomAI] Processing instruction: entity=3, condition=5, action=节魔, PreserveEntityAsTarget=True
[CustomAI] Instruction failed IsValid check - skipping
[CustomAI] Processing instruction: entity=3, condition=5, action=火焰之歌, PreserveEntityAsTarget=True
[CustomAI] Instruction passed IsValid check - executing action
[CustomAI] Initial target: 亡灵 (current enemy)
[CustomAI] Executing spell '火焰之歌' on target '大小姐「吉内斯」' with usePartyTargeting=False
castID:Buff,Alias:eleFire,actName:火焰之歌,n1:ConWeapon
[NPC Spell Manager] Tome pricing: 109 -> 1635 (multiplier: 15x)
[NPC Spell Manager] Tome pricing: 96 -> 1440 (multiplier: 15x)
[NPC Spell Manager] Tome pricing: 87 -> 1305 (multiplier: 15x)
Unloading 1 Unused Serialized files (Serialized files now loaded: 2)
Unloading 148 unused Assets to reduce memory usage. Loaded Objects now: 29075.
Total: 136.289600 ms (FindLiveObjects: 2.100700 ms CreateObjectMapping: 0.619100 ms MarkObjects: 133.404300 ms  DeleteObjects: 0.164900 ms)

Direct3D: detected that using refresh rate causes time drift. Will stop trusting refresh rate until the game window is moved.
Direct3D: detected that vsync is broken (it does not limit frame rate properly). Delta time will now be calculated using cpu-side time stampling until the game window is moved.
Unloading 0 Unused Serialized files (Serialized files now loaded: 2)
Unloading 0 unused Assets to reduce memory usage. Loaded Objects now: 29075.
Total: 126.656100 ms (FindLiveObjects: 1.927800 ms CreateObjectMapping: 0.677800 ms MarkObjects: 124.028300 ms  DeleteObjects: 0.021600 ms)

Unloading 1 Unused Serialized files (Serialized files now loaded: 2)
Unloading 105 unused Assets to reduce memory usage. Loaded Objects now: 29071.
Total: 126.858400 ms (FindLiveObjects: 1.620000 ms CreateObjectMapping: 0.494400 ms MarkObjects: 124.660200 ms  DeleteObjects: 0.083500 ms)

Unloading 0 Unused Serialized files (Serialized files now loaded: 2)
Unloading 0 unused Assets to reduce memory usage. Loaded Objects now: 29071.
Total: 123.839700 ms (FindLiveObjects: 1.707000 ms CreateObjectMapping: 0.350000 ms MarkObjects: 121.761600 ms  DeleteObjects: 0.020700 ms)

Unloading 1 Unused Serialized files (Serialized files now loaded: 2)
Unloading 2 unused Assets to reduce memory usage. Loaded Objects now: 29071.
Total: 135.729900 ms (FindLiveObjects: 1.911200 ms CreateObjectMapping: 0.716700 ms MarkObjects: 133.055700 ms  DeleteObjects: 0.045900 ms)

Unloading 0 Unused Serialized files (Serialized files now loaded: 2)
Unloading 0 unused Assets to reduce memory usage. Loaded Objects now: 29071.
Total: 125.559600 ms (FindLiveObjects: 1.711800 ms CreateObjectMapping: 0.910400 ms MarkObjects: 122.915300 ms  DeleteObjects: 0.021500 ms)

[CustomAI] Cleared all UI references and removed dropdown event listeners to prevent race conditions
[CustomAI] GetCastOnOptions: spell='《爱丽丝》的治愈', entity=8
[CustomAI] IsHostileSpell('《爱丽丝》的治愈'): abilityType='heal', isHostile=False
[CustomAI] Evaluating party-cast options for '《爱丽丝》的治愈' (vanillaMode=False)
[CustomAI] IsHostileSpell('《爱丽丝》的治愈'): abilityType='heal', isHostile=False
[CustomAI] CanTargetMultipleEnemies('《爱丽丝》的治愈'): target='Select', RequireChara=True, CanTargetGround=False, IsHostile=False, Result=False
[CustomAI] Rebuilt layout for 1 instructions - scroll area updated
[CustomAI] Creating fallback toggle with state: False (instructions count: 1)
[CustomAI] Processing instruction: entity=1, condition=4, action=Move (Towards), PreserveEntityAsTarget=True
[CustomAI] Instruction passed IsValid check - executing action
[CustomAI] Initial target: 亡灵 (current enemy)
[CustomAI] Processing instruction: entity=8, condition=1, action=《爱丽丝》的治愈, PreserveEntityAsTarget=False
[CustomAI] Any Party condition met by closest member: 最棒的紫色「霊の魂」 (distance: 1.0)
[CustomAI] Instruction passed IsValid check - executing action
[CustomAI] Initial target: 亡灵 (current enemy)
[CustomAI] Group casting mode: Whole Party (actionEntity=6)
[CustomAI] Executing spell '《爱丽丝》的治愈' on target '战士 萊雅' with usePartyTargeting=True
[NPCSpellFix] 战士 萊雅 attempting to cast '《爱丽丝》的治愈' - Charges: 99751, Needed: 1
[NPCSpellFix] 战士 萊雅 consumed 1 charge for '《爱丽丝》的治愈' - Remaining: 99750
[CustomAI] Processing instruction: entity=2, condition=4, action=Move (Towards), PreserveEntityAsTarget=True
[CustomAI] Instruction failed IsValid check - skipping
[CustomAI] Processing instruction: entity=1, condition=4, action=Attack (Melee), PreserveEntityAsTarget=True
[CustomAI] Instruction passed IsValid check - executing action
[CustomAI] Initial target: 亡灵 (current enemy)
[CustomAI] Processing instruction: entity=3, condition=5, action=节魔, PreserveEntityAsTarget=True
[CustomAI] Instruction failed IsValid check - skipping
[CustomAI] Processing instruction: entity=3, condition=5, action=火焰之歌, PreserveEntityAsTarget=True
[CustomAI] Instruction failed IsValid check - skipping
[CustomAI] Processing instruction: entity=3, condition=1, action=重伤治疗, PreserveEntityAsTarget=True
[CustomAI] Instruction failed IsValid check - skipping
[CustomAI] Processing instruction: entity=3, condition=5, action=加速, PreserveEntityAsTarget=True
[CustomAI] Instruction failed IsValid check - skipping
[CustomAI] Processing instruction: entity=1, condition=4, action=Move (Towards), PreserveEntityAsTarget=True
[CustomAI] Instruction failed IsValid check - skipping
[CustomAI] Processing instruction: entity=1, condition=4, action=Attack (Ranged), PreserveEntityAsTarget=True
[CustomAI] Instruction passed IsValid check - executing action
[CustomAI] Initial target: 亡灵 (current enemy)
[CustomAI] Processing instruction: entity=3, condition=5, action=节魔, PreserveEntityAsTarget=True
[CustomAI] Instruction failed IsValid check - skipping
[CustomAI] Processing instruction: entity=3, condition=6, action=召唤棋子, PreserveEntityAsTarget=True
[CustomAI] Instruction failed IsValid check - skipping
[CustomAI] Processing instruction: entity=2, condition=4, action=Move (Towards), PreserveEntityAsTarget=True
[CustomAI] Instruction failed IsValid check - skipping
[CustomAI] Processing instruction: entity=2, condition=1, action=体力恢复, PreserveEntityAsTarget=True
[CustomAI] Instruction passed IsValid check - executing action
[CustomAI] Initial target: 亡灵 (current enemy)
[CustomAI] Executing spell '体力恢复' on target '最棒的紫色「霊の魂」' with usePartyTargeting=False
Unloading 1 Unused Serialized files (Serialized files now loaded: 2)
Unloading 567 unused Assets to reduce memory usage. Loaded Objects now: 29118.
Total: 124.892500 ms (FindLiveObjects: 1.805500 ms CreateObjectMapping: 0.595400 ms MarkObjects: 122.187400 ms  DeleteObjects: 0.303900 ms)

Unloading 0 Unused Serialized files (Serialized files now loaded: 2)
Unloading 0 unused Assets to reduce memory usage. Loaded Objects now: 29118.
Total: 132.264100 ms (FindLiveObjects: 3.341400 ms CreateObjectMapping: 1.066800 ms MarkObjects: 127.791000 ms  DeleteObjects: 0.063700 ms)

[NPC Spell Manager] Tome pricing: 109 -> 1635 (multiplier: 15x)
[NPC Spell Manager] Tome pricing: 96 -> 1440 (multiplier: 15x)
[NPC Spell Manager] Tome pricing: 87 -> 1305 (multiplier: 15x)
[TraitTomeMemoryLoss] Tracking clicked tome (ID:1348780, 15 charges)
[NPC Spell Manager] REFACTORED: Scanning Player Character: 最棒的紫色「霊の魂」
[NPC Spell Manager] PLAYER ELEMENTS: Found '盗窃之手' (ID:6011) vBase=1, vPotential=0
[NPC Spell Manager] PLAYER ELEMENTS: Found '休息' (ID:6003) vBase=54, vPotential=0
[NPC Spell Manager] PLAYER ELEMENTS: Found '简易制造' (ID:6012) vBase=1, vPotential=0
[NPC Spell Manager] PLAYER ELEMENTS: Found '自残' (ID:6015) vBase=1, vPotential=0
[NPC Spell Manager] PLAYER ELEMENTS: Found '祈祷' (ID:6050) vBase=1, vPotential=0
[NPC Spell Manager] PLAYER ELEMENTS: Found '黑暗之箭' (ID:50503) vBase=9, vPotential=11828
[NPC Spell Manager] PLAYER ELEMENTS: Found '剧毒之箭' (ID:50505) vBase=13, vPotential=11694
[NPC Spell Manager] PLAYER ELEMENTS: Found '脆弱' (ID:8702) vBase=1, vPotential=460
[NPC Spell Manager] PLAYER ELEMENTS: Found '混乱光线' (ID:50310) vBase=2, vPotential=2977
[NPC Spell Manager] PLAYER ELEMENTS: Found '魔力之箭' (ID:50511) vBase=2, vPotential=458
[NPC Spell Manager] PLAYER ELEMENTS: Found '英勇' (ID:8504) vBase=3, vPotential=560
[NPC Spell Manager] PLAYER ELEMENTS: Found '轻伤治疗' (ID:8400) vBase=8, vPotential=967
[NPC Spell Manager] PLAYER ELEMENTS: Found '寄生' (ID:6019) vBase=1, vPotential=0
[NPC Spell Manager] PLAYER ELEMENTS: Found '骑乘' (ID:6018) vBase=1, vPotential=0
[NPC Spell Manager] PLAYER ELEMENTS: Found '寒冰之箭' (ID:50501) vBase=1, vPotential=415
[NPC Spell Manager] PLAYER ELEMENTS: Found '黑暗光线' (ID:50303) vBase=1, vPotential=2855
[NPC Spell Manager] PLAYER ELEMENTS: Found '鲜血之手' (ID:50414) vBase=1, vPotential=173
[NPC Spell Manager] PLAYER ELEMENTS: Found '黑暗瘴气' (ID:50703) vBase=1, vPotential=1848
[NPC Spell Manager] PLAYER ELEMENTS: Found '黑暗之歌' (ID:50803) vBase=1, vPotential=795
[NPC Spell Manager] PLAYER ELEMENTS: Found '看穿透明' (ID:8776) vBase=2, vPotential=347
[NPC Spell Manager] PLAYER ELEMENTS: Found '混乱之球' (ID:50110) vBase=1, vPotential=2134
[NPC Spell Manager] PLAYER ELEMENTS: Found '剧毒之球' (ID:50105) vBase=1, vPotential=2255
[NPC Spell Manager] PLAYER ELEMENTS: Found '自然的拥抱' (ID:8450) vBase=5, vPotential=426
[NPC Spell Manager] PLAYER ELEMENTS: Found '解咒' (ID:8240) vBase=1, vPotential=97
[NPC Spell Manager] PLAYER ELEMENTS: Found '智者' (ID:8503) vBase=1, vPotential=152
[NPC Spell Manager] PLAYER ELEMENTS: Found '魔法地图' (ID:8260) vBase=15, vPotential=296
[NPC Spell Manager] PLAYER ELEMENTS: Found '脱离' (ID:8221) vBase=1, vPotential=177
[NPC Spell Manager] PLAYER ELEMENTS: Found '剧毒瘴气' (ID:50705) vBase=1, vPotential=1931
[NPC Spell Manager] PLAYER ELEMENTS: Found '沉默' (ID:8700) vBase=1, vPotential=187
[NPC Spell Manager] PLAYER ELEMENTS: Found '召唤动物' (ID:9000) vBase=1, vPotential=182
[NPC Spell Manager] PLAYER ELEMENTS: Found '猫眼' (ID:8501) vBase=1, vPotential=361
[NPC Spell Manager] PLAYER ELEMENTS: Found '混乱具象' (ID:50610) vBase=1, vPotential=301
[NPC Spell Manager] PLAYER ELEMENTS: Found '混乱之歌' (ID:50810) vBase=1, vPotential=899
[NPC Spell Manager] PLAYER ELEMENTS: Found '肉体复苏' (ID:8470) vBase=1, vPotential=426
[NPC Spell Manager] PLAYER ELEMENTS: Found '节魔' (ID:6720) vBase=1, vPotential=0
[NPC Spell Manager] PLAYER ELEMENTS: Found '破咒' (ID:9200) vBase=1, vPotential=200
[NPC Spell Manager] PLAYER ELEMENTS: Found '精神复苏' (ID:8471) vBase=1, vPotential=208
[NPC Spell Manager] PLAYER ELEMENTS: Found '归还' (ID:8220) vBase=1, vPotential=124
[NPC Spell Manager] PLAYER ELEMENTS: Found '冲锋' (ID:6450) vBase=1, vPotential=0
[NPC Spell Manager] PLAYER ELEMENTS: Found '召唤阴影' (ID:9050) vBase=1, vPotential=94
[NPC Spell Manager] PLAYER ELEMENTS: Found '传送' (ID:8200) vBase=3, vPotential=162
[NPC Spell Manager] PLAYER ELEMENTS: Found '圣光之手' (ID:50409) vBase=1, vPotential=22
[NPC Spell Manager] PLAYER ELEMENTS: Found '元素保护' (ID:8506) vBase=1, vPotential=329
[NPC Spell Manager] PLAYER ELEMENTS: Found '短距离传送' (ID:8201) vBase=1, vPotential=384
[NPC Spell Manager] PLAYER ELEMENTS: Found '元素伤痕' (ID:8704) vBase=1, vPotential=283
[NPC Spell Manager] PLAYER ELEMENTS: Found '以太光线' (ID:50312) vBase=1, vPotential=16
[NPC Spell Manager] PLAYER ELEMENTS: Found '鲜血光线' (ID:50314) vBase=1, vPotential=46
[NPC Spell Manager] PLAYER ELEMENTS: Found '致命伤治疗' (ID:8402) vBase=2, vPotential=151
[NPC Spell Manager] PLAYER ELEMENTS: Found '地震' (ID:9151) vBase=1, vPotential=9
[NPC Spell Manager] PLAYER ELEMENTS: Found '自我变异' (ID:8380) vBase=1, vPotential=35
[NPC Spell Manager] PLAYER ELEMENTS: Found '寒冰之球' (ID:50101) vBase=1, vPotential=89
[NPC Spell Manager] PLAYER ELEMENTS: Found '神圣之盾' (ID:8502) vBase=1, vPotential=433
[NPC Spell Manager] PLAYER ELEMENTS: Found '蜘蛛网' (ID:8801) vBase=1, vPotential=184
[NPC Spell Manager] PLAYER ELEMENTS: Found '灾祸' (ID:8706) vBase=1, vPotential=288
[NPC Spell Manager] PLAYER ELEMENTS: Found '圣光加护' (ID:8500) vBase=1, vPotential=80
[NPC Spell Manager] PLAYER ELEMENTS: Found '飘浮' (ID:8300) vBase=1, vPotential=146
[NPC Spell Manager] PLAYER ELEMENTS: Found '心灵感应' (ID:8770) vBase=1, vPotential=88
[NPC Spell Manager] PLAYER ELEMENTS: Found '减速' (ID:8710) vBase=1, vPotential=176
[NPC Spell Manager] PLAYER ELEMENTS: Found '清净圣光' (ID:8490) vBase=1, vPotential=302
[NPC Spell Manager] PLAYER ELEMENTS: Found '体力恢复' (ID:8403) vBase=1, vPotential=15
[NPC Spell Manager] PLAYER ELEMENTS: Found '火焰之手' (ID:50400) vBase=1, vPotential=47
[NPC Spell Manager] PLAYER ELEMENTS: Found '鉴定' (ID:8230) vBase=2, vPotential=58
[NPC Spell Manager] PLAYER ELEMENTS: Found '雷电之球' (ID:50102) vBase=1, vPotential=74
[NPC Spell Manager] PLAYER ELEMENTS: Found '暗之雾' (ID:8800) vBase=1, vPotential=203
[NPC Spell Manager] PLAYER ELEMENTS: Found '透明化' (ID:8775) vBase=1, vPotential=35
[NPC Spell Manager] PLAYER ELEMENTS: Found '强酸光线' (ID:50313) vBase=1, vPotential=46
[NPC Spell Manager] PLAYER ELEMENTS: Found '死亡光线' (ID:50306) vBase=1, vPotential=105
[NPC Spell Manager] PLAYER ELEMENTS: Found '强酸之箭' (ID:50513) vBase=1, vPotential=27
[NPC Spell Manager] PLAYER ELEMENTS: Found '加速' (ID:8510) vBase=1, vPotential=77
[NPC Spell Manager] PLAYER ELEMENTS: Found '死亡之手' (ID:50406) vBase=1, vPotential=13
[NPC Spell Manager] PLAYER ELEMENTS: Found '重力场' (ID:8708) vBase=1, vPotential=60
[NPC Spell Manager] PLAYER ELEMENTS: Found '神经之箭' (ID:50508) vBase=1, vPotential=154
[NPC Spell Manager] PLAYER ELEMENTS: Found '轰鸣之球' (ID:50107) vBase=1, vPotential=51
[NPC Spell Manager] PLAYER ELEMENTS: Found '疯狂光线' (ID:50304) vBase=1, vPotential=73
[NPC Spell Manager] PLAYER ELEMENTS: Found '《爱丽丝》的治愈' (ID:8404) vBase=1, vPotential=58
[NPC Spell Manager] PLAYER ELEMENTS: Found '召唤不死妹妹' (ID:9001) vBase=1, vPotential=59
[NPC Spell Manager] PLAYER ELEMENTS: Found '乔装' (ID:8780) vBase=1, vPotential=79
[NPC Spell Manager] PLAYER ELEMENTS: Found '扫帚变形' (ID:8790) vBase=1, vPotential=26
[NPC Spell Manager] PLAYER ELEMENTS: Found '神经光线' (ID:50308) vBase=1, vPotential=17
[NPC Spell Manager] PLAYER ELEMENTS: Found '雷电光线' (ID:50302) vBase=1, vPotential=9
[NPC Spell Manager] PLAYER ELEMENTS: Found '疯狂之手' (ID:50404) vBase=1, vPotential=57
[NPC Spell Manager] PLAYER ELEMENTS: Found 'Bank' (ID:90000) vBase=1, vPotential=0
[NPC Spell Manager] PLAYER ELEMENTS: Found '智能回复' (ID:969500101) vBase=1, vPotential=0
[NPC Spell Manager] PLAYER ELEMENTS: Found '智能增益' (ID:969500102) vBase=1, vPotential=0
[NPC Spell Manager] PLAYER ELEMENTS: Found '智能减益' (ID:969500103) vBase=1, vPotential=0
[NPC Spell Manager] PLAYER ELEMENTS: Found '智能漩涡' (ID:969500111) vBase=1, vPotential=0
[NPC Spell Manager] PLAYER ELEMENTS: Found '智能光线' (ID:969500113) vBase=1, vPotential=0
[NPC Spell Manager] PLAYER ELEMENTS: Found '智能之手' (ID:969500114) vBase=1, vPotential=0
[NPC Spell Manager] PLAYER ELEMENTS: Found '智能之箭' (ID:969500115) vBase=1, vPotential=0
[NPC Spell Manager] PLAYER ELEMENTS: Found '智能具象' (ID:969500116) vBase=1, vPotential=0
[NPC Spell Manager] PLAYER ELEMENTS: Found '智能瘴气' (ID:969500117) vBase=1, vPotential=0
[NPC Spell Manager] PLAYER ELEMENTS: Found '智能之歌' (ID:969500118) vBase=1, vPotential=0
[NPC Spell Manager] PLAYER ELEMENTS: Found '智能之剑' (ID:969500120) vBase=1, vPotential=0
[NPC Spell Manager] PLAYER ELEMENTS: Found '鲜血瘴气' (ID:50714) vBase=1, vPotential=13
[NPC Spell Manager] PLAYER ELEMENTS: Found '月夜之枪' (ID:9155) vBase=1, vPotential=2
[NPC Spell Manager] PLAYER ELEMENTS: Found '黑暗之剑' (ID:51003) vBase=1, vPotential=153
[NPC Spell Manager] PLAYER ELEMENTS: Found '剧毒之剑' (ID:51005) vBase=1, vPotential=16
[NPC Spell Manager] PLAYER ELEMENTS: Found '《朱亚》的祈祷' (ID:6901) vBase=0, vPotential=0
[NPC Spell Manager] PLAYER ELEMENTS: Found '召唤子嗣' (ID:9010) vBase=0, vPotential=0
[NPC Spell Manager] PLAYER TOTAL: Found 99 abilities for 最棒的紫色「霊の魂」
[NPC Spell Manager] DisplayName DEBUG: alias='arrow_Darkness', baseName='黑暗之箭', sourceType=Learned
[NPC Spell Manager] GetDistinguishingSuffix: baseName='黑暗之箭', alias='arrow_Darkness'
[NPC Spell Manager] Using suffix: baseName='黑暗之箭' != cleanAlias='arrow_Darkness'
[NPC Spell Manager] Generated DisplayName: '黑暗之箭 (arrow_Darkness)' (suffix: ' (arrow_Darkness)')
[NPC Spell Manager] ElementWrapper CONSTRUCTOR: Wrapping 'ActArrow' (ID:50503) with customName='黑暗之箭 (arrow_Darkness)', sourceType=Learned, vBase=9, vPotential=11828
[NPC Spell Manager] DisplayName DEBUG: alias='arrow_Poison', baseName='剧毒之箭', sourceType=Learned
[NPC Spell Manager] GetDistinguishingSuffix: baseName='剧毒之箭', alias='arrow_Poison'
[NPC Spell Manager] Using suffix: baseName='剧毒之箭' != cleanAlias='arrow_Poison'
[NPC Spell Manager] Generated DisplayName: '剧毒之箭 (arrow_Poison)' (suffix: ' (arrow_Poison)')
[NPC Spell Manager] ElementWrapper CONSTRUCTOR: Wrapping 'ActArrow' (ID:50505) with customName='剧毒之箭 (arrow_Poison)', sourceType=Learned, vBase=13, vPotential=11694
[NPC Spell Manager] DisplayName DEBUG: alias='SpWeakness', baseName='脆弱', sourceType=Learned
[NPC Spell Manager] GetDistinguishingSuffix: baseName='脆弱', alias='SpWeakness'
[NPC Spell Manager] Using suffix: baseName='脆弱' != cleanAlias='SpWeakness'
[NPC Spell Manager] Generated DisplayName: '脆弱 (SpWeakness)' (suffix: ' (SpWeakness)')
[NPC Spell Manager] ElementWrapper CONSTRUCTOR: Wrapping 'Spell' (ID:8702) with customName='脆弱 (SpWeakness)', sourceType=Learned, vBase=1, vPotential=460
[NPC Spell Manager] DisplayName DEBUG: alias='bolt_Chaos', baseName='混乱光线', sourceType=Learned
[NPC Spell Manager] GetDistinguishingSuffix: baseName='混乱光线', alias='bolt_Chaos'
[NPC Spell Manager] Using suffix: baseName='混乱光线' != cleanAlias='bolt_Chaos'
[NPC Spell Manager] Generated DisplayName: '混乱光线 (bolt_Chaos)' (suffix: ' (bolt_Chaos)')
[NPC Spell Manager] ElementWrapper CONSTRUCTOR: Wrapping 'ActBolt' (ID:50310) with customName='混乱光线 (bolt_Chaos)', sourceType=Learned, vBase=2, vPotential=2977
[NPC Spell Manager] DisplayName DEBUG: alias='arrow_Magic', baseName='魔力之箭', sourceType=Learned
[NPC Spell Manager] GetDistinguishingSuffix: baseName='魔力之箭', alias='arrow_Magic'
[NPC Spell Manager] Using suffix: baseName='魔力之箭' != cleanAlias='arrow_Magic'
[NPC Spell Manager] Generated DisplayName: '魔力之箭 (arrow_Magic)' (suffix: ' (arrow_Magic)')
[NPC Spell Manager] ElementWrapper CONSTRUCTOR: Wrapping 'ActArrow' (ID:50511) with customName='魔力之箭 (arrow_Magic)', sourceType=Learned, vBase=2, vPotential=458
[NPC Spell Manager] DisplayName DEBUG: alias='SpHero', baseName='英勇', sourceType=Learned
[NPC Spell Manager] GetDistinguishingSuffix: baseName='英勇', alias='SpHero'
[NPC Spell Manager] Using suffix: baseName='英勇' != cleanAlias='SpHero'
[NPC Spell Manager] Generated DisplayName: '英勇 (SpHero)' (suffix: ' (SpHero)')
[NPC Spell Manager] ElementWrapper CONSTRUCTOR: Wrapping 'Spell' (ID:8504) with customName='英勇 (SpHero)', sourceType=Learned, vBase=3, vPotential=560
[NPC Spell Manager] DisplayName DEBUG: alias='SpHealLight', baseName='轻伤治疗', sourceType=Learned
[NPC Spell Manager] GetDistinguishingSuffix: baseName='轻伤治疗', alias='SpHealLight'
[NPC Spell Manager] Using suffix: baseName='轻伤治疗' != cleanAlias='SpHealLight'
[NPC Spell Manager] Generated DisplayName: '轻伤治疗 (SpHealLight)' (suffix: ' (SpHealLight)')
[NPC Spell Manager] ElementWrapper CONSTRUCTOR: Wrapping 'Spell' (ID:8400) with customName='轻伤治疗 (SpHealLight)', sourceType=Learned, vBase=8, vPotential=967
[NPC Spell Manager] DisplayName DEBUG: alias='arrow_Cold', baseName='寒冰之箭', sourceType=Learned
[NPC Spell Manager] GetDistinguishingSuffix: baseName='寒冰之箭', alias='arrow_Cold'
[NPC Spell Manager] Using suffix: baseName='寒冰之箭' != cleanAlias='arrow_Cold'
[NPC Spell Manager] Generated DisplayName: '寒冰之箭 (arrow_Cold)' (suffix: ' (arrow_Cold)')
[NPC Spell Manager] ElementWrapper CONSTRUCTOR: Wrapping 'ActArrow' (ID:50501) with customName='寒冰之箭 (arrow_Cold)', sourceType=Learned, vBase=1, vPotential=415
[NPC Spell Manager] DisplayName DEBUG: alias='bolt_Darkness', baseName='黑暗光线', sourceType=Learned
[NPC Spell Manager] GetDistinguishingSuffix: baseName='黑暗光线', alias='bolt_Darkness'
[NPC Spell Manager] Using suffix: baseName='黑暗光线' != cleanAlias='bolt_Darkness'
[NPC Spell Manager] Generated DisplayName: '黑暗光线 (bolt_Darkness)' (suffix: ' (bolt_Darkness)')
[NPC Spell Manager] ElementWrapper CONSTRUCTOR: Wrapping 'ActBolt' (ID:50303) with customName='黑暗光线 (bolt_Darkness)', sourceType=Learned, vBase=1, vPotential=2855
[NPC Spell Manager] DisplayName DEBUG: alias='hand_Cut', baseName='鲜血之手', sourceType=Learned
[NPC Spell Manager] GetDistinguishingSuffix: baseName='鲜血之手', alias='hand_Cut'
[NPC Spell Manager] Using suffix: baseName='鲜血之手' != cleanAlias='hand_Cut'
[NPC Spell Manager] Generated DisplayName: '鲜血之手 (hand_Cut)' (suffix: ' (hand_Cut)')
[NPC Spell Manager] ElementWrapper CONSTRUCTOR: Wrapping 'ActHand' (ID:50414) with customName='鲜血之手 (hand_Cut)', sourceType=Learned, vBase=1, vPotential=173
[NPC Spell Manager] DisplayName DEBUG: alias='miasma_Darkness', baseName='黑暗瘴气', sourceType=Learned
[NPC Spell Manager] GetDistinguishingSuffix: baseName='黑暗瘴气', alias='miasma_Darkness'
[NPC Spell Manager] Using suffix: baseName='黑暗瘴气' != cleanAlias='miasma_Darkness'
[NPC Spell Manager] Generated DisplayName: '黑暗瘴气 (miasma_Darkness)' (suffix: ' (miasma_Darkness)')
[NPC Spell Manager] ElementWrapper CONSTRUCTOR: Wrapping 'ActMiasma' (ID:50703) with customName='黑暗瘴气 (miasma_Darkness)', sourceType=Learned, vBase=1, vPotential=1848
[NPC Spell Manager] DisplayName DEBUG: alias='weapon_Darkness', baseName='黑暗之歌', sourceType=Learned
[NPC Spell Manager] GetDistinguishingSuffix: baseName='黑暗之歌', alias='weapon_Darkness'
[NPC Spell Manager] Using suffix: baseName='黑暗之歌' != cleanAlias='weapon_Darkness'
[NPC Spell Manager] Generated DisplayName: '黑暗之歌 (weapon_Darkness)' (suffix: ' (weapon_Darkness)')
[NPC Spell Manager] ElementWrapper CONSTRUCTOR: Wrapping 'ActWeapon' (ID:50803) with customName='黑暗之歌 (weapon_Darkness)', sourceType=Learned, vBase=1, vPotential=795
[NPC Spell Manager] DisplayName DEBUG: alias='SpSeeInvisible', baseName='看穿透明', sourceType=Learned
[NPC Spell Manager] GetDistinguishingSuffix: baseName='看穿透明', alias='SpSeeInvisible'
[NPC Spell Manager] Using suffix: baseName='看穿透明' != cleanAlias='SpSeeInvisible'
[NPC Spell Manager] Generated DisplayName: '看穿透明 (SpSeeInvisible)' (suffix: ' (SpSeeInvisible)')
[NPC Spell Manager] ElementWrapper CONSTRUCTOR: Wrapping 'Spell' (ID:8776) with customName='看穿透明 (SpSeeInvisible)', sourceType=Learned, vBase=2, vPotential=347
[NPC Spell Manager] DisplayName DEBUG: alias='ball_Chaos', baseName='混乱之球', sourceType=Learned
[NPC Spell Manager] GetDistinguishingSuffix: baseName='混乱之球', alias='ball_Chaos'
[NPC Spell Manager] Using suffix: baseName='混乱之球' != cleanAlias='ball_Chaos'
[NPC Spell Manager] Generated DisplayName: '混乱之球 (ball_Chaos)' (suffix: ' (ball_Chaos)')
[NPC Spell Manager] ElementWrapper CONSTRUCTOR: Wrapping 'ActBall' (ID:50110) with customName='混乱之球 (ball_Chaos)', sourceType=Learned, vBase=1, vPotential=2134
[NPC Spell Manager] DisplayName DEBUG: alias='ball_Poison', baseName='剧毒之球', sourceType=Learned
[NPC Spell Manager] GetDistinguishingSuffix: baseName='剧毒之球', alias='ball_Poison'
[NPC Spell Manager] Using suffix: baseName='剧毒之球' != cleanAlias='ball_Poison'
[NPC Spell Manager] Generated DisplayName: '剧毒之球 (ball_Poison)' (suffix: ' (ball_Poison)')
[NPC Spell Manager] ElementWrapper CONSTRUCTOR: Wrapping 'ActBall' (ID:50105) with customName='剧毒之球 (ball_Poison)', sourceType=Learned, vBase=1, vPotential=2255
[NPC Spell Manager] DisplayName DEBUG: alias='SpHOT', baseName='自然的拥抱', sourceType=Learned
[NPC Spell Manager] GetDistinguishingSuffix: baseName='自然的拥抱', alias='SpHOT'
[NPC Spell Manager] Using suffix: baseName='自然的拥抱' != cleanAlias='SpHOT'
[NPC Spell Manager] Generated DisplayName: '自然的拥抱 (SpHOT)' (suffix: ' (SpHOT)')
[NPC Spell Manager] ElementWrapper CONSTRUCTOR: Wrapping 'Spell' (ID:8450) with customName='自然的拥抱 (SpHOT)', sourceType=Learned, vBase=5, vPotential=426
[NPC Spell Manager] DisplayName DEBUG: alias='SpUncurse', baseName='解咒', sourceType=Learned
[NPC Spell Manager] GetDistinguishingSuffix: baseName='解咒', alias='SpUncurse'
[NPC Spell Manager] Using suffix: baseName='解咒' != cleanAlias='SpUncurse'
[NPC Spell Manager] Generated DisplayName: '解咒 (SpUncurse)' (suffix: ' (SpUncurse)')
[NPC Spell Manager] ElementWrapper CONSTRUCTOR: Wrapping 'Spell' (ID:8240) with customName='解咒 (SpUncurse)', sourceType=Learned, vBase=1, vPotential=97
[NPC Spell Manager] DisplayName DEBUG: alias='SpWisdom', baseName='智者', sourceType=Learned
[NPC Spell Manager] GetDistinguishingSuffix: baseName='智者', alias='SpWisdom'
[NPC Spell Manager] Using suffix: baseName='智者' != cleanAlias='SpWisdom'
[NPC Spell Manager] Generated DisplayName: '智者 (SpWisdom)' (suffix: ' (SpWisdom)')
[NPC Spell Manager] ElementWrapper CONSTRUCTOR: Wrapping 'Spell' (ID:8503) with customName='智者 (SpWisdom)', sourceType=Learned, vBase=1, vPotential=152
[NPC Spell Manager] DisplayName DEBUG: alias='SpMagicMap', baseName='魔法地图', sourceType=Learned
[NPC Spell Manager] GetDistinguishingSuffix: baseName='魔法地图', alias='SpMagicMap'
[NPC Spell Manager] Using suffix: baseName='魔法地图' != cleanAlias='SpMagicMap'
[NPC Spell Manager] Generated DisplayName: '魔法地图 (SpMagicMap)' (suffix: ' (SpMagicMap)')
[NPC Spell Manager] ElementWrapper CONSTRUCTOR: Wrapping 'Spell' (ID:8260) with customName='魔法地图 (SpMagicMap)', sourceType=Learned, vBase=15, vPotential=296
[NPC Spell Manager] DisplayName DEBUG: alias='SpEvac', baseName='脱离', sourceType=Learned
[NPC Spell Manager] GetDistinguishingSuffix: baseName='脱离', alias='SpEvac'
[NPC Spell Manager] Using suffix: baseName='脱离' != cleanAlias='SpEvac'
[NPC Spell Manager] Generated DisplayName: '脱离 (SpEvac)' (suffix: ' (SpEvac)')
[NPC Spell Manager] ElementWrapper CONSTRUCTOR: Wrapping 'Spell' (ID:8221) with customName='脱离 (SpEvac)', sourceType=Learned, vBase=1, vPotential=177
[NPC Spell Manager] DisplayName DEBUG: alias='miasma_Poison', baseName='剧毒瘴气', sourceType=Learned
[NPC Spell Manager] GetDistinguishingSuffix: baseName='剧毒瘴气', alias='miasma_Poison'
[NPC Spell Manager] Using suffix: baseName='剧毒瘴气' != cleanAlias='miasma_Poison'
[NPC Spell Manager] Generated DisplayName: '剧毒瘴气 (miasma_Poison)' (suffix: ' (miasma_Poison)')
[NPC Spell Manager] ElementWrapper CONSTRUCTOR: Wrapping 'ActMiasma' (ID:50705) with customName='剧毒瘴气 (miasma_Poison)', sourceType=Learned, vBase=1, vPotential=1931
[NPC Spell Manager] DisplayName DEBUG: alias='SpSilence', baseName='沉默', sourceType=Learned
[NPC Spell Manager] GetDistinguishingSuffix: baseName='沉默', alias='SpSilence'
[NPC Spell Manager] Using suffix: baseName='沉默' != cleanAlias='SpSilence'
[NPC Spell Manager] Generated DisplayName: '沉默 (SpSilence)' (suffix: ' (SpSilence)')
[NPC Spell Manager] ElementWrapper CONSTRUCTOR: Wrapping 'Spell' (ID:8700) with customName='沉默 (SpSilence)', sourceType=Learned, vBase=1, vPotential=187
[NPC Spell Manager] DisplayName DEBUG: alias='SpSummon', baseName='召唤动物', sourceType=Learned
[NPC Spell Manager] GetDistinguishingSuffix: baseName='召唤动物', alias='SpSummon'
[NPC Spell Manager] Using suffix: baseName='召唤动物' != cleanAlias='SpSummon'
[NPC Spell Manager] Generated DisplayName: '召唤动物 (SpSummon)' (suffix: ' (SpSummon)')
[NPC Spell Manager] ElementWrapper CONSTRUCTOR: Wrapping 'Spell' (ID:9000) with customName='召唤动物 (SpSummon)', sourceType=Learned, vBase=1, vPotential=182
[NPC Spell Manager] DisplayName DEBUG: alias='SpCatsEye', baseName='猫眼', sourceType=Learned
[NPC Spell Manager] GetDistinguishingSuffix: baseName='猫眼', alias='SpCatsEye'
[NPC Spell Manager] Using suffix: baseName='猫眼' != cleanAlias='SpCatsEye'
[NPC Spell Manager] Generated DisplayName: '猫眼 (SpCatsEye)' (suffix: ' (SpCatsEye)')
[NPC Spell Manager] ElementWrapper CONSTRUCTOR: Wrapping 'Spell' (ID:8501) with customName='猫眼 (SpCatsEye)', sourceType=Learned, vBase=1, vPotential=361
[NPC Spell Manager] DisplayName DEBUG: alias='funnel_Chaos', baseName='混乱具象', sourceType=Learned
[NPC Spell Manager] GetDistinguishingSuffix: baseName='混乱具象', alias='funnel_Chaos'
[NPC Spell Manager] Using suffix: baseName='混乱具象' != cleanAlias='funnel_Chaos'
[NPC Spell Manager] Generated DisplayName: '混乱具象 (funnel_Chaos)' (suffix: ' (funnel_Chaos)')
[NPC Spell Manager] ElementWrapper CONSTRUCTOR: Wrapping 'ActFunnel' (ID:50610) with customName='混乱具象 (funnel_Chaos)', sourceType=Learned, vBase=1, vPotential=301
[NPC Spell Manager] DisplayName DEBUG: alias='weapon_Chaos', baseName='混乱之歌', sourceType=Learned
[NPC Spell Manager] GetDistinguishingSuffix: baseName='混乱之歌', alias='weapon_Chaos'
[NPC Spell Manager] Using suffix: baseName='混乱之歌' != cleanAlias='weapon_Chaos'
[NPC Spell Manager] Generated DisplayName: '混乱之歌 (weapon_Chaos)' (suffix: ' (weapon_Chaos)')
[NPC Spell Manager] ElementWrapper CONSTRUCTOR: Wrapping 'ActWeapon' (ID:50810) with customName='混乱之歌 (weapon_Chaos)', sourceType=Learned, vBase=1, vPotential=899
[NPC Spell Manager] DisplayName DEBUG: alias='SpRestoreBody', baseName='肉体复苏', sourceType=Learned
[NPC Spell Manager] GetDistinguishingSuffix: baseName='肉体复苏', alias='SpRestoreBody'
[NPC Spell Manager] Using suffix: baseName='肉体复苏' != cleanAlias='SpRestoreBody'
[NPC Spell Manager] Generated DisplayName: '肉体复苏 (SpRestoreBody)' (suffix: ' (SpRestoreBody)')
[NPC Spell Manager] ElementWrapper CONSTRUCTOR: Wrapping 'Spell' (ID:8470) with customName='肉体复苏 (SpRestoreBody)', sourceType=Learned, vBase=1, vPotential=426
[NPC Spell Manager] DisplayName DEBUG: alias='SpShutterHex', baseName='破咒', sourceType=Learned
[NPC Spell Manager] GetDistinguishingSuffix: baseName='破咒', alias='SpShutterHex'
[NPC Spell Manager] Using suffix: baseName='破咒' != cleanAlias='SpShutterHex'
[NPC Spell Manager] Generated DisplayName: '破咒 (SpShutterHex)' (suffix: ' (SpShutterHex)')
[NPC Spell Manager] ElementWrapper CONSTRUCTOR: Wrapping 'Spell' (ID:9200) with customName='破咒 (SpShutterHex)', sourceType=Learned, vBase=1, vPotential=200
[NPC Spell Manager] DisplayName DEBUG: alias='SpRestoreMind', baseName='精神复苏', sourceType=Learned
[NPC Spell Manager] GetDistinguishingSuffix: baseName='精神复苏', alias='SpRestoreMind'
[NPC Spell Manager] Using suffix: baseName='精神复苏' != cleanAlias='SpRestoreMind'
[NPC Spell Manager] Generated DisplayName: '精神复苏 (SpRestoreMind)' (suffix: ' (SpRestoreMind)')
[NPC Spell Manager] ElementWrapper CONSTRUCTOR: Wrapping 'Spell' (ID:8471) with customName='精神复苏 (SpRestoreMind)', sourceType=Learned, vBase=1, vPotential=208
[NPC Spell Manager] DisplayName DEBUG: alias='SpReturn', baseName='归还', sourceType=Learned
[NPC Spell Manager] GetDistinguishingSuffix: baseName='归还', alias='SpReturn'
[NPC Spell Manager] Using suffix: baseName='归还' != cleanAlias='SpReturn'
[NPC Spell Manager] Generated DisplayName: '归还 (SpReturn)' (suffix: ' (SpReturn)')
[NPC Spell Manager] ElementWrapper CONSTRUCTOR: Wrapping 'Spell' (ID:8220) with customName='归还 (SpReturn)', sourceType=Learned, vBase=1, vPotential=124
[NPC Spell Manager] DisplayName DEBUG: alias='SpSummonShadow', baseName='召唤阴影', sourceType=Learned
[NPC Spell Manager] GetDistinguishingSuffix: baseName='召唤阴影', alias='SpSummonShadow'
[NPC Spell Manager] Using suffix: baseName='召唤阴影' != cleanAlias='SpSummonShadow'
[NPC Spell Manager] Generated DisplayName: '召唤阴影 (SpSummonShadow)' (suffix: ' (SpSummonShadow)')
[NPC Spell Manager] ElementWrapper CONSTRUCTOR: Wrapping 'Spell' (ID:9050) with customName='召唤阴影 (SpSummonShadow)', sourceType=Learned, vBase=1, vPotential=94
[NPC Spell Manager] DisplayName DEBUG: alias='SpTeleport', baseName='传送', sourceType=Learned
[NPC Spell Manager] GetDistinguishingSuffix: baseName='传送', alias='SpTeleport'
[NPC Spell Manager] Using suffix: baseName='传送' != cleanAlias='SpTeleport'
[NPC Spell Manager] Generated DisplayName: '传送 (SpTeleport)' (suffix: ' (SpTeleport)')
[NPC Spell Manager] ElementWrapper CONSTRUCTOR: Wrapping 'Spell' (ID:8200) with customName='传送 (SpTeleport)', sourceType=Learned, vBase=3, vPotential=162
[NPC Spell Manager] DisplayName DEBUG: alias='hand_Holy', baseName='圣光之手', sourceType=Learned
[NPC Spell Manager] GetDistinguishingSuffix: baseName='圣光之手', alias='hand_Holy'
[NPC Spell Manager] Using suffix: baseName='圣光之手' != cleanAlias='hand_Holy'
[NPC Spell Manager] Generated DisplayName: '圣光之手 (hand_Holy)' (suffix: ' (hand_Holy)')
[NPC Spell Manager] ElementWrapper CONSTRUCTOR: Wrapping 'ActHand' (ID:50409) with customName='圣光之手 (hand_Holy)', sourceType=Learned, vBase=1, vPotential=22
[NPC Spell Manager] DisplayName DEBUG: alias='SpResEle', baseName='元素保护', sourceType=Learned
[NPC Spell Manager] GetDistinguishingSuffix: baseName='元素保护', alias='SpResEle'
[NPC Spell Manager] Using suffix: baseName='元素保护' != cleanAlias='SpResEle'
[NPC Spell Manager] Generated DisplayName: '元素保护 (SpResEle)' (suffix: ' (SpResEle)')
[NPC Spell Manager] ElementWrapper CONSTRUCTOR: Wrapping 'Spell' (ID:8506) with customName='元素保护 (SpResEle)', sourceType=Learned, vBase=1, vPotential=329
[NPC Spell Manager] DisplayName DEBUG: alias='SpTeleportShort', baseName='短距离传送', sourceType=Learned
[NPC Spell Manager] GetDistinguishingSuffix: baseName='短距离传送', alias='SpTeleportShort'
[NPC Spell Manager] Using suffix: baseName='短距离传送' != cleanAlias='SpTeleportShort'
[NPC Spell Manager] Generated DisplayName: '短距离传送 (SpTeleportShort)' (suffix: ' (SpTeleportShort)')
[NPC Spell Manager] ElementWrapper CONSTRUCTOR: Wrapping 'Spell' (ID:8201) with customName='短距离传送 (SpTeleportShort)', sourceType=Learned, vBase=1, vPotential=384
[NPC Spell Manager] DisplayName DEBUG: alias='SpWeakResEle', baseName='元素伤痕', sourceType=Learned
[NPC Spell Manager] GetDistinguishingSuffix: baseName='元素伤痕', alias='SpWeakResEle'
[NPC Spell Manager] Using suffix: baseName='元素伤痕' != cleanAlias='SpWeakResEle'
[NPC Spell Manager] Generated DisplayName: '元素伤痕 (SpWeakResEle)' (suffix: ' (SpWeakResEle)')
[NPC Spell Manager] ElementWrapper CONSTRUCTOR: Wrapping 'Spell' (ID:8704) with customName='元素伤痕 (SpWeakResEle)', sourceType=Learned, vBase=1, vPotential=283
[NPC Spell Manager] DisplayName DEBUG: alias='bolt_Ether', baseName='以太光线', sourceType=Learned
[NPC Spell Manager] GetDistinguishingSuffix: baseName='以太光线', alias='bolt_Ether'
[NPC Spell Manager] Using suffix: baseName='以太光线' != cleanAlias='bolt_Ether'
[NPC Spell Manager] Generated DisplayName: '以太光线 (bolt_Ether)' (suffix: ' (bolt_Ether)')
[NPC Spell Manager] ElementWrapper CONSTRUCTOR: Wrapping 'ActBolt' (ID:50312) with customName='以太光线 (bolt_Ether)', sourceType=Learned, vBase=1, vPotential=16
[NPC Spell Manager] DisplayName DEBUG: alias='bolt_Cut', baseName='鲜血光线', sourceType=Learned
[NPC Spell Manager] GetDistinguishingSuffix: baseName='鲜血光线', alias='bolt_Cut'
[NPC Spell Manager] Using suffix: baseName='鲜血光线' != cleanAlias='bolt_Cut'
[NPC Spell Manager] Generated DisplayName: '鲜血光线 (bolt_Cut)' (suffix: ' (bolt_Cut)')
[NPC Spell Manager] ElementWrapper CONSTRUCTOR: Wrapping 'ActBolt' (ID:50314) with customName='鲜血光线 (bolt_Cut)', sourceType=Learned, vBase=1, vPotential=46
[NPC Spell Manager] DisplayName DEBUG: alias='SpHealCritical', baseName='致命伤治疗', sourceType=Learned
[NPC Spell Manager] GetDistinguishingSuffix: baseName='致命伤治疗', alias='SpHealCritical'
[NPC Spell Manager] Using suffix: baseName='致命伤治疗' != cleanAlias='SpHealCritical'
[NPC Spell Manager] Generated DisplayName: '致命伤治疗 (SpHealCritical)' (suffix: ' (SpHealCritical)')
[NPC Spell Manager] ElementWrapper CONSTRUCTOR: Wrapping 'Spell' (ID:8402) with customName='致命伤治疗 (SpHealCritical)', sourceType=Learned, vBase=2, vPotential=151
[NPC Spell Manager] DisplayName DEBUG: alias='SpEarthquake', baseName='地震', sourceType=Learned
[NPC Spell Manager] GetDistinguishingSuffix: baseName='地震', alias='SpEarthquake'
[NPC Spell Manager] Using suffix: baseName='地震' != cleanAlias='SpEarthquake'
[NPC Spell Manager] Generated DisplayName: '地震 (SpEarthquake)' (suffix: ' (SpEarthquake)')
[NPC Spell Manager] ElementWrapper CONSTRUCTOR: Wrapping 'Spell' (ID:9151) with customName='地震 (SpEarthquake)', sourceType=Learned, vBase=1, vPotential=9
[NPC Spell Manager] DisplayName DEBUG: alias='SpMutation', baseName='自我变异', sourceType=Learned
[NPC Spell Manager] GetDistinguishingSuffix: baseName='自我变异', alias='SpMutation'
[NPC Spell Manager] Using suffix: baseName='自我变异' != cleanAlias='SpMutation'
[NPC Spell Manager] Generated DisplayName: '自我变异 (SpMutation)' (suffix: ' (SpMutation)')
[NPC Spell Manager] ElementWrapper CONSTRUCTOR: Wrapping 'Spell' (ID:8380) with customName='自我变异 (SpMutation)', sourceType=Learned, vBase=1, vPotential=35
[NPC Spell Manager] DisplayName DEBUG: alias='ball_Cold', baseName='寒冰之球', sourceType=Learned
[NPC Spell Manager] GetDistinguishingSuffix: baseName='寒冰之球', alias='ball_Cold'
[NPC Spell Manager] Using suffix: baseName='寒冰之球' != cleanAlias='ball_Cold'
[NPC Spell Manager] Generated DisplayName: '寒冰之球 (ball_Cold)' (suffix: ' (ball_Cold)')
[NPC Spell Manager] ElementWrapper CONSTRUCTOR: Wrapping 'ActBall' (ID:50101) with customName='寒冰之球 (ball_Cold)', sourceType=Learned, vBase=1, vPotential=89
[NPC Spell Manager] DisplayName DEBUG: alias='SpHolyShield', baseName='神圣之盾', sourceType=Learned
[NPC Spell Manager] GetDistinguishingSuffix: baseName='神圣之盾', alias='SpHolyShield'
[NPC Spell Manager] Using suffix: baseName='神圣之盾' != cleanAlias='SpHolyShield'
[NPC Spell Manager] Generated DisplayName: '神圣之盾 (SpHolyShield)' (suffix: ' (SpHolyShield)')
[NPC Spell Manager] ElementWrapper CONSTRUCTOR: Wrapping 'Spell' (ID:8502) with customName='神圣之盾 (SpHolyShield)', sourceType=Learned, vBase=1, vPotential=433
[NPC Spell Manager] DisplayName DEBUG: alias='SpWeb', baseName='蜘蛛网', sourceType=Learned
[NPC Spell Manager] GetDistinguishingSuffix: baseName='蜘蛛网', alias='SpWeb'
[NPC Spell Manager] Using suffix: baseName='蜘蛛网' != cleanAlias='SpWeb'
[NPC Spell Manager] Generated DisplayName: '蜘蛛网 (SpWeb)' (suffix: ' (SpWeb)')
[NPC Spell Manager] ElementWrapper CONSTRUCTOR: Wrapping 'Spell' (ID:8801) with customName='蜘蛛网 (SpWeb)', sourceType=Learned, vBase=1, vPotential=184
[NPC Spell Manager] DisplayName DEBUG: alias='SpBane', baseName='灾祸', sourceType=Learned
[NPC Spell Manager] GetDistinguishingSuffix: baseName='灾祸', alias='SpBane'
[NPC Spell Manager] Using suffix: baseName='灾祸' != cleanAlias='SpBane'
[NPC Spell Manager] Generated DisplayName: '灾祸 (SpBane)' (suffix: ' (SpBane)')
[NPC Spell Manager] ElementWrapper CONSTRUCTOR: Wrapping 'Spell' (ID:8706) with customName='灾祸 (SpBane)', sourceType=Learned, vBase=1, vPotential=288
[NPC Spell Manager] DisplayName DEBUG: alias='SpHolyVeil', baseName='圣光加护', sourceType=Learned
[NPC Spell Manager] GetDistinguishingSuffix: baseName='圣光加护', alias='SpHolyVeil'
[NPC Spell Manager] Using suffix: baseName='圣光加护' != cleanAlias='SpHolyVeil'
[NPC Spell Manager] Generated DisplayName: '圣光加护 (SpHolyVeil)' (suffix: ' (SpHolyVeil)')
[NPC Spell Manager] ElementWrapper CONSTRUCTOR: Wrapping 'Spell' (ID:8500) with customName='圣光加护 (SpHolyVeil)', sourceType=Learned, vBase=1, vPotential=80
[NPC Spell Manager] DisplayName DEBUG: alias='SpLevitate', baseName='飘浮', sourceType=Learned
[NPC Spell Manager] GetDistinguishingSuffix: baseName='飘浮', alias='SpLevitate'
[NPC Spell Manager] Using suffix: baseName='飘浮' != cleanAlias='SpLevitate'
[NPC Spell Manager] Generated DisplayName: '飘浮 (SpLevitate)' (suffix: ' (SpLevitate)')
[NPC Spell Manager] ElementWrapper CONSTRUCTOR: Wrapping 'Spell' (ID:8300) with customName='飘浮 (SpLevitate)', sourceType=Learned, vBase=1, vPotential=146
[NPC Spell Manager] DisplayName DEBUG: alias='SpTelepathy', baseName='心灵感应', sourceType=Learned
[NPC Spell Manager] GetDistinguishingSuffix: baseName='心灵感应', alias='SpTelepathy'
[NPC Spell Manager] Using suffix: baseName='心灵感应' != cleanAlias='SpTelepathy'
[NPC Spell Manager] Generated DisplayName: '心灵感应 (SpTelepathy)' (suffix: ' (SpTelepathy)')
[NPC Spell Manager] ElementWrapper CONSTRUCTOR: Wrapping 'Spell' (ID:8770) with customName='心灵感应 (SpTelepathy)', sourceType=Learned, vBase=1, vPotential=88
[NPC Spell Manager] DisplayName DEBUG: alias='SpSpeedDown', baseName='减速', sourceType=Learned
[NPC Spell Manager] GetDistinguishingSuffix: baseName='减速', alias='SpSpeedDown'
[NPC Spell Manager] Using suffix: baseName='减速' != cleanAlias='SpSpeedDown'
[NPC Spell Manager] Generated DisplayName: '减速 (SpSpeedDown)' (suffix: ' (SpSpeedDown)')
[NPC Spell Manager] ElementWrapper CONSTRUCTOR: Wrapping 'Spell' (ID:8710) with customName='减速 (SpSpeedDown)', sourceType=Learned, vBase=1, vPotential=176
[NPC Spell Manager] DisplayName DEBUG: alias='SpRemoveHex', baseName='清净圣光', sourceType=Learned
[NPC Spell Manager] GetDistinguishingSuffix: baseName='清净圣光', alias='SpRemoveHex'
[NPC Spell Manager] Using suffix: baseName='清净圣光' != cleanAlias='SpRemoveHex'
[NPC Spell Manager] Generated DisplayName: '清净圣光 (SpRemoveHex)' (suffix: ' (SpRemoveHex)')
[NPC Spell Manager] ElementWrapper CONSTRUCTOR: Wrapping 'Spell' (ID:8490) with customName='清净圣光 (SpRemoveHex)', sourceType=Learned, vBase=1, vPotential=302
[NPC Spell Manager] DisplayName DEBUG: alias='SpHeal', baseName='体力恢复', sourceType=Learned
[NPC Spell Manager] GetDistinguishingSuffix: baseName='体力恢复', alias='SpHeal'
[NPC Spell Manager] Using suffix: baseName='体力恢复' != cleanAlias='SpHeal'
[NPC Spell Manager] Generated DisplayName: '体力恢复 (SpHeal)' (suffix: ' (SpHeal)')
[NPC Spell Manager] ElementWrapper CONSTRUCTOR: Wrapping 'Spell' (ID:8403) with customName='体力恢复 (SpHeal)', sourceType=Learned, vBase=1, vPotential=15
[NPC Spell Manager] DisplayName DEBUG: alias='hand_Fire', baseName='火焰之手', sourceType=Learned
[NPC Spell Manager] GetDistinguishingSuffix: baseName='火焰之手', alias='hand_Fire'
[NPC Spell Manager] Using suffix: baseName='火焰之手' != cleanAlias='hand_Fire'
[NPC Spell Manager] Generated DisplayName: '火焰之手 (hand_Fire)' (suffix: ' (hand_Fire)')
[NPC Spell Manager] ElementWrapper CONSTRUCTOR: Wrapping 'ActHand' (ID:50400) with customName='火焰之手 (hand_Fire)', sourceType=Learned, vBase=1, vPotential=47
[NPC Spell Manager] DisplayName DEBUG: alias='SpIdentify', baseName='鉴定', sourceType=Learned
[NPC Spell Manager] GetDistinguishingSuffix: baseName='鉴定', alias='SpIdentify'
[NPC Spell Manager] Using suffix: baseName='鉴定' != cleanAlias='SpIdentify'
[NPC Spell Manager] Generated DisplayName: '鉴定 (SpIdentify)' (suffix: ' (SpIdentify)')
[NPC Spell Manager] ElementWrapper CONSTRUCTOR: Wrapping 'Spell' (ID:8230) with customName='鉴定 (SpIdentify)', sourceType=Learned, vBase=2, vPotential=58
[NPC Spell Manager] DisplayName DEBUG: alias='ball_Lightning', baseName='雷电之球', sourceType=Learned
[NPC Spell Manager] GetDistinguishingSuffix: baseName='雷电之球', alias='ball_Lightning'
[NPC Spell Manager] Using suffix: baseName='雷电之球' != cleanAlias='ball_Lightning'
[NPC Spell Manager] Generated DisplayName: '雷电之球 (ball_Lightning)' (suffix: ' (ball_Lightning)')
[NPC Spell Manager] ElementWrapper CONSTRUCTOR: Wrapping 'ActBall' (ID:50102) with customName='雷电之球 (ball_Lightning)', sourceType=Learned, vBase=1, vPotential=74
[NPC Spell Manager] DisplayName DEBUG: alias='SpDarkness', baseName='暗之雾', sourceType=Learned
[NPC Spell Manager] GetDistinguishingSuffix: baseName='暗之雾', alias='SpDarkness'
[NPC Spell Manager] Using suffix: baseName='暗之雾' != cleanAlias='SpDarkness'
[NPC Spell Manager] Generated DisplayName: '暗之雾 (SpDarkness)' (suffix: ' (SpDarkness)')
[NPC Spell Manager] ElementWrapper CONSTRUCTOR: Wrapping 'Spell' (ID:8800) with customName='暗之雾 (SpDarkness)', sourceType=Learned, vBase=1, vPotential=203
[NPC Spell Manager] DisplayName DEBUG: alias='SpInvisibility', baseName='透明化', sourceType=Learned
[NPC Spell Manager] GetDistinguishingSuffix: baseName='透明化', alias='SpInvisibility'
[NPC Spell Manager] Using suffix: baseName='透明化' != cleanAlias='SpInvisibility'
[NPC Spell Manager] Generated DisplayName: '透明化 (SpInvisibility)' (suffix: ' (SpInvisibility)')
[NPC Spell Manager] ElementWrapper CONSTRUCTOR: Wrapping 'Spell' (ID:8775) with customName='透明化 (SpInvisibility)', sourceType=Learned, vBase=1, vPotential=35
[NPC Spell Manager] DisplayName DEBUG: alias='bolt_Acid', baseName='强酸光线', sourceType=Learned
[NPC Spell Manager] GetDistinguishingSuffix: baseName='强酸光线', alias='bolt_Acid'
[NPC Spell Manager] Using suffix: baseName='强酸光线' != cleanAlias='bolt_Acid'
[NPC Spell Manager] Generated DisplayName: '强酸光线 (bolt_Acid)' (suffix: ' (bolt_Acid)')
[NPC Spell Manager] ElementWrapper CONSTRUCTOR: Wrapping 'ActBolt' (ID:50313) with customName='强酸光线 (bolt_Acid)', sourceType=Learned, vBase=1, vPotential=46
[NPC Spell Manager] DisplayName DEBUG: alias='bolt_Nether', baseName='死亡光线', sourceType=Learned
[NPC Spell Manager] GetDistinguishingSuffix: baseName='死亡光线', alias='bolt_Nether'
[NPC Spell Manager] Using suffix: baseName='死亡光线' != cleanAlias='bolt_Nether'
[NPC Spell Manager] Generated DisplayName: '死亡光线 (bolt_Nether)' (suffix: ' (bolt_Nether)')
[NPC Spell Manager] ElementWrapper CONSTRUCTOR: Wrapping 'ActBolt' (ID:50306) with customName='死亡光线 (bolt_Nether)', sourceType=Learned, vBase=1, vPotential=105
[NPC Spell Manager] DisplayName DEBUG: alias='arrow_Acid', baseName='强酸之箭', sourceType=Learned
[NPC Spell Manager] GetDistinguishingSuffix: baseName='强酸之箭', alias='arrow_Acid'
[NPC Spell Manager] Using suffix: baseName='强酸之箭' != cleanAlias='arrow_Acid'
[NPC Spell Manager] Generated DisplayName: '强酸之箭 (arrow_Acid)' (suffix: ' (arrow_Acid)')
[NPC Spell Manager] ElementWrapper CONSTRUCTOR: Wrapping 'ActArrow' (ID:50513) with customName='强酸之箭 (arrow_Acid)', sourceType=Learned, vBase=1, vPotential=27
[NPC Spell Manager] DisplayName DEBUG: alias='SpSpeedUp', baseName='加速', sourceType=Learned
[NPC Spell Manager] GetDistinguishingSuffix: baseName='加速', alias='SpSpeedUp'
[NPC Spell Manager] Using suffix: baseName='加速' != cleanAlias='SpSpeedUp'
[NPC Spell Manager] Generated DisplayName: '加速 (SpSpeedUp)' (suffix: ' (SpSpeedUp)')
[NPC Spell Manager] ElementWrapper CONSTRUCTOR: Wrapping 'Spell' (ID:8510) with customName='加速 (SpSpeedUp)', sourceType=Learned, vBase=1, vPotential=77
[NPC Spell Manager] DisplayName DEBUG: alias='hand_Nether', baseName='死亡之手', sourceType=Learned
[NPC Spell Manager] GetDistinguishingSuffix: baseName='死亡之手', alias='hand_Nether'
[NPC Spell Manager] Using suffix: baseName='死亡之手' != cleanAlias='hand_Nether'
[NPC Spell Manager] Generated DisplayName: '死亡之手 (hand_Nether)' (suffix: ' (hand_Nether)')
[NPC Spell Manager] ElementWrapper CONSTRUCTOR: Wrapping 'ActHand' (ID:50406) with customName='死亡之手 (hand_Nether)', sourceType=Learned, vBase=1, vPotential=13
[NPC Spell Manager] DisplayName DEBUG: alias='SpGravity', baseName='重力场', sourceType=Learned
[NPC Spell Manager] GetDistinguishingSuffix: baseName='重力场', alias='SpGravity'
[NPC Spell Manager] Using suffix: baseName='重力场' != cleanAlias='SpGravity'
[NPC Spell Manager] Generated DisplayName: '重力场 (SpGravity)' (suffix: ' (SpGravity)')
[NPC Spell Manager] ElementWrapper CONSTRUCTOR: Wrapping 'Spell' (ID:8708) with customName='重力场 (SpGravity)', sourceType=Learned, vBase=1, vPotential=60
[NPC Spell Manager] DisplayName DEBUG: alias='arrow_Nerve', baseName='神经之箭', sourceType=Learned
[NPC Spell Manager] GetDistinguishingSuffix: baseName='神经之箭', alias='arrow_Nerve'
[NPC Spell Manager] Using suffix: baseName='神经之箭' != cleanAlias='arrow_Nerve'
[NPC Spell Manager] Generated DisplayName: '神经之箭 (arrow_Nerve)' (suffix: ' (arrow_Nerve)')
[NPC Spell Manager] ElementWrapper CONSTRUCTOR: Wrapping 'ActArrow' (ID:50508) with customName='神经之箭 (arrow_Nerve)', sourceType=Learned, vBase=1, vPotential=154
[NPC Spell Manager] DisplayName DEBUG: alias='ball_Sound', baseName='轰鸣之球', sourceType=Learned
[NPC Spell Manager] GetDistinguishingSuffix: baseName='轰鸣之球', alias='ball_Sound'
[NPC Spell Manager] Using suffix: baseName='轰鸣之球' != cleanAlias='ball_Sound'
[NPC Spell Manager] Generated DisplayName: '轰鸣之球 (ball_Sound)' (suffix: ' (ball_Sound)')
[NPC Spell Manager] ElementWrapper CONSTRUCTOR: Wrapping 'ActBall' (ID:50107) with customName='轰鸣之球 (ball_Sound)', sourceType=Learned, vBase=1, vPotential=51
[NPC Spell Manager] DisplayName DEBUG: alias='bolt_Mind', baseName='疯狂光线', sourceType=Learned
[NPC Spell Manager] GetDistinguishingSuffix: baseName='疯狂光线', alias='bolt_Mind'
[NPC Spell Manager] Using suffix: baseName='疯狂光线' != cleanAlias='bolt_Mind'
[NPC Spell Manager] Generated DisplayName: '疯狂光线 (bolt_Mind)' (suffix: ' (bolt_Mind)')
[NPC Spell Manager] ElementWrapper CONSTRUCTOR: Wrapping 'ActBolt' (ID:50304) with customName='疯狂光线 (bolt_Mind)', sourceType=Learned, vBase=1, vPotential=73
[NPC Spell Manager] DisplayName DEBUG: alias='SpHealEris', baseName='《爱丽丝》的治愈', sourceType=Learned
[NPC Spell Manager] GetDistinguishingSuffix: baseName='《爱丽丝》的治愈', alias='SpHealEris'
[NPC Spell Manager] Using suffix: baseName='《爱丽丝》的治愈' != cleanAlias='SpHealEris'
[NPC Spell Manager] Generated DisplayName: '《爱丽丝》的治愈 (SpHealEris)' (suffix: ' (SpHealEris)')
[NPC Spell Manager] ElementWrapper CONSTRUCTOR: Wrapping 'Spell' (ID:8404) with customName='《爱丽丝》的治愈 (SpHealEris)', sourceType=Learned, vBase=1, vPotential=58
[NPC Spell Manager] DisplayName DEBUG: alias='SpSummonUndeadSister', baseName='召唤不死妹妹', sourceType=Learned
[NPC Spell Manager] GetDistinguishingSuffix: baseName='召唤不死妹妹', alias='SpSummonUndeadSister'
[NPC Spell Manager] Using suffix: baseName='召唤不死妹妹' != cleanAlias='SpSummonUndeadSister'
[NPC Spell Manager] Generated DisplayName: '召唤不死妹妹 (SpSummonUndeadSister)' (suffix: ' (SpSummonUndeadSister)')
[NPC Spell Manager] ElementWrapper CONSTRUCTOR: Wrapping 'Spell' (ID:9001) with customName='召唤不死妹妹 (SpSummonUndeadSister)', sourceType=Learned, vBase=1, vPotential=59
[NPC Spell Manager] DisplayName DEBUG: alias='SpIncognito', baseName='乔装', sourceType=Learned
[NPC Spell Manager] GetDistinguishingSuffix: baseName='乔装', alias='SpIncognito'
[NPC Spell Manager] Using suffix: baseName='乔装' != cleanAlias='SpIncognito'
[NPC Spell Manager] Generated DisplayName: '乔装 (SpIncognito)' (suffix: ' (SpIncognito)')
[NPC Spell Manager] ElementWrapper CONSTRUCTOR: Wrapping 'Spell' (ID:8780) with customName='乔装 (SpIncognito)', sourceType=Learned, vBase=1, vPotential=79
[NPC Spell Manager] DisplayName DEBUG: alias='SpTransmuteBroom', baseName='扫帚变形', sourceType=Learned
[NPC Spell Manager] GetDistinguishingSuffix: baseName='扫帚变形', alias='SpTransmuteBroom'
[NPC Spell Manager] Using suffix: baseName='扫帚变形' != cleanAlias='SpTransmuteBroom'
[NPC Spell Manager] Generated DisplayName: '扫帚变形 (SpTransmuteBroom)' (suffix: ' (SpTransmuteBroom)')
[NPC Spell Manager] ElementWrapper CONSTRUCTOR: Wrapping 'Spell' (ID:8790) with customName='扫帚变形 (SpTransmuteBroom)', sourceType=Learned, vBase=1, vPotential=26
[NPC Spell Manager] DisplayName DEBUG: alias='bolt_Nerve', baseName='神经光线', sourceType=Learned
[NPC Spell Manager] GetDistinguishingSuffix: baseName='神经光线', alias='bolt_Nerve'
[NPC Spell Manager] Using suffix: baseName='神经光线' != cleanAlias='bolt_Nerve'
[NPC Spell Manager] Generated DisplayName: '神经光线 (bolt_Nerve)' (suffix: ' (bolt_Nerve)')
[NPC Spell Manager] ElementWrapper CONSTRUCTOR: Wrapping 'ActBolt' (ID:50308) with customName='神经光线 (bolt_Nerve)', sourceType=Learned, vBase=1, vPotential=17
[NPC Spell Manager] DisplayName DEBUG: alias='bolt_Lightning', baseName='雷电光线', sourceType=Learned
[NPC Spell Manager] GetDistinguishingSuffix: baseName='雷电光线', alias='bolt_Lightning'
[NPC Spell Manager] Using suffix: baseName='雷电光线' != cleanAlias='bolt_Lightning'
[NPC Spell Manager] Generated DisplayName: '雷电光线 (bolt_Lightning)' (suffix: ' (bolt_Lightning)')
[NPC Spell Manager] ElementWrapper CONSTRUCTOR: Wrapping 'ActBolt' (ID:50302) with customName='雷电光线 (bolt_Lightning)', sourceType=Learned, vBase=1, vPotential=9
[NPC Spell Manager] DisplayName DEBUG: alias='hand_Mind', baseName='疯狂之手', sourceType=Learned
[NPC Spell Manager] GetDistinguishingSuffix: baseName='疯狂之手', alias='hand_Mind'
[NPC Spell Manager] Using suffix: baseName='疯狂之手' != cleanAlias='hand_Mind'
[NPC Spell Manager] Generated DisplayName: '疯狂之手 (hand_Mind)' (suffix: ' (hand_Mind)')
[NPC Spell Manager] ElementWrapper CONSTRUCTOR: Wrapping 'ActHand' (ID:50404) with customName='疯狂之手 (hand_Mind)', sourceType=Learned, vBase=1, vPotential=57
[NPC Spell Manager] DisplayName DEBUG: alias='miasma_Cut', baseName='鲜血瘴气', sourceType=Learned
[NPC Spell Manager] GetDistinguishingSuffix: baseName='鲜血瘴气', alias='miasma_Cut'
[NPC Spell Manager] Using suffix: baseName='鲜血瘴气' != cleanAlias='miasma_Cut'
[NPC Spell Manager] Generated DisplayName: '鲜血瘴气 (miasma_Cut)' (suffix: ' (miasma_Cut)')
[NPC Spell Manager] ElementWrapper CONSTRUCTOR: Wrapping 'ActMiasma' (ID:50714) with customName='鲜血瘴气 (miasma_Cut)', sourceType=Learned, vBase=1, vPotential=13
[NPC Spell Manager] DisplayName DEBUG: alias='SpMoonSpear', baseName='月夜之枪', sourceType=Learned
[NPC Spell Manager] GetDistinguishingSuffix: baseName='月夜之枪', alias='SpMoonSpear'
[NPC Spell Manager] Using suffix: baseName='月夜之枪' != cleanAlias='SpMoonSpear'
[NPC Spell Manager] Generated DisplayName: '月夜之枪 (SpMoonSpear)' (suffix: ' (SpMoonSpear)')
[NPC Spell Manager] ElementWrapper CONSTRUCTOR: Wrapping 'ActArrow' (ID:9155) with customName='月夜之枪 (SpMoonSpear)', sourceType=Learned, vBase=1, vPotential=2
[NPC Spell Manager] DisplayName DEBUG: alias='sword_Darkness', baseName='黑暗之剑', sourceType=Learned
[NPC Spell Manager] GetDistinguishingSuffix: baseName='黑暗之剑', alias='sword_Darkness'
[NPC Spell Manager] Using suffix: baseName='黑暗之剑' != cleanAlias='sword_Darkness'
[NPC Spell Manager] Generated DisplayName: '黑暗之剑 (sword_Darkness)' (suffix: ' (sword_Darkness)')
[NPC Spell Manager] ElementWrapper CONSTRUCTOR: Wrapping 'ActSword' (ID:51003) with customName='黑暗之剑 (sword_Darkness)', sourceType=Learned, vBase=1, vPotential=153
[NPC Spell Manager] DisplayName DEBUG: alias='sword_Poison', baseName='剧毒之剑', sourceType=Learned
[NPC Spell Manager] GetDistinguishingSuffix: baseName='剧毒之剑', alias='sword_Poison'
[NPC Spell Manager] Using suffix: baseName='剧毒之剑' != cleanAlias='sword_Poison'
[NPC Spell Manager] Generated DisplayName: '剧毒之剑 (sword_Poison)' (suffix: ' (sword_Poison)')
[NPC Spell Manager] ElementWrapper CONSTRUCTOR: Wrapping 'ActSword' (ID:51005) with customName='剧毒之剑 (sword_Poison)', sourceType=Learned, vBase=1, vPotential=16
[NPC Spell Manager] DisplayName DEBUG: alias='SpSummonShubKid', baseName='召唤子嗣', sourceType=Learned
[NPC Spell Manager] GetDistinguishingSuffix: baseName='召唤子嗣', alias='SpSummonShubKid'
[NPC Spell Manager] Using suffix: baseName='召唤子嗣' != cleanAlias='SpSummonShubKid'
[NPC Spell Manager] Generated DisplayName: '召唤子嗣 (SpSummonShubKid)' (suffix: ' (SpSummonShubKid)')
[NPC Spell Manager] ElementWrapper CONSTRUCTOR: Wrapping 'Spell' (ID:9010) with customName='召唤子嗣 (SpSummonShubKid)', sourceType=Learned, vBase=0, vPotential=0
[NPCSpellManager] Spells tab returning 77 non-null elements for 最棒的紫色「霊の魂」
[NPCSpellManager] onInstantiate called:
[NPCSpellManager]   Element e: NOT NULL
[NPCSpellManager]   YKHorizontal l: NOT NULL
[NPCSpellManager]   Element type: ElementWrapper
[NPCSpellManager]   Element id: 50503
[NPCSpellManager]   ShortName: '黑暗之箭 (arrow_Darkness)'
[NPCSpellManager]   vBase: 9
[NPCSpellManager] onInstantiate DISPLAY LOGIC: isSpell = True, e.vPotential = 11828
[NPCSpellManager] onInstantiate CHARGE DISPLAY: Using charge format for '黑暗之箭 (arrow_Darkness)' -> '黑暗之箭 (arrow_Darkness) (9, v11828)'
[NPCSpellManager]   Final displayText: '黑暗之箭 (arrow_Darkness) (9, v11828)'
[NPCSpellManager] onInstantiate called:
[NPCSpellManager]   Element e: NOT NULL
[NPCSpellManager]   YKHorizontal l: NOT NULL
[NPCSpellManager]   Element type: ElementWrapper
[NPCSpellManager]   Element id: 50505
[NPCSpellManager]   ShortName: '剧毒之箭 (arrow_Poison)'
[NPCSpellManager]   vBase: 13
[NPCSpellManager] onInstantiate DISPLAY LOGIC: isSpell = True, e.vPotential = 11694
[NPCSpellManager] onInstantiate CHARGE DISPLAY: Using charge format for '剧毒之箭 (arrow_Poison)' -> '剧毒之箭 (arrow_Poison) (13, v11694)'
[NPCSpellManager]   Final displayText: '剧毒之箭 (arrow_Poison) (13, v11694)'
[NPCSpellManager] onInstantiate called:
[NPCSpellManager]   Element e: NOT NULL
[NPCSpellManager]   YKHorizontal l: NOT NULL
[NPCSpellManager]   Element type: ElementWrapper
[NPCSpellManager]   Element id: 8702
[NPCSpellManager]   ShortName: '脆弱 (SpWeakness)'
[NPCSpellManager]   vBase: 1
[NPCSpellManager] onInstantiate DISPLAY LOGIC: isSpell = True, e.vPotential = 460
[NPCSpellManager] onInstantiate CHARGE DISPLAY: Using charge format for '脆弱 (SpWeakness)' -> '脆弱 (SpWeakness) (1, v460)'
[NPCSpellManager]   Final displayText: '脆弱 (SpWeakness) (1, v460)'
[NPCSpellManager] onInstantiate called:
[NPCSpellManager]   Element e: NOT NULL
[NPCSpellManager]   YKHorizontal l: NOT NULL
[NPCSpellManager]   Element type: ElementWrapper
[NPCSpellManager]   Element id: 50310
[NPCSpellManager]   ShortName: '混乱光线 (bolt_Chaos)'
[NPCSpellManager]   vBase: 2
[NPCSpellManager] onInstantiate DISPLAY LOGIC: isSpell = True, e.vPotential = 2977
[NPCSpellManager] onInstantiate CHARGE DISPLAY: Using charge format for '混乱光线 (bolt_Chaos)' -> '混乱光线 (bolt_Chaos) (2, v2977)'
[NPCSpellManager]   Final displayText: '混乱光线 (bolt_Chaos) (2, v2977)'
[NPCSpellManager] onInstantiate called:
[NPCSpellManager]   Element e: NOT NULL
[NPCSpellManager]   YKHorizontal l: NOT NULL
[NPCSpellManager]   Element type: ElementWrapper
[NPCSpellManager]   Element id: 50511
[NPCSpellManager]   ShortName: '魔力之箭 (arrow_Magic)'
[NPCSpellManager]   vBase: 2
[NPCSpellManager] onInstantiate DISPLAY LOGIC: isSpell = True, e.vPotential = 458
[NPCSpellManager] onInstantiate CHARGE DISPLAY: Using charge format for '魔力之箭 (arrow_Magic)' -> '魔力之箭 (arrow_Magic) (2, v458)'
[NPCSpellManager]   Final displayText: '魔力之箭 (arrow_Magic) (2, v458)'
[NPCSpellManager] onInstantiate called:
[NPCSpellManager]   Element e: NOT NULL
[NPCSpellManager]   YKHorizontal l: NOT NULL
[NPCSpellManager]   Element type: ElementWrapper
[NPCSpellManager]   Element id: 8504
[NPCSpellManager]   ShortName: '英勇 (SpHero)'
[NPCSpellManager]   vBase: 3
[NPCSpellManager] onInstantiate DISPLAY LOGIC: isSpell = True, e.vPotential = 560
[NPCSpellManager] onInstantiate CHARGE DISPLAY: Using charge format for '英勇 (SpHero)' -> '英勇 (SpHero) (3, v560)'
[NPCSpellManager]   Final displayText: '英勇 (SpHero) (3, v560)'
[NPCSpellManager] onInstantiate called:
[NPCSpellManager]   Element e: NOT NULL
[NPCSpellManager]   YKHorizontal l: NOT NULL
[NPCSpellManager]   Element type: ElementWrapper
[NPCSpellManager]   Element id: 8400
[NPCSpellManager]   ShortName: '轻伤治疗 (SpHealLight)'
[NPCSpellManager]   vBase: 8
[NPCSpellManager] onInstantiate DISPLAY LOGIC: isSpell = True, e.vPotential = 967
[NPCSpellManager] onInstantiate CHARGE DISPLAY: Using charge format for '轻伤治疗 (SpHealLight)' -> '轻伤治疗 (SpHealLight) (8, v967)'
[NPCSpellManager]   Final displayText: '轻伤治疗 (SpHealLight) (8, v967)'
[NPCSpellManager] onInstantiate called:
[NPCSpellManager]   Element e: NOT NULL
[NPCSpellManager]   YKHorizontal l: NOT NULL
[NPCSpellManager]   Element type: ElementWrapper
[NPCSpellManager]   Element id: 50501
[NPCSpellManager]   ShortName: '寒冰之箭 (arrow_Cold)'
[NPCSpellManager]   vBase: 1
[NPCSpellManager] onInstantiate DISPLAY LOGIC: isSpell = True, e.vPotential = 415
[NPCSpellManager] onInstantiate CHARGE DISPLAY: Using charge format for '寒冰之箭 (arrow_Cold)' -> '寒冰之箭 (arrow_Cold) (1, v415)'
[NPCSpellManager]   Final displayText: '寒冰之箭 (arrow_Cold) (1, v415)'
[NPCSpellManager] onInstantiate called:
[NPCSpellManager]   Element e: NOT NULL
[NPCSpellManager]   YKHorizontal l: NOT NULL
[NPCSpellManager]   Element type: ElementWrapper
[NPCSpellManager]   Element id: 50303
[NPCSpellManager]   ShortName: '黑暗光线 (bolt_Darkness)'
[NPCSpellManager]   vBase: 1
[NPCSpellManager] onInstantiate DISPLAY LOGIC: isSpell = True, e.vPotential = 2855
[NPCSpellManager] onInstantiate CHARGE DISPLAY: Using charge format for '黑暗光线 (bolt_Darkness)' -> '黑暗光线 (bolt_Darkness) (1, v2855)'
[NPCSpellManager]   Final displayText: '黑暗光线 (bolt_Darkness) (1, v2855)'
[NPCSpellManager] onInstantiate called:
[NPCSpellManager]   Element e: NOT NULL
[NPCSpellManager]   YKHorizontal l: NOT NULL
[NPCSpellManager]   Element type: ElementWrapper
[NPCSpellManager]   Element id: 50414
[NPCSpellManager]   ShortName: '鲜血之手 (hand_Cut)'
[NPCSpellManager]   vBase: 1
[NPCSpellManager] onInstantiate DISPLAY LOGIC: isSpell = True, e.vPotential = 173
[NPCSpellManager] onInstantiate CHARGE DISPLAY: Using charge format for '鲜血之手 (hand_Cut)' -> '鲜血之手 (hand_Cut) (1, v173)'
[NPCSpellManager]   Final displayText: '鲜血之手 (hand_Cut) (1, v173)'
[NPCSpellManager] onInstantiate called:
[NPCSpellManager]   Element e: NOT NULL
[NPCSpellManager]   YKHorizontal l: NOT NULL
[NPCSpellManager]   Element type: ElementWrapper
[NPCSpellManager]   Element id: 50703
[NPCSpellManager]   ShortName: '黑暗瘴气 (miasma_Darkness)'
[NPCSpellManager]   vBase: 1
[NPCSpellManager] onInstantiate DISPLAY LOGIC: isSpell = True, e.vPotential = 1848
[NPCSpellManager] onInstantiate CHARGE DISPLAY: Using charge format for '黑暗瘴气 (miasma_Darkness)' -> '黑暗瘴气 (miasma_Darkness) (1, v1848)'
[NPCSpellManager]   Final displayText: '黑暗瘴气 (miasma_Darkness) (1, v1848)'
[NPCSpellManager] onInstantiate called:
[NPCSpellManager]   Element e: NOT NULL
[NPCSpellManager]   YKHorizontal l: NOT NULL
[NPCSpellManager]   Element type: ElementWrapper
[NPCSpellManager]   Element id: 50803
[NPCSpellManager]   ShortName: '黑暗之歌 (weapon_Darkness)'
[NPCSpellManager]   vBase: 1
[NPCSpellManager] onInstantiate DISPLAY LOGIC: isSpell = True, e.vPotential = 795
[NPCSpellManager] onInstantiate CHARGE DISPLAY: Using charge format for '黑暗之歌 (weapon_Darkness)' -> '黑暗之歌 (weapon_Darkness) (1, v795)'
[NPCSpellManager]   Final displayText: '黑暗之歌 (weapon_Darkness) (1, v795)'
[NPCSpellManager] onInstantiate called:
[NPCSpellManager]   Element e: NOT NULL
[NPCSpellManager]   YKHorizontal l: NOT NULL
[NPCSpellManager]   Element type: ElementWrapper
[NPCSpellManager]   Element id: 8776
[NPCSpellManager]   ShortName: '看穿透明 (SpSeeInvisible)'
[NPCSpellManager]   vBase: 2
[NPCSpellManager] onInstantiate DISPLAY LOGIC: isSpell = True, e.vPotential = 347
[NPCSpellManager] onInstantiate CHARGE DISPLAY: Using charge format for '看穿透明 (SpSeeInvisible)' -> '看穿透明 (SpSeeInvisible) (2, v347)'
[NPCSpellManager]   Final displayText: '看穿透明 (SpSeeInvisible) (2, v347)'
[NPCSpellManager] onInstantiate called:
[NPCSpellManager]   Element e: NOT NULL
[NPCSpellManager]   YKHorizontal l: NOT NULL
[NPCSpellManager]   Element type: ElementWrapper
[NPCSpellManager]   Element id: 50110
[NPCSpellManager]   ShortName: '混乱之球 (ball_Chaos)'
[NPCSpellManager]   vBase: 1
[NPCSpellManager] onInstantiate DISPLAY LOGIC: isSpell = True, e.vPotential = 2134
[NPCSpellManager] onInstantiate CHARGE DISPLAY: Using charge format for '混乱之球 (ball_Chaos)' -> '混乱之球 (ball_Chaos) (1, v2134)'
[NPCSpellManager]   Final displayText: '混乱之球 (ball_Chaos) (1, v2134)'
[NPCSpellManager] onInstantiate called:
[NPCSpellManager]   Element e: NOT NULL
[NPCSpellManager]   YKHorizontal l: NOT NULL
[NPCSpellManager]   Element type: ElementWrapper
[NPCSpellManager]   Element id: 50105
[NPCSpellManager]   ShortName: '剧毒之球 (ball_Poison)'
[NPCSpellManager]   vBase: 1
[NPCSpellManager] onInstantiate DISPLAY LOGIC: isSpell = True, e.vPotential = 2255
[NPCSpellManager] onInstantiate CHARGE DISPLAY: Using charge format for '剧毒之球 (ball_Poison)' -> '剧毒之球 (ball_Poison) (1, v2255)'
[NPCSpellManager]   Final displayText: '剧毒之球 (ball_Poison) (1, v2255)'
[NPCSpellManager] onInstantiate called:
[NPCSpellManager]   Element e: NOT NULL
[NPCSpellManager]   YKHorizontal l: NOT NULL
[NPCSpellManager]   Element type: ElementWrapper
[NPCSpellManager]   Element id: 8450
[NPCSpellManager]   ShortName: '自然的拥抱 (SpHOT)'
[NPCSpellManager]   vBase: 5
[NPCSpellManager] onInstantiate DISPLAY LOGIC: isSpell = True, e.vPotential = 426
[NPCSpellManager] onInstantiate CHARGE DISPLAY: Using charge format for '自然的拥抱 (SpHOT)' -> '自然的拥抱 (SpHOT) (5, v426)'
[NPCSpellManager]   Final displayText: '自然的拥抱 (SpHOT) (5, v426)'
[NPCSpellManager] onInstantiate called:
[NPCSpellManager]   Element e: NOT NULL
[NPCSpellManager]   YKHorizontal l: NOT NULL
[NPCSpellManager]   Element type: ElementWrapper
[NPCSpellManager]   Element id: 8240
[NPCSpellManager]   ShortName: '解咒 (SpUncurse)'
[NPCSpellManager]   vBase: 1
[NPCSpellManager] onInstantiate DISPLAY LOGIC: isSpell = True, e.vPotential = 97
[NPCSpellManager] onInstantiate CHARGE DISPLAY: Using charge format for '解咒 (SpUncurse)' -> '解咒 (SpUncurse) (1, v97)'
[NPCSpellManager]   Final displayText: '解咒 (SpUncurse) (1, v97)'
[NPCSpellManager] onInstantiate called:
[NPCSpellManager]   Element e: NOT NULL
[NPCSpellManager]   YKHorizontal l: NOT NULL
[NPCSpellManager]   Element type: ElementWrapper
[NPCSpellManager]   Element id: 8503
[NPCSpellManager]   ShortName: '智者 (SpWisdom)'
[NPCSpellManager]   vBase: 1
[NPCSpellManager] onInstantiate DISPLAY LOGIC: isSpell = True, e.vPotential = 152
[NPCSpellManager] onInstantiate CHARGE DISPLAY: Using charge format for '智者 (SpWisdom)' -> '智者 (SpWisdom) (1, v152)'
[NPCSpellManager]   Final displayText: '智者 (SpWisdom) (1, v152)'
[NPCSpellManager] onInstantiate called:
[NPCSpellManager]   Element e: NOT NULL
[NPCSpellManager]   YKHorizontal l: NOT NULL
[NPCSpellManager]   Element type: ElementWrapper
[NPCSpellManager]   Element id: 8260
[NPCSpellManager]   ShortName: '魔法地图 (SpMagicMap)'
[NPCSpellManager]   vBase: 15
[NPCSpellManager] onInstantiate DISPLAY LOGIC: isSpell = True, e.vPotential = 296
[NPCSpellManager] onInstantiate CHARGE DISPLAY: Using charge format for '魔法地图 (SpMagicMap)' -> '魔法地图 (SpMagicMap) (15, v296)'
[NPCSpellManager]   Final displayText: '魔法地图 (SpMagicMap) (15, v296)'
[NPCSpellManager] onInstantiate called:
[NPCSpellManager]   Element e: NOT NULL
[NPCSpellManager]   YKHorizontal l: NOT NULL
[NPCSpellManager]   Element type: ElementWrapper
[NPCSpellManager]   Element id: 8221
[NPCSpellManager]   ShortName: '脱离 (SpEvac)'
[NPCSpellManager]   vBase: 1
[NPCSpellManager] onInstantiate DISPLAY LOGIC: isSpell = True, e.vPotential = 177
[NPCSpellManager] onInstantiate CHARGE DISPLAY: Using charge format for '脱离 (SpEvac)' -> '脱离 (SpEvac) (1, v177)'
[NPCSpellManager]   Final displayText: '脱离 (SpEvac) (1, v177)'
[NPCSpellManager] onInstantiate called:
[NPCSpellManager]   Element e: NOT NULL
[NPCSpellManager]   YKHorizontal l: NOT NULL
[NPCSpellManager]   Element type: ElementWrapper
[NPCSpellManager]   Element id: 50705
[NPCSpellManager]   ShortName: '剧毒瘴气 (miasma_Poison)'
[NPCSpellManager]   vBase: 1
[NPCSpellManager] onInstantiate DISPLAY LOGIC: isSpell = True, e.vPotential = 1931
[NPCSpellManager] onInstantiate CHARGE DISPLAY: Using charge format for '剧毒瘴气 (miasma_Poison)' -> '剧毒瘴气 (miasma_Poison) (1, v1931)'
[NPCSpellManager]   Final displayText: '剧毒瘴气 (miasma_Poison) (1, v1931)'
[NPCSpellManager] onInstantiate called:
[NPCSpellManager]   Element e: NOT NULL
[NPCSpellManager]   YKHorizontal l: NOT NULL
[NPCSpellManager]   Element type: ElementWrapper
[NPCSpellManager]   Element id: 8700
[NPCSpellManager]   ShortName: '沉默 (SpSilence)'
[NPCSpellManager]   vBase: 1
[NPCSpellManager] onInstantiate DISPLAY LOGIC: isSpell = True, e.vPotential = 187
[NPCSpellManager] onInstantiate CHARGE DISPLAY: Using charge format for '沉默 (SpSilence)' -> '沉默 (SpSilence) (1, v187)'
[NPCSpellManager]   Final displayText: '沉默 (SpSilence) (1, v187)'
[NPCSpellManager] onInstantiate called:
[NPCSpellManager]   Element e: NOT NULL
[NPCSpellManager]   YKHorizontal l: NOT NULL
[NPCSpellManager]   Element type: ElementWrapper
[NPCSpellManager]   Element id: 9000
[NPCSpellManager]   ShortName: '召唤动物 (SpSummon)'
[NPCSpellManager]   vBase: 1
[NPCSpellManager] onInstantiate DISPLAY LOGIC: isSpell = True, e.vPotential = 182
[NPCSpellManager] onInstantiate CHARGE DISPLAY: Using charge format for '召唤动物 (SpSummon)' -> '召唤动物 (SpSummon) (1, v182)'
[NPCSpellManager]   Final displayText: '召唤动物 (SpSummon) (1, v182)'
[NPCSpellManager] onInstantiate called:
[NPCSpellManager]   Element e: NOT NULL
[NPCSpellManager]   YKHorizontal l: NOT NULL
[NPCSpellManager]   Element type: ElementWrapper
[NPCSpellManager]   Element id: 8501
[NPCSpellManager]   ShortName: '猫眼 (SpCatsEye)'
[NPCSpellManager]   vBase: 1
[NPCSpellManager] onInstantiate DISPLAY LOGIC: isSpell = True, e.vPotential = 361
[NPCSpellManager] onInstantiate CHARGE DISPLAY: Using charge format for '猫眼 (SpCatsEye)' -> '猫眼 (SpCatsEye) (1, v361)'
[NPCSpellManager]   Final displayText: '猫眼 (SpCatsEye) (1, v361)'
[NPCSpellManager] onInstantiate called:
[NPCSpellManager]   Element e: NOT NULL
[NPCSpellManager]   YKHorizontal l: NOT NULL
[NPCSpellManager]   Element type: ElementWrapper
[NPCSpellManager]   Element id: 50610
[NPCSpellManager]   ShortName: '混乱具象 (funnel_Chaos)'
[NPCSpellManager]   vBase: 1
[NPCSpellManager] onInstantiate DISPLAY LOGIC: isSpell = True, e.vPotential = 301
[NPCSpellManager] onInstantiate CHARGE DISPLAY: Using charge format for '混乱具象 (funnel_Chaos)' -> '混乱具象 (funnel_Chaos) (1, v301)'
[NPCSpellManager]   Final displayText: '混乱具象 (funnel_Chaos) (1, v301)'
[NPCSpellManager] onInstantiate called:
[NPCSpellManager]   Element e: NOT NULL
[NPCSpellManager]   YKHorizontal l: NOT NULL
[NPCSpellManager]   Element type: ElementWrapper
[NPCSpellManager]   Element id: 50810
[NPCSpellManager]   ShortName: '混乱之歌 (weapon_Chaos)'
[NPCSpellManager]   vBase: 1
[NPCSpellManager] onInstantiate DISPLAY LOGIC: isSpell = True, e.vPotential = 899
[NPCSpellManager] onInstantiate CHARGE DISPLAY: Using charge format for '混乱之歌 (weapon_Chaos)' -> '混乱之歌 (weapon_Chaos) (1, v899)'
[NPCSpellManager]   Final displayText: '混乱之歌 (weapon_Chaos) (1, v899)'
[NPCSpellManager] onInstantiate called:
[NPCSpellManager]   Element e: NOT NULL
[NPCSpellManager]   YKHorizontal l: NOT NULL
[NPCSpellManager]   Element type: ElementWrapper
[NPCSpellManager]   Element id: 8470
[NPCSpellManager]   ShortName: '肉体复苏 (SpRestoreBody)'
[NPCSpellManager]   vBase: 1
[NPCSpellManager] onInstantiate DISPLAY LOGIC: isSpell = True, e.vPotential = 426
[NPCSpellManager] onInstantiate CHARGE DISPLAY: Using charge format for '肉体复苏 (SpRestoreBody)' -> '肉体复苏 (SpRestoreBody) (1, v426)'
[NPCSpellManager]   Final displayText: '肉体复苏 (SpRestoreBody) (1, v426)'
[NPCSpellManager] onInstantiate called:
[NPCSpellManager]   Element e: NOT NULL
[NPCSpellManager]   YKHorizontal l: NOT NULL
[NPCSpellManager]   Element type: ElementWrapper
[NPCSpellManager]   Element id: 9200
[NPCSpellManager]   ShortName: '破咒 (SpShutterHex)'
[NPCSpellManager]   vBase: 1
[NPCSpellManager] onInstantiate DISPLAY LOGIC: isSpell = True, e.vPotential = 200
[NPCSpellManager] onInstantiate CHARGE DISPLAY: Using charge format for '破咒 (SpShutterHex)' -> '破咒 (SpShutterHex) (1, v200)'
[NPCSpellManager]   Final displayText: '破咒 (SpShutterHex) (1, v200)'
[NPCSpellManager] onInstantiate called:
[NPCSpellManager]   Element e: NOT NULL
[NPCSpellManager]   YKHorizontal l: NOT NULL
[NPCSpellManager]   Element type: ElementWrapper
[NPCSpellManager]   Element id: 8471
[NPCSpellManager]   ShortName: '精神复苏 (SpRestoreMind)'
[NPCSpellManager]   vBase: 1
[NPCSpellManager] onInstantiate DISPLAY LOGIC: isSpell = True, e.vPotential = 208
[NPCSpellManager] onInstantiate CHARGE DISPLAY: Using charge format for '精神复苏 (SpRestoreMind)' -> '精神复苏 (SpRestoreMind) (1, v208)'
[NPCSpellManager]   Final displayText: '精神复苏 (SpRestoreMind) (1, v208)'
[NPCSpellManager] onInstantiate called:
[NPCSpellManager]   Element e: NOT NULL
[NPCSpellManager]   YKHorizontal l: NOT NULL
[NPCSpellManager]   Element type: ElementWrapper
[NPCSpellManager]   Element id: 8220
[NPCSpellManager]   ShortName: '归还 (SpReturn)'
[NPCSpellManager]   vBase: 1
[NPCSpellManager] onInstantiate DISPLAY LOGIC: isSpell = True, e.vPotential = 124
[NPCSpellManager] onInstantiate CHARGE DISPLAY: Using charge format for '归还 (SpReturn)' -> '归还 (SpReturn) (1, v124)'
[NPCSpellManager]   Final displayText: '归还 (SpReturn) (1, v124)'
[NPCSpellManager] onInstantiate called:
[NPCSpellManager]   Element e: NOT NULL
[NPCSpellManager]   YKHorizontal l: NOT NULL
[NPCSpellManager]   Element type: ElementWrapper
[NPCSpellManager]   Element id: 9050
[NPCSpellManager]   ShortName: '召唤阴影 (SpSummonShadow)'
[NPCSpellManager]   vBase: 1
[NPCSpellManager] onInstantiate DISPLAY LOGIC: isSpell = True, e.vPotential = 94
[NPCSpellManager] onInstantiate CHARGE DISPLAY: Using charge format for '召唤阴影 (SpSummonShadow)' -> '召唤阴影 (SpSummonShadow) (1, v94)'
[NPCSpellManager]   Final displayText: '召唤阴影 (SpSummonShadow) (1, v94)'
[NPCSpellManager] onInstantiate called:
[NPCSpellManager]   Element e: NOT NULL
[NPCSpellManager]   YKHorizontal l: NOT NULL
[NPCSpellManager]   Element type: ElementWrapper
[NPCSpellManager]   Element id: 8200
[NPCSpellManager]   ShortName: '传送 (SpTeleport)'
[NPCSpellManager]   vBase: 3
[NPCSpellManager] onInstantiate DISPLAY LOGIC: isSpell = True, e.vPotential = 162
[NPCSpellManager] onInstantiate CHARGE DISPLAY: Using charge format for '传送 (SpTeleport)' -> '传送 (SpTeleport) (3, v162)'
[NPCSpellManager]   Final displayText: '传送 (SpTeleport) (3, v162)'
[NPCSpellManager] onInstantiate called:
[NPCSpellManager]   Element e: NOT NULL
[NPCSpellManager]   YKHorizontal l: NOT NULL
[NPCSpellManager]   Element type: ElementWrapper
[NPCSpellManager]   Element id: 50409
[NPCSpellManager]   ShortName: '圣光之手 (hand_Holy)'
[NPCSpellManager]   vBase: 1
[NPCSpellManager] onInstantiate DISPLAY LOGIC: isSpell = True, e.vPotential = 22
[NPCSpellManager] onInstantiate CHARGE DISPLAY: Using charge format for '圣光之手 (hand_Holy)' -> '圣光之手 (hand_Holy) (1, v22)'
[NPCSpellManager]   Final displayText: '圣光之手 (hand_Holy) (1, v22)'
[NPCSpellManager] onInstantiate called:
[NPCSpellManager]   Element e: NOT NULL
[NPCSpellManager]   YKHorizontal l: NOT NULL
[NPCSpellManager]   Element type: ElementWrapper
[NPCSpellManager]   Element id: 8506
[NPCSpellManager]   ShortName: '元素保护 (SpResEle)'
[NPCSpellManager]   vBase: 1
[NPCSpellManager] onInstantiate DISPLAY LOGIC: isSpell = True, e.vPotential = 329
[NPCSpellManager] onInstantiate CHARGE DISPLAY: Using charge format for '元素保护 (SpResEle)' -> '元素保护 (SpResEle) (1, v329)'
[NPCSpellManager]   Final displayText: '元素保护 (SpResEle) (1, v329)'
[NPCSpellManager] onInstantiate called:
[NPCSpellManager]   Element e: NOT NULL
[NPCSpellManager]   YKHorizontal l: NOT NULL
[NPCSpellManager]   Element type: ElementWrapper
[NPCSpellManager]   Element id: 8201
[NPCSpellManager]   ShortName: '短距离传送 (SpTeleportShort)'
[NPCSpellManager]   vBase: 1
[NPCSpellManager] onInstantiate DISPLAY LOGIC: isSpell = True, e.vPotential = 384
[NPCSpellManager] onInstantiate CHARGE DISPLAY: Using charge format for '短距离传送 (SpTeleportShort)' -> '短距离传送 (SpTeleportShort) (1, v384)'
[NPCSpellManager]   Final displayText: '短距离传送 (SpTeleportShort) (1, v384)'
[NPCSpellManager] onInstantiate called:
[NPCSpellManager]   Element e: NOT NULL
[NPCSpellManager]   YKHorizontal l: NOT NULL
[NPCSpellManager]   Element type: ElementWrapper
[NPCSpellManager]   Element id: 8704
[NPCSpellManager]   ShortName: '元素伤痕 (SpWeakResEle)'
[NPCSpellManager]   vBase: 1
[NPCSpellManager] onInstantiate DISPLAY LOGIC: isSpell = True, e.vPotential = 283
[NPCSpellManager] onInstantiate CHARGE DISPLAY: Using charge format for '元素伤痕 (SpWeakResEle)' -> '元素伤痕 (SpWeakResEle) (1, v283)'
[NPCSpellManager]   Final displayText: '元素伤痕 (SpWeakResEle) (1, v283)'
[NPCSpellManager] onInstantiate called:
[NPCSpellManager]   Element e: NOT NULL
[NPCSpellManager]   YKHorizontal l: NOT NULL
[NPCSpellManager]   Element type: ElementWrapper
[NPCSpellManager]   Element id: 50312
[NPCSpellManager]   ShortName: '以太光线 (bolt_Ether)'
[NPCSpellManager]   vBase: 1
[NPCSpellManager] onInstantiate DISPLAY LOGIC: isSpell = True, e.vPotential = 16
[NPCSpellManager] onInstantiate CHARGE DISPLAY: Using charge format for '以太光线 (bolt_Ether)' -> '以太光线 (bolt_Ether) (1, v16)'
[NPCSpellManager]   Final displayText: '以太光线 (bolt_Ether) (1, v16)'
[NPCSpellManager] onInstantiate called:
[NPCSpellManager]   Element e: NOT NULL
[NPCSpellManager]   YKHorizontal l: NOT NULL
[NPCSpellManager]   Element type: ElementWrapper
[NPCSpellManager]   Element id: 50314
[NPCSpellManager]   ShortName: '鲜血光线 (bolt_Cut)'
[NPCSpellManager]   vBase: 1
[NPCSpellManager] onInstantiate DISPLAY LOGIC: isSpell = True, e.vPotential = 46
[NPCSpellManager] onInstantiate CHARGE DISPLAY: Using charge format for '鲜血光线 (bolt_Cut)' -> '鲜血光线 (bolt_Cut) (1, v46)'
[NPCSpellManager]   Final displayText: '鲜血光线 (bolt_Cut) (1, v46)'
[NPCSpellManager] onInstantiate called:
[NPCSpellManager]   Element e: NOT NULL
[NPCSpellManager]   YKHorizontal l: NOT NULL
[NPCSpellManager]   Element type: ElementWrapper
[NPCSpellManager]   Element id: 8402
[NPCSpellManager]   ShortName: '致命伤治疗 (SpHealCritical)'
[NPCSpellManager]   vBase: 2
[NPCSpellManager] onInstantiate DISPLAY LOGIC: isSpell = True, e.vPotential = 151
[NPCSpellManager] onInstantiate CHARGE DISPLAY: Using charge format for '致命伤治疗 (SpHealCritical)' -> '致命伤治疗 (SpHealCritical) (2, v151)'
[NPCSpellManager]   Final displayText: '致命伤治疗 (SpHealCritical) (2, v151)'
[NPCSpellManager] onInstantiate called:
[NPCSpellManager]   Element e: NOT NULL
[NPCSpellManager]   YKHorizontal l: NOT NULL
[NPCSpellManager]   Element type: ElementWrapper
[NPCSpellManager]   Element id: 9151
[NPCSpellManager]   ShortName: '地震 (SpEarthquake)'
[NPCSpellManager]   vBase: 1
[NPCSpellManager] onInstantiate DISPLAY LOGIC: isSpell = True, e.vPotential = 9
[NPCSpellManager] onInstantiate CHARGE DISPLAY: Using charge format for '地震 (SpEarthquake)' -> '地震 (SpEarthquake) (1, v9)'
[NPCSpellManager]   Final displayText: '地震 (SpEarthquake) (1, v9)'
[NPCSpellManager] onInstantiate called:
[NPCSpellManager]   Element e: NOT NULL
[NPCSpellManager]   YKHorizontal l: NOT NULL
[NPCSpellManager]   Element type: ElementWrapper
[NPCSpellManager]   Element id: 8380
[NPCSpellManager]   ShortName: '自我变异 (SpMutation)'
[NPCSpellManager]   vBase: 1
[NPCSpellManager] onInstantiate DISPLAY LOGIC: isSpell = True, e.vPotential = 35
[NPCSpellManager] onInstantiate CHARGE DISPLAY: Using charge format for '自我变异 (SpMutation)' -> '自我变异 (SpMutation) (1, v35)'
[NPCSpellManager]   Final displayText: '自我变异 (SpMutation) (1, v35)'
[NPCSpellManager] onInstantiate called:
[NPCSpellManager]   Element e: NOT NULL
[NPCSpellManager]   YKHorizontal l: NOT NULL
[NPCSpellManager]   Element type: ElementWrapper
[NPCSpellManager]   Element id: 50101
[NPCSpellManager]   ShortName: '寒冰之球 (ball_Cold)'
[NPCSpellManager]   vBase: 1
[NPCSpellManager] onInstantiate DISPLAY LOGIC: isSpell = True, e.vPotential = 89
[NPCSpellManager] onInstantiate CHARGE DISPLAY: Using charge format for '寒冰之球 (ball_Cold)' -> '寒冰之球 (ball_Cold) (1, v89)'
[NPCSpellManager]   Final displayText: '寒冰之球 (ball_Cold) (1, v89)'
[NPCSpellManager] onInstantiate called:
[NPCSpellManager]   Element e: NOT NULL
[NPCSpellManager]   YKHorizontal l: NOT NULL
[NPCSpellManager]   Element type: ElementWrapper
[NPCSpellManager]   Element id: 8502
[NPCSpellManager]   ShortName: '神圣之盾 (SpHolyShield)'
[NPCSpellManager]   vBase: 1
[NPCSpellManager] onInstantiate DISPLAY LOGIC: isSpell = True, e.vPotential = 433
[NPCSpellManager] onInstantiate CHARGE DISPLAY: Using charge format for '神圣之盾 (SpHolyShield)' -> '神圣之盾 (SpHolyShield) (1, v433)'
[NPCSpellManager]   Final displayText: '神圣之盾 (SpHolyShield) (1, v433)'
[NPCSpellManager] onInstantiate called:
[NPCSpellManager]   Element e: NOT NULL
[NPCSpellManager]   YKHorizontal l: NOT NULL
[NPCSpellManager]   Element type: ElementWrapper
[NPCSpellManager]   Element id: 8801
[NPCSpellManager]   ShortName: '蜘蛛网 (SpWeb)'
[NPCSpellManager]   vBase: 1
[NPCSpellManager] onInstantiate DISPLAY LOGIC: isSpell = True, e.vPotential = 184
[NPCSpellManager] onInstantiate CHARGE DISPLAY: Using charge format for '蜘蛛网 (SpWeb)' -> '蜘蛛网 (SpWeb) (1, v184)'
[NPCSpellManager]   Final displayText: '蜘蛛网 (SpWeb) (1, v184)'
[NPCSpellManager] onInstantiate called:
[NPCSpellManager]   Element e: NOT NULL
[NPCSpellManager]   YKHorizontal l: NOT NULL
[NPCSpellManager]   Element type: ElementWrapper
[NPCSpellManager]   Element id: 8706
[NPCSpellManager]   ShortName: '灾祸 (SpBane)'
[NPCSpellManager]   vBase: 1
[NPCSpellManager] onInstantiate DISPLAY LOGIC: isSpell = True, e.vPotential = 288
[NPCSpellManager] onInstantiate CHARGE DISPLAY: Using charge format for '灾祸 (SpBane)' -> '灾祸 (SpBane) (1, v288)'
[NPCSpellManager]   Final displayText: '灾祸 (SpBane) (1, v288)'
[NPCSpellManager] onInstantiate called:
[NPCSpellManager]   Element e: NOT NULL
[NPCSpellManager]   YKHorizontal l: NOT NULL
[NPCSpellManager]   Element type: ElementWrapper
[NPCSpellManager]   Element id: 8500
[NPCSpellManager]   ShortName: '圣光加护 (SpHolyVeil)'
[NPCSpellManager]   vBase: 1
[NPCSpellManager] onInstantiate DISPLAY LOGIC: isSpell = True, e.vPotential = 80
[NPCSpellManager] onInstantiate CHARGE DISPLAY: Using charge format for '圣光加护 (SpHolyVeil)' -> '圣光加护 (SpHolyVeil) (1, v80)'
[NPCSpellManager]   Final displayText: '圣光加护 (SpHolyVeil) (1, v80)'
[NPCSpellManager] onInstantiate called:
[NPCSpellManager]   Element e: NOT NULL
[NPCSpellManager]   YKHorizontal l: NOT NULL
[NPCSpellManager]   Element type: ElementWrapper
[NPCSpellManager]   Element id: 8300
[NPCSpellManager]   ShortName: '飘浮 (SpLevitate)'
[NPCSpellManager]   vBase: 1
[NPCSpellManager] onInstantiate DISPLAY LOGIC: isSpell = True, e.vPotential = 146
[NPCSpellManager] onInstantiate CHARGE DISPLAY: Using charge format for '飘浮 (SpLevitate)' -> '飘浮 (SpLevitate) (1, v146)'
[NPCSpellManager]   Final displayText: '飘浮 (SpLevitate) (1, v146)'
[NPCSpellManager] onInstantiate called:
[NPCSpellManager]   Element e: NOT NULL
[NPCSpellManager]   YKHorizontal l: NOT NULL
[NPCSpellManager]   Element type: ElementWrapper
[NPCSpellManager]   Element id: 8770
[NPCSpellManager]   ShortName: '心灵感应 (SpTelepathy)'
[NPCSpellManager]   vBase: 1
[NPCSpellManager] onInstantiate DISPLAY LOGIC: isSpell = True, e.vPotential = 88
[NPCSpellManager] onInstantiate CHARGE DISPLAY: Using charge format for '心灵感应 (SpTelepathy)' -> '心灵感应 (SpTelepathy) (1, v88)'
[NPCSpellManager]   Final displayText: '心灵感应 (SpTelepathy) (1, v88)'
[NPCSpellManager] onInstantiate called:
[NPCSpellManager]   Element e: NOT NULL
[NPCSpellManager]   YKHorizontal l: NOT NULL
[NPCSpellManager]   Element type: ElementWrapper
[NPCSpellManager]   Element id: 8710
[NPCSpellManager]   ShortName: '减速 (SpSpeedDown)'
[NPCSpellManager]   vBase: 1
[NPCSpellManager] onInstantiate DISPLAY LOGIC: isSpell = True, e.vPotential = 176
[NPCSpellManager] onInstantiate CHARGE DISPLAY: Using charge format for '减速 (SpSpeedDown)' -> '减速 (SpSpeedDown) (1, v176)'
[NPCSpellManager]   Final displayText: '减速 (SpSpeedDown) (1, v176)'
[NPCSpellManager] onInstantiate called:
[NPCSpellManager]   Element e: NOT NULL
[NPCSpellManager]   YKHorizontal l: NOT NULL
[NPCSpellManager]   Element type: ElementWrapper
[NPCSpellManager]   Element id: 8490
[NPCSpellManager]   ShortName: '清净圣光 (SpRemoveHex)'
[NPCSpellManager]   vBase: 1
[NPCSpellManager] onInstantiate DISPLAY LOGIC: isSpell = True, e.vPotential = 302
[NPCSpellManager] onInstantiate CHARGE DISPLAY: Using charge format for '清净圣光 (SpRemoveHex)' -> '清净圣光 (SpRemoveHex) (1, v302)'
[NPCSpellManager]   Final displayText: '清净圣光 (SpRemoveHex) (1, v302)'
[NPCSpellManager] onInstantiate called:
[NPCSpellManager]   Element e: NOT NULL
[NPCSpellManager]   YKHorizontal l: NOT NULL
[NPCSpellManager]   Element type: ElementWrapper
[NPCSpellManager]   Element id: 8403
[NPCSpellManager]   ShortName: '体力恢复 (SpHeal)'
[NPCSpellManager]   vBase: 1
[NPCSpellManager] onInstantiate DISPLAY LOGIC: isSpell = True, e.vPotential = 15
[NPCSpellManager] onInstantiate CHARGE DISPLAY: Using charge format for '体力恢复 (SpHeal)' -> '体力恢复 (SpHeal) (1, v15)'
[NPCSpellManager]   Final displayText: '体力恢复 (SpHeal) (1, v15)'
[NPCSpellManager] onInstantiate called:
[NPCSpellManager]   Element e: NOT NULL
[NPCSpellManager]   YKHorizontal l: NOT NULL
[NPCSpellManager]   Element type: ElementWrapper
[NPCSpellManager]   Element id: 50400
[NPCSpellManager]   ShortName: '火焰之手 (hand_Fire)'
[NPCSpellManager]   vBase: 1
[NPCSpellManager] onInstantiate DISPLAY LOGIC: isSpell = True, e.vPotential = 47
[NPCSpellManager] onInstantiate CHARGE DISPLAY: Using charge format for '火焰之手 (hand_Fire)' -> '火焰之手 (hand_Fire) (1, v47)'
[NPCSpellManager]   Final displayText: '火焰之手 (hand_Fire) (1, v47)'
[NPCSpellManager] onInstantiate called:
[NPCSpellManager]   Element e: NOT NULL
[NPCSpellManager]   YKHorizontal l: NOT NULL
[NPCSpellManager]   Element type: ElementWrapper
[NPCSpellManager]   Element id: 8230
[NPCSpellManager]   ShortName: '鉴定 (SpIdentify)'
[NPCSpellManager]   vBase: 2
[NPCSpellManager] onInstantiate DISPLAY LOGIC: isSpell = True, e.vPotential = 58
[NPCSpellManager] onInstantiate CHARGE DISPLAY: Using charge format for '鉴定 (SpIdentify)' -> '鉴定 (SpIdentify) (2, v58)'
[NPCSpellManager]   Final displayText: '鉴定 (SpIdentify) (2, v58)'
[NPCSpellManager] onInstantiate called:
[NPCSpellManager]   Element e: NOT NULL
[NPCSpellManager]   YKHorizontal l: NOT NULL
[NPCSpellManager]   Element type: ElementWrapper
[NPCSpellManager]   Element id: 50102
[NPCSpellManager]   ShortName: '雷电之球 (ball_Lightning)'
[NPCSpellManager]   vBase: 1
[NPCSpellManager] onInstantiate DISPLAY LOGIC: isSpell = True, e.vPotential = 74
[NPCSpellManager] onInstantiate CHARGE DISPLAY: Using charge format for '雷电之球 (ball_Lightning)' -> '雷电之球 (ball_Lightning) (1, v74)'
[NPCSpellManager]   Final displayText: '雷电之球 (ball_Lightning) (1, v74)'
[NPCSpellManager] onInstantiate called:
[NPCSpellManager]   Element e: NOT NULL
[NPCSpellManager]   YKHorizontal l: NOT NULL
[NPCSpellManager]   Element type: ElementWrapper
[NPCSpellManager]   Element id: 8800
[NPCSpellManager]   ShortName: '暗之雾 (SpDarkness)'
[NPCSpellManager]   vBase: 1
[NPCSpellManager] onInstantiate DISPLAY LOGIC: isSpell = True, e.vPotential = 203
[NPCSpellManager] onInstantiate CHARGE DISPLAY: Using charge format for '暗之雾 (SpDarkness)' -> '暗之雾 (SpDarkness) (1, v203)'
[NPCSpellManager]   Final displayText: '暗之雾 (SpDarkness) (1, v203)'
[NPCSpellManager] onInstantiate called:
[NPCSpellManager]   Element e: NOT NULL
[NPCSpellManager]   YKHorizontal l: NOT NULL
[NPCSpellManager]   Element type: ElementWrapper
[NPCSpellManager]   Element id: 8775
[NPCSpellManager]   ShortName: '透明化 (SpInvisibility)'
[NPCSpellManager]   vBase: 1
[NPCSpellManager] onInstantiate DISPLAY LOGIC: isSpell = True, e.vPotential = 35
[NPCSpellManager] onInstantiate CHARGE DISPLAY: Using charge format for '透明化 (SpInvisibility)' -> '透明化 (SpInvisibility) (1, v35)'
[NPCSpellManager]   Final displayText: '透明化 (SpInvisibility) (1, v35)'
[NPCSpellManager] onInstantiate called:
[NPCSpellManager]   Element e: NOT NULL
[NPCSpellManager]   YKHorizontal l: NOT NULL
[NPCSpellManager]   Element type: ElementWrapper
[NPCSpellManager]   Element id: 50313
[NPCSpellManager]   ShortName: '强酸光线 (bolt_Acid)'
[NPCSpellManager]   vBase: 1
[NPCSpellManager] onInstantiate DISPLAY LOGIC: isSpell = True, e.vPotential = 46
[NPCSpellManager] onInstantiate CHARGE DISPLAY: Using charge format for '强酸光线 (bolt_Acid)' -> '强酸光线 (bolt_Acid) (1, v46)'
[NPCSpellManager]   Final displayText: '强酸光线 (bolt_Acid) (1, v46)'
[NPCSpellManager] onInstantiate called:
[NPCSpellManager]   Element e: NOT NULL
[NPCSpellManager]   YKHorizontal l: NOT NULL
[NPCSpellManager]   Element type: ElementWrapper
[NPCSpellManager]   Element id: 50306
[NPCSpellManager]   ShortName: '死亡光线 (bolt_Nether)'
[NPCSpellManager]   vBase: 1
[NPCSpellManager] onInstantiate DISPLAY LOGIC: isSpell = True, e.vPotential = 105
[NPCSpellManager] onInstantiate CHARGE DISPLAY: Using charge format for '死亡光线 (bolt_Nether)' -> '死亡光线 (bolt_Nether) (1, v105)'
[NPCSpellManager]   Final displayText: '死亡光线 (bolt_Nether) (1, v105)'
[NPCSpellManager] onInstantiate called:
[NPCSpellManager]   Element e: NOT NULL
[NPCSpellManager]   YKHorizontal l: NOT NULL
[NPCSpellManager]   Element type: ElementWrapper
[NPCSpellManager]   Element id: 50513
[NPCSpellManager]   ShortName: '强酸之箭 (arrow_Acid)'
[NPCSpellManager]   vBase: 1
[NPCSpellManager] onInstantiate DISPLAY LOGIC: isSpell = True, e.vPotential = 27
[NPCSpellManager] onInstantiate CHARGE DISPLAY: Using charge format for '强酸之箭 (arrow_Acid)' -> '强酸之箭 (arrow_Acid) (1, v27)'
[NPCSpellManager]   Final displayText: '强酸之箭 (arrow_Acid) (1, v27)'
[NPCSpellManager] onInstantiate called:
[NPCSpellManager]   Element e: NOT NULL
[NPCSpellManager]   YKHorizontal l: NOT NULL
[NPCSpellManager]   Element type: ElementWrapper
[NPCSpellManager]   Element id: 8510
[NPCSpellManager]   ShortName: '加速 (SpSpeedUp)'
[NPCSpellManager]   vBase: 1
[NPCSpellManager] onInstantiate DISPLAY LOGIC: isSpell = True, e.vPotential = 77
[NPCSpellManager] onInstantiate CHARGE DISPLAY: Using charge format for '加速 (SpSpeedUp)' -> '加速 (SpSpeedUp) (1, v77)'
[NPCSpellManager]   Final displayText: '加速 (SpSpeedUp) (1, v77)'
[NPCSpellManager] onInstantiate called:
[NPCSpellManager]   Element e: NOT NULL
[NPCSpellManager]   YKHorizontal l: NOT NULL
[NPCSpellManager]   Element type: ElementWrapper
[NPCSpellManager]   Element id: 50406
[NPCSpellManager]   ShortName: '死亡之手 (hand_Nether)'
[NPCSpellManager]   vBase: 1
[NPCSpellManager] onInstantiate DISPLAY LOGIC: isSpell = True, e.vPotential = 13
[NPCSpellManager] onInstantiate CHARGE DISPLAY: Using charge format for '死亡之手 (hand_Nether)' -> '死亡之手 (hand_Nether) (1, v13)'
[NPCSpellManager]   Final displayText: '死亡之手 (hand_Nether) (1, v13)'
[NPCSpellManager] onInstantiate called:
[NPCSpellManager]   Element e: NOT NULL
[NPCSpellManager]   YKHorizontal l: NOT NULL
[NPCSpellManager]   Element type: ElementWrapper
[NPCSpellManager]   Element id: 8708
[NPCSpellManager]   ShortName: '重力场 (SpGravity)'
[NPCSpellManager]   vBase: 1
[NPCSpellManager] onInstantiate DISPLAY LOGIC: isSpell = True, e.vPotential = 60
[NPCSpellManager] onInstantiate CHARGE DISPLAY: Using charge format for '重力场 (SpGravity)' -> '重力场 (SpGravity) (1, v60)'
[NPCSpellManager]   Final displayText: '重力场 (SpGravity) (1, v60)'
[NPCSpellManager] onInstantiate called:
[NPCSpellManager]   Element e: NOT NULL
[NPCSpellManager]   YKHorizontal l: NOT NULL
[NPCSpellManager]   Element type: ElementWrapper
[NPCSpellManager]   Element id: 50508
[NPCSpellManager]   ShortName: '神经之箭 (arrow_Nerve)'
[NPCSpellManager]   vBase: 1
[NPCSpellManager] onInstantiate DISPLAY LOGIC: isSpell = True, e.vPotential = 154
[NPCSpellManager] onInstantiate CHARGE DISPLAY: Using charge format for '神经之箭 (arrow_Nerve)' -> '神经之箭 (arrow_Nerve) (1, v154)'
[NPCSpellManager]   Final displayText: '神经之箭 (arrow_Nerve) (1, v154)'
[NPCSpellManager] onInstantiate called:
[NPCSpellManager]   Element e: NOT NULL
[NPCSpellManager]   YKHorizontal l: NOT NULL
[NPCSpellManager]   Element type: ElementWrapper
[NPCSpellManager]   Element id: 50107
[NPCSpellManager]   ShortName: '轰鸣之球 (ball_Sound)'
[NPCSpellManager]   vBase: 1
[NPCSpellManager] onInstantiate DISPLAY LOGIC: isSpell = True, e.vPotential = 51
[NPCSpellManager] onInstantiate CHARGE DISPLAY: Using charge format for '轰鸣之球 (ball_Sound)' -> '轰鸣之球 (ball_Sound) (1, v51)'
[NPCSpellManager]   Final displayText: '轰鸣之球 (ball_Sound) (1, v51)'
[NPCSpellManager] onInstantiate called:
[NPCSpellManager]   Element e: NOT NULL
[NPCSpellManager]   YKHorizontal l: NOT NULL
[NPCSpellManager]   Element type: ElementWrapper
[NPCSpellManager]   Element id: 50304
[NPCSpellManager]   ShortName: '疯狂光线 (bolt_Mind)'
[NPCSpellManager]   vBase: 1
[NPCSpellManager] onInstantiate DISPLAY LOGIC: isSpell = True, e.vPotential = 73
[NPCSpellManager] onInstantiate CHARGE DISPLAY: Using charge format for '疯狂光线 (bolt_Mind)' -> '疯狂光线 (bolt_Mind) (1, v73)'
[NPCSpellManager]   Final displayText: '疯狂光线 (bolt_Mind) (1, v73)'
[NPCSpellManager] onInstantiate called:
[NPCSpellManager]   Element e: NOT NULL
[NPCSpellManager]   YKHorizontal l: NOT NULL
[NPCSpellManager]   Element type: ElementWrapper
[NPCSpellManager]   Element id: 8404
[NPCSpellManager]   ShortName: '《爱丽丝》的治愈 (SpHealEris)'
[NPCSpellManager]   vBase: 1
[NPCSpellManager] onInstantiate DISPLAY LOGIC: isSpell = True, e.vPotential = 58
[NPCSpellManager] onInstantiate CHARGE DISPLAY: Using charge format for '《爱丽丝》的治愈 (SpHealEris)' -> '《爱丽丝》的治愈 (SpHealEris) (1, v58)'
[NPCSpellManager]   Final displayText: '《爱丽丝》的治愈 (SpHealEris) (1, v58)'
[NPCSpellManager] onInstantiate called:
[NPCSpellManager]   Element e: NOT NULL
[NPCSpellManager]   YKHorizontal l: NOT NULL
[NPCSpellManager]   Element type: ElementWrapper
[NPCSpellManager]   Element id: 9001
[NPCSpellManager]   ShortName: '召唤不死妹妹 (SpSummonUndeadSister)'
[NPCSpellManager]   vBase: 1
[NPCSpellManager] onInstantiate DISPLAY LOGIC: isSpell = True, e.vPotential = 59
[NPCSpellManager] onInstantiate CHARGE DISPLAY: Using charge format for '召唤不死妹妹 (SpSummonUndeadSister)' -> '召唤不死妹妹 (SpSummonUndeadSister) (1, v59)'
[NPCSpellManager]   Final displayText: '召唤不死妹妹 (SpSummonUndeadSister) (1, v59)'
[NPCSpellManager] onInstantiate called:
[NPCSpellManager]   Element e: NOT NULL
[NPCSpellManager]   YKHorizontal l: NOT NULL
[NPCSpellManager]   Element type: ElementWrapper
[NPCSpellManager]   Element id: 8780
[NPCSpellManager]   ShortName: '乔装 (SpIncognito)'
[NPCSpellManager]   vBase: 1
[NPCSpellManager] onInstantiate DISPLAY LOGIC: isSpell = True, e.vPotential = 79
[NPCSpellManager] onInstantiate CHARGE DISPLAY: Using charge format for '乔装 (SpIncognito)' -> '乔装 (SpIncognito) (1, v79)'
[NPCSpellManager]   Final displayText: '乔装 (SpIncognito) (1, v79)'
[NPCSpellManager] onInstantiate called:
[NPCSpellManager]   Element e: NOT NULL
[NPCSpellManager]   YKHorizontal l: NOT NULL
[NPCSpellManager]   Element type: ElementWrapper
[NPCSpellManager]   Element id: 8790
[NPCSpellManager]   ShortName: '扫帚变形 (SpTransmuteBroom)'
[NPCSpellManager]   vBase: 1
[NPCSpellManager] onInstantiate DISPLAY LOGIC: isSpell = True, e.vPotential = 26
[NPCSpellManager] onInstantiate CHARGE DISPLAY: Using charge format for '扫帚变形 (SpTransmuteBroom)' -> '扫帚变形 (SpTransmuteBroom) (1, v26)'
[NPCSpellManager]   Final displayText: '扫帚变形 (SpTransmuteBroom) (1, v26)'
[NPCSpellManager] onInstantiate called:
[NPCSpellManager]   Element e: NOT NULL
[NPCSpellManager]   YKHorizontal l: NOT NULL
[NPCSpellManager]   Element type: ElementWrapper
[NPCSpellManager]   Element id: 50308
[NPCSpellManager]   ShortName: '神经光线 (bolt_Nerve)'
[NPCSpellManager]   vBase: 1
[NPCSpellManager] onInstantiate DISPLAY LOGIC: isSpell = True, e.vPotential = 17
[NPCSpellManager] onInstantiate CHARGE DISPLAY: Using charge format for '神经光线 (bolt_Nerve)' -> '神经光线 (bolt_Nerve) (1, v17)'
[NPCSpellManager]   Final displayText: '神经光线 (bolt_Nerve) (1, v17)'
[NPCSpellManager] onInstantiate called:
[NPCSpellManager]   Element e: NOT NULL
[NPCSpellManager]   YKHorizontal l: NOT NULL
[NPCSpellManager]   Element type: ElementWrapper
[NPCSpellManager]   Element id: 50302
[NPCSpellManager]   ShortName: '雷电光线 (bolt_Lightning)'
[NPCSpellManager]   vBase: 1
[NPCSpellManager] onInstantiate DISPLAY LOGIC: isSpell = True, e.vPotential = 9
[NPCSpellManager] onInstantiate CHARGE DISPLAY: Using charge format for '雷电光线 (bolt_Lightning)' -> '雷电光线 (bolt_Lightning) (1, v9)'
[NPCSpellManager]   Final displayText: '雷电光线 (bolt_Lightning) (1, v9)'
[NPCSpellManager] onInstantiate called:
[NPCSpellManager]   Element e: NOT NULL
[NPCSpellManager]   YKHorizontal l: NOT NULL
[NPCSpellManager]   Element type: ElementWrapper
[NPCSpellManager]   Element id: 50404
[NPCSpellManager]   ShortName: '疯狂之手 (hand_Mind)'
[NPCSpellManager]   vBase: 1
[NPCSpellManager] onInstantiate DISPLAY LOGIC: isSpell = True, e.vPotential = 57
[NPCSpellManager] onInstantiate CHARGE DISPLAY: Using charge format for '疯狂之手 (hand_Mind)' -> '疯狂之手 (hand_Mind) (1, v57)'
[NPCSpellManager]   Final displayText: '疯狂之手 (hand_Mind) (1, v57)'
[NPCSpellManager] onInstantiate called:
[NPCSpellManager]   Element e: NOT NULL
[NPCSpellManager]   YKHorizontal l: NOT NULL
[NPCSpellManager]   Element type: ElementWrapper
[NPCSpellManager]   Element id: 50714
[NPCSpellManager]   ShortName: '鲜血瘴气 (miasma_Cut)'
[NPCSpellManager]   vBase: 1
[NPCSpellManager] onInstantiate DISPLAY LOGIC: isSpell = True, e.vPotential = 13
[NPCSpellManager] onInstantiate CHARGE DISPLAY: Using charge format for '鲜血瘴气 (miasma_Cut)' -> '鲜血瘴气 (miasma_Cut) (1, v13)'
[NPCSpellManager]   Final displayText: '鲜血瘴气 (miasma_Cut) (1, v13)'
[NPCSpellManager] onInstantiate called:
[NPCSpellManager]   Element e: NOT NULL
[NPCSpellManager]   YKHorizontal l: NOT NULL
[NPCSpellManager]   Element type: ElementWrapper
[NPCSpellManager]   Element id: 9155
[NPCSpellManager]   ShortName: '月夜之枪 (SpMoonSpear)'
[NPCSpellManager]   vBase: 1
[NPCSpellManager] onInstantiate DISPLAY LOGIC: isSpell = True, e.vPotential = 2
[NPCSpellManager] onInstantiate CHARGE DISPLAY: Using charge format for '月夜之枪 (SpMoonSpear)' -> '月夜之枪 (SpMoonSpear) (1, v2)'
[NPCSpellManager]   Final displayText: '月夜之枪 (SpMoonSpear) (1, v2)'
[NPCSpellManager] onInstantiate called:
[NPCSpellManager]   Element e: NOT NULL
[NPCSpellManager]   YKHorizontal l: NOT NULL
[NPCSpellManager]   Element type: ElementWrapper
[NPCSpellManager]   Element id: 51003
[NPCSpellManager]   ShortName: '黑暗之剑 (sword_Darkness)'
[NPCSpellManager]   vBase: 1
[NPCSpellManager] onInstantiate DISPLAY LOGIC: isSpell = True, e.vPotential = 153
[NPCSpellManager] onInstantiate CHARGE DISPLAY: Using charge format for '黑暗之剑 (sword_Darkness)' -> '黑暗之剑 (sword_Darkness) (1, v153)'
[NPCSpellManager]   Final displayText: '黑暗之剑 (sword_Darkness) (1, v153)'
[NPCSpellManager] onInstantiate called:
[NPCSpellManager]   Element e: NOT NULL
[NPCSpellManager]   YKHorizontal l: NOT NULL
[NPCSpellManager]   Element type: ElementWrapper
[NPCSpellManager]   Element id: 51005
[NPCSpellManager]   ShortName: '剧毒之剑 (sword_Poison)'
[NPCSpellManager]   vBase: 1
[NPCSpellManager] onInstantiate DISPLAY LOGIC: isSpell = True, e.vPotential = 16
[NPCSpellManager] onInstantiate CHARGE DISPLAY: Using charge format for '剧毒之剑 (sword_Poison)' -> '剧毒之剑 (sword_Poison) (1, v16)'
[NPCSpellManager]   Final displayText: '剧毒之剑 (sword_Poison) (1, v16)'
[NPCSpellManager] onInstantiate called:
[NPCSpellManager]   Element e: NOT NULL
[NPCSpellManager]   YKHorizontal l: NOT NULL
[NPCSpellManager]   Element type: ElementWrapper
[NPCSpellManager]   Element id: 9010
[NPCSpellManager]   ShortName: '召唤子嗣 (SpSummonShubKid)'
[NPCSpellManager]   vBase: 0
[NPCSpellManager] onInstantiate DISPLAY LOGIC: isSpell = True, e.vPotential = 0
[NPCSpellManager] onInstantiate SHOW LEVEL: '召唤子嗣 (SpSummonShubKid)' (isLearned=True, vBase=0) -> '召唤子嗣 (SpSummonShubKid) (0)'
[NPCSpellManager]   Final displayText: '召唤子嗣 (SpSummonShubKid) (0)'
[NPC Spell Manager] REFACTORED: Scanning Player Character: 最棒的紫色「霊の魂」
[NPC Spell Manager] PLAYER ELEMENTS: Found '盗窃之手' (ID:6011) vBase=1, vPotential=0
[NPC Spell Manager] PLAYER ELEMENTS: Found '休息' (ID:6003) vBase=54, vPotential=0
[NPC Spell Manager] PLAYER ELEMENTS: Found '简易制造' (ID:6012) vBase=1, vPotential=0
[NPC Spell Manager] PLAYER ELEMENTS: Found '自残' (ID:6015) vBase=1, vPotential=0
[NPC Spell Manager] PLAYER ELEMENTS: Found '祈祷' (ID:6050) vBase=1, vPotential=0
[NPC Spell Manager] PLAYER ELEMENTS: Found '黑暗之箭' (ID:50503) vBase=9, vPotential=11828
[NPC Spell Manager] PLAYER ELEMENTS: Found '剧毒之箭' (ID:50505) vBase=13, vPotential=11694
[NPC Spell Manager] PLAYER ELEMENTS: Found '脆弱' (ID:8702) vBase=1, vPotential=460
[NPC Spell Manager] PLAYER ELEMENTS: Found '混乱光线' (ID:50310) vBase=2, vPotential=2977
[NPC Spell Manager] PLAYER ELEMENTS: Found '魔力之箭' (ID:50511) vBase=2, vPotential=458
[NPC Spell Manager] PLAYER ELEMENTS: Found '英勇' (ID:8504) vBase=3, vPotential=560
[NPC Spell Manager] PLAYER ELEMENTS: Found '轻伤治疗' (ID:8400) vBase=8, vPotential=967
[NPC Spell Manager] PLAYER ELEMENTS: Found '寄生' (ID:6019) vBase=1, vPotential=0
[NPC Spell Manager] PLAYER ELEMENTS: Found '骑乘' (ID:6018) vBase=1, vPotential=0
[NPC Spell Manager] PLAYER ELEMENTS: Found '寒冰之箭' (ID:50501) vBase=1, vPotential=415
[NPC Spell Manager] PLAYER ELEMENTS: Found '黑暗光线' (ID:50303) vBase=1, vPotential=2855
[NPC Spell Manager] PLAYER ELEMENTS: Found '鲜血之手' (ID:50414) vBase=1, vPotential=173
[NPC Spell Manager] PLAYER ELEMENTS: Found '黑暗瘴气' (ID:50703) vBase=1, vPotential=1848
[NPC Spell Manager] PLAYER ELEMENTS: Found '黑暗之歌' (ID:50803) vBase=1, vPotential=795
[NPC Spell Manager] PLAYER ELEMENTS: Found '看穿透明' (ID:8776) vBase=2, vPotential=347
[NPC Spell Manager] PLAYER ELEMENTS: Found '混乱之球' (ID:50110) vBase=1, vPotential=2134
[NPC Spell Manager] PLAYER ELEMENTS: Found '剧毒之球' (ID:50105) vBase=1, vPotential=2255
[NPC Spell Manager] PLAYER ELEMENTS: Found '自然的拥抱' (ID:8450) vBase=5, vPotential=426
[NPC Spell Manager] PLAYER ELEMENTS: Found '解咒' (ID:8240) vBase=1, vPotential=97
[NPC Spell Manager] PLAYER ELEMENTS: Found '智者' (ID:8503) vBase=1, vPotential=152
[NPC Spell Manager] PLAYER ELEMENTS: Found '魔法地图' (ID:8260) vBase=15, vPotential=296
[NPC Spell Manager] PLAYER ELEMENTS: Found '脱离' (ID:8221) vBase=1, vPotential=177
[NPC Spell Manager] PLAYER ELEMENTS: Found '剧毒瘴气' (ID:50705) vBase=1, vPotential=1931
[NPC Spell Manager] PLAYER ELEMENTS: Found '沉默' (ID:8700) vBase=1, vPotential=187
[NPC Spell Manager] PLAYER ELEMENTS: Found '召唤动物' (ID:9000) vBase=1, vPotential=182
[NPC Spell Manager] PLAYER ELEMENTS: Found '猫眼' (ID:8501) vBase=1, vPotential=361
[NPC Spell Manager] PLAYER ELEMENTS: Found '混乱具象' (ID:50610) vBase=1, vPotential=301
[NPC Spell Manager] PLAYER ELEMENTS: Found '混乱之歌' (ID:50810) vBase=1, vPotential=899
[NPC Spell Manager] PLAYER ELEMENTS: Found '肉体复苏' (ID:8470) vBase=1, vPotential=426
[NPC Spell Manager] PLAYER ELEMENTS: Found '节魔' (ID:6720) vBase=1, vPotential=0
[NPC Spell Manager] PLAYER ELEMENTS: Found '破咒' (ID:9200) vBase=1, vPotential=200
[NPC Spell Manager] PLAYER ELEMENTS: Found '精神复苏' (ID:8471) vBase=1, vPotential=208
[NPC Spell Manager] PLAYER ELEMENTS: Found '归还' (ID:8220) vBase=1, vPotential=124
[NPC Spell Manager] PLAYER ELEMENTS: Found '冲锋' (ID:6450) vBase=1, vPotential=0
[NPC Spell Manager] PLAYER ELEMENTS: Found '召唤阴影' (ID:9050) vBase=1, vPotential=94
[NPC Spell Manager] PLAYER ELEMENTS: Found '传送' (ID:8200) vBase=3, vPotential=162
[NPC Spell Manager] PLAYER ELEMENTS: Found '圣光之手' (ID:50409) vBase=1, vPotential=22
[NPC Spell Manager] PLAYER ELEMENTS: Found '元素保护' (ID:8506) vBase=1, vPotential=329
[NPC Spell Manager] PLAYER ELEMENTS: Found '短距离传送' (ID:8201) vBase=1, vPotential=384
[NPC Spell Manager] PLAYER ELEMENTS: Found '元素伤痕' (ID:8704) vBase=1, vPotential=283
[NPC Spell Manager] PLAYER ELEMENTS: Found '以太光线' (ID:50312) vBase=1, vPotential=16
[NPC Spell Manager] PLAYER ELEMENTS: Found '鲜血光线' (ID:50314) vBase=1, vPotential=46
[NPC Spell Manager] PLAYER ELEMENTS: Found '致命伤治疗' (ID:8402) vBase=2, vPotential=151
[NPC Spell Manager] PLAYER ELEMENTS: Found '地震' (ID:9151) vBase=1, vPotential=9
[NPC Spell Manager] PLAYER ELEMENTS: Found '自我变异' (ID:8380) vBase=1, vPotential=35
[NPC Spell Manager] PLAYER ELEMENTS: Found '寒冰之球' (ID:50101) vBase=1, vPotential=89
[NPC Spell Manager] PLAYER ELEMENTS: Found '神圣之盾' (ID:8502) vBase=1, vPotential=433
[NPC Spell Manager] PLAYER ELEMENTS: Found '蜘蛛网' (ID:8801) vBase=1, vPotential=184
[NPC Spell Manager] PLAYER ELEMENTS: Found '灾祸' (ID:8706) vBase=1, vPotential=288
[NPC Spell Manager] PLAYER ELEMENTS: Found '圣光加护' (ID:8500) vBase=1, vPotential=80
[NPC Spell Manager] PLAYER ELEMENTS: Found '飘浮' (ID:8300) vBase=1, vPotential=146
[NPC Spell Manager] PLAYER ELEMENTS: Found '心灵感应' (ID:8770) vBase=1, vPotential=88
[NPC Spell Manager] PLAYER ELEMENTS: Found '减速' (ID:8710) vBase=1, vPotential=176
[NPC Spell Manager] PLAYER ELEMENTS: Found '清净圣光' (ID:8490) vBase=1, vPotential=302
[NPC Spell Manager] PLAYER ELEMENTS: Found '体力恢复' (ID:8403) vBase=1, vPotential=15
[NPC Spell Manager] PLAYER ELEMENTS: Found '火焰之手' (ID:50400) vBase=1, vPotential=47
[NPC Spell Manager] PLAYER ELEMENTS: Found '鉴定' (ID:8230) vBase=2, vPotential=58
[NPC Spell Manager] PLAYER ELEMENTS: Found '雷电之球' (ID:50102) vBase=1, vPotential=74
[NPC Spell Manager] PLAYER ELEMENTS: Found '暗之雾' (ID:8800) vBase=1, vPotential=203
[NPC Spell Manager] PLAYER ELEMENTS: Found '透明化' (ID:8775) vBase=1, vPotential=35
[NPC Spell Manager] PLAYER ELEMENTS: Found '强酸光线' (ID:50313) vBase=1, vPotential=46
[NPC Spell Manager] PLAYER ELEMENTS: Found '死亡光线' (ID:50306) vBase=1, vPotential=105
[NPC Spell Manager] PLAYER ELEMENTS: Found '强酸之箭' (ID:50513) vBase=1, vPotential=27
[NPC Spell Manager] PLAYER ELEMENTS: Found '加速' (ID:8510) vBase=1, vPotential=77
[NPC Spell Manager] PLAYER ELEMENTS: Found '死亡之手' (ID:50406) vBase=1, vPotential=13
[NPC Spell Manager] PLAYER ELEMENTS: Found '重力场' (ID:8708) vBase=1, vPotential=60
[NPC Spell Manager] PLAYER ELEMENTS: Found '神经之箭' (ID:50508) vBase=1, vPotential=154
[NPC Spell Manager] PLAYER ELEMENTS: Found '轰鸣之球' (ID:50107) vBase=1, vPotential=51
[NPC Spell Manager] PLAYER ELEMENTS: Found '疯狂光线' (ID:50304) vBase=1, vPotential=73
[NPC Spell Manager] PLAYER ELEMENTS: Found '《爱丽丝》的治愈' (ID:8404) vBase=1, vPotential=58
[NPC Spell Manager] PLAYER ELEMENTS: Found '召唤不死妹妹' (ID:9001) vBase=1, vPotential=59
[NPC Spell Manager] PLAYER ELEMENTS: Found '乔装' (ID:8780) vBase=1, vPotential=79
[NPC Spell Manager] PLAYER ELEMENTS: Found '扫帚变形' (ID:8790) vBase=1, vPotential=26
[NPC Spell Manager] PLAYER ELEMENTS: Found '神经光线' (ID:50308) vBase=1, vPotential=17
[NPC Spell Manager] PLAYER ELEMENTS: Found '雷电光线' (ID:50302) vBase=1, vPotential=9
[NPC Spell Manager] PLAYER ELEMENTS: Found '疯狂之手' (ID:50404) vBase=1, vPotential=57
[NPC Spell Manager] PLAYER ELEMENTS: Found 'Bank' (ID:90000) vBase=1, vPotential=0
[NPC Spell Manager] PLAYER ELEMENTS: Found '智能回复' (ID:969500101) vBase=1, vPotential=0
[NPC Spell Manager] PLAYER ELEMENTS: Found '智能增益' (ID:969500102) vBase=1, vPotential=0
[NPC Spell Manager] PLAYER ELEMENTS: Found '智能减益' (ID:969500103) vBase=1, vPotential=0
[NPC Spell Manager] PLAYER ELEMENTS: Found '智能漩涡' (ID:969500111) vBase=1, vPotential=0
[NPC Spell Manager] PLAYER ELEMENTS: Found '智能光线' (ID:969500113) vBase=1, vPotential=0
[NPC Spell Manager] PLAYER ELEMENTS: Found '智能之手' (ID:969500114) vBase=1, vPotential=0
[NPC Spell Manager] PLAYER ELEMENTS: Found '智能之箭' (ID:969500115) vBase=1, vPotential=0
[NPC Spell Manager] PLAYER ELEMENTS: Found '智能具象' (ID:969500116) vBase=1, vPotential=0
[NPC Spell Manager] PLAYER ELEMENTS: Found '智能瘴气' (ID:969500117) vBase=1, vPotential=0
[NPC Spell Manager] PLAYER ELEMENTS: Found '智能之歌' (ID:969500118) vBase=1, vPotential=0
[NPC Spell Manager] PLAYER ELEMENTS: Found '智能之剑' (ID:969500120) vBase=1, vPotential=0
[NPC Spell Manager] PLAYER ELEMENTS: Found '鲜血瘴气' (ID:50714) vBase=1, vPotential=13
[NPC Spell Manager] PLAYER ELEMENTS: Found '月夜之枪' (ID:9155) vBase=1, vPotential=2
[NPC Spell Manager] PLAYER ELEMENTS: Found '黑暗之剑' (ID:51003) vBase=1, vPotential=153
[NPC Spell Manager] PLAYER ELEMENTS: Found '剧毒之剑' (ID:51005) vBase=1, vPotential=16
[NPC Spell Manager] PLAYER ELEMENTS: Found '《朱亚》的祈祷' (ID:6901) vBase=0, vPotential=0
[NPC Spell Manager] PLAYER ELEMENTS: Found '召唤子嗣' (ID:9010) vBase=0, vPotential=0
[NPC Spell Manager] PLAYER TOTAL: Found 99 abilities for 最棒的紫色「霊の魂」
[NPC Spell Manager] REFACTORED: Scanning Player Character: 最棒的紫色「霊の魂」
[NPC Spell Manager] PLAYER ELEMENTS: Found '盗窃之手' (ID:6011) vBase=1, vPotential=0
[NPC Spell Manager] PLAYER ELEMENTS: Found '休息' (ID:6003) vBase=54, vPotential=0
[NPC Spell Manager] PLAYER ELEMENTS: Found '简易制造' (ID:6012) vBase=1, vPotential=0
[NPC Spell Manager] PLAYER ELEMENTS: Found '自残' (ID:6015) vBase=1, vPotential=0
[NPC Spell Manager] PLAYER ELEMENTS: Found '祈祷' (ID:6050) vBase=1, vPotential=0
[NPC Spell Manager] PLAYER ELEMENTS: Found '黑暗之箭' (ID:50503) vBase=9, vPotential=11828
[NPC Spell Manager] PLAYER ELEMENTS: Found '剧毒之箭' (ID:50505) vBase=13, vPotential=11694
[NPC Spell Manager] PLAYER ELEMENTS: Found '脆弱' (ID:8702) vBase=1, vPotential=460
[NPC Spell Manager] PLAYER ELEMENTS: Found '混乱光线' (ID:50310) vBase=2, vPotential=2977
[NPC Spell Manager] PLAYER ELEMENTS: Found '魔力之箭' (ID:50511) vBase=2, vPotential=458
[NPC Spell Manager] PLAYER ELEMENTS: Found '英勇' (ID:8504) vBase=3, vPotential=560
[NPC Spell Manager] PLAYER ELEMENTS: Found '轻伤治疗' (ID:8400) vBase=8, vPotential=967
[NPC Spell Manager] PLAYER ELEMENTS: Found '寄生' (ID:6019) vBase=1, vPotential=0
[NPC Spell Manager] PLAYER ELEMENTS: Found '骑乘' (ID:6018) vBase=1, vPotential=0
[NPC Spell Manager] PLAYER ELEMENTS: Found '寒冰之箭' (ID:50501) vBase=1, vPotential=415
[NPC Spell Manager] PLAYER ELEMENTS: Found '黑暗光线' (ID:50303) vBase=1, vPotential=2855
[NPC Spell Manager] PLAYER ELEMENTS: Found '鲜血之手' (ID:50414) vBase=1, vPotential=173
[NPC Spell Manager] PLAYER ELEMENTS: Found '黑暗瘴气' (ID:50703) vBase=1, vPotential=1848
[NPC Spell Manager] PLAYER ELEMENTS: Found '黑暗之歌' (ID:50803) vBase=1, vPotential=795
[NPC Spell Manager] PLAYER ELEMENTS: Found '看穿透明' (ID:8776) vBase=2, vPotential=347
[NPC Spell Manager] PLAYER ELEMENTS: Found '混乱之球' (ID:50110) vBase=1, vPotential=2134
[NPC Spell Manager] PLAYER ELEMENTS: Found '剧毒之球' (ID:50105) vBase=1, vPotential=2255
[NPC Spell Manager] PLAYER ELEMENTS: Found '自然的拥抱' (ID:8450) vBase=5, vPotential=426
[NPC Spell Manager] PLAYER ELEMENTS: Found '解咒' (ID:8240) vBase=1, vPotential=97
[NPC Spell Manager] PLAYER ELEMENTS: Found '智者' (ID:8503) vBase=1, vPotential=152
[NPC Spell Manager] PLAYER ELEMENTS: Found '魔法地图' (ID:8260) vBase=15, vPotential=296
[NPC Spell Manager] PLAYER ELEMENTS: Found '脱离' (ID:8221) vBase=1, vPotential=177
[NPC Spell Manager] PLAYER ELEMENTS: Found '剧毒瘴气' (ID:50705) vBase=1, vPotential=1931
[NPC Spell Manager] PLAYER ELEMENTS: Found '沉默' (ID:8700) vBase=1, vPotential=187
[NPC Spell Manager] PLAYER ELEMENTS: Found '召唤动物' (ID:9000) vBase=1, vPotential=182
[NPC Spell Manager] PLAYER ELEMENTS: Found '猫眼' (ID:8501) vBase=1, vPotential=361
[NPC Spell Manager] PLAYER ELEMENTS: Found '混乱具象' (ID:50610) vBase=1, vPotential=301
[NPC Spell Manager] PLAYER ELEMENTS: Found '混乱之歌' (ID:50810) vBase=1, vPotential=899
[NPC Spell Manager] PLAYER ELEMENTS: Found '肉体复苏' (ID:8470) vBase=1, vPotential=426
[NPC Spell Manager] PLAYER ELEMENTS: Found '节魔' (ID:6720) vBase=1, vPotential=0
[NPC Spell Manager] PLAYER ELEMENTS: Found '破咒' (ID:9200) vBase=1, vPotential=200
[NPC Spell Manager] PLAYER ELEMENTS: Found '精神复苏' (ID:8471) vBase=1, vPotential=208
[NPC Spell Manager] PLAYER ELEMENTS: Found '归还' (ID:8220) vBase=1, vPotential=124
[NPC Spell Manager] PLAYER ELEMENTS: Found '冲锋' (ID:6450) vBase=1, vPotential=0
[NPC Spell Manager] PLAYER ELEMENTS: Found '召唤阴影' (ID:9050) vBase=1, vPotential=94
[NPC Spell Manager] PLAYER ELEMENTS: Found '传送' (ID:8200) vBase=3, vPotential=162
[NPC Spell Manager] PLAYER ELEMENTS: Found '圣光之手' (ID:50409) vBase=1, vPotential=22
[NPC Spell Manager] PLAYER ELEMENTS: Found '元素保护' (ID:8506) vBase=1, vPotential=329
[NPC Spell Manager] PLAYER ELEMENTS: Found '短距离传送' (ID:8201) vBase=1, vPotential=384
[NPC Spell Manager] PLAYER ELEMENTS: Found '元素伤痕' (ID:8704) vBase=1, vPotential=283
[NPC Spell Manager] PLAYER ELEMENTS: Found '以太光线' (ID:50312) vBase=1, vPotential=16
[NPC Spell Manager] PLAYER ELEMENTS: Found '鲜血光线' (ID:50314) vBase=1, vPotential=46
[NPC Spell Manager] PLAYER ELEMENTS: Found '致命伤治疗' (ID:8402) vBase=2, vPotential=151
[NPC Spell Manager] PLAYER ELEMENTS: Found '地震' (ID:9151) vBase=1, vPotential=9
[NPC Spell Manager] PLAYER ELEMENTS: Found '自我变异' (ID:8380) vBase=1, vPotential=35
[NPC Spell Manager] PLAYER ELEMENTS: Found '寒冰之球' (ID:50101) vBase=1, vPotential=89
[NPC Spell Manager] PLAYER ELEMENTS: Found '神圣之盾' (ID:8502) vBase=1, vPotential=433
[NPC Spell Manager] PLAYER ELEMENTS: Found '蜘蛛网' (ID:8801) vBase=1, vPotential=184
[NPC Spell Manager] PLAYER ELEMENTS: Found '灾祸' (ID:8706) vBase=1, vPotential=288
[NPC Spell Manager] PLAYER ELEMENTS: Found '圣光加护' (ID:8500) vBase=1, vPotential=80
[NPC Spell Manager] PLAYER ELEMENTS: Found '飘浮' (ID:8300) vBase=1, vPotential=146
[NPC Spell Manager] PLAYER ELEMENTS: Found '心灵感应' (ID:8770) vBase=1, vPotential=88
[NPC Spell Manager] PLAYER ELEMENTS: Found '减速' (ID:8710) vBase=1, vPotential=176
[NPC Spell Manager] PLAYER ELEMENTS: Found '清净圣光' (ID:8490) vBase=1, vPotential=302
[NPC Spell Manager] PLAYER ELEMENTS: Found '体力恢复' (ID:8403) vBase=1, vPotential=15
[NPC Spell Manager] PLAYER ELEMENTS: Found '火焰之手' (ID:50400) vBase=1, vPotential=47
[NPC Spell Manager] PLAYER ELEMENTS: Found '鉴定' (ID:8230) vBase=2, vPotential=58
[NPC Spell Manager] PLAYER ELEMENTS: Found '雷电之球' (ID:50102) vBase=1, vPotential=74
[NPC Spell Manager] PLAYER ELEMENTS: Found '暗之雾' (ID:8800) vBase=1, vPotential=203
[NPC Spell Manager] PLAYER ELEMENTS: Found '透明化' (ID:8775) vBase=1, vPotential=35
[NPC Spell Manager] PLAYER ELEMENTS: Found '强酸光线' (ID:50313) vBase=1, vPotential=46
[NPC Spell Manager] PLAYER ELEMENTS: Found '死亡光线' (ID:50306) vBase=1, vPotential=105
[NPC Spell Manager] PLAYER ELEMENTS: Found '强酸之箭' (ID:50513) vBase=1, vPotential=27
[NPC Spell Manager] PLAYER ELEMENTS: Found '加速' (ID:8510) vBase=1, vPotential=77
[NPC Spell Manager] PLAYER ELEMENTS: Found '死亡之手' (ID:50406) vBase=1, vPotential=13
[NPC Spell Manager] PLAYER ELEMENTS: Found '重力场' (ID:8708) vBase=1, vPotential=60
[NPC Spell Manager] PLAYER ELEMENTS: Found '神经之箭' (ID:50508) vBase=1, vPotential=154
[NPC Spell Manager] PLAYER ELEMENTS: Found '轰鸣之球' (ID:50107) vBase=1, vPotential=51
[NPC Spell Manager] PLAYER ELEMENTS: Found '疯狂光线' (ID:50304) vBase=1, vPotential=73
[NPC Spell Manager] PLAYER ELEMENTS: Found '《爱丽丝》的治愈' (ID:8404) vBase=1, vPotential=58
[NPC Spell Manager] PLAYER ELEMENTS: Found '召唤不死妹妹' (ID:9001) vBase=1, vPotential=59
[NPC Spell Manager] PLAYER ELEMENTS: Found '乔装' (ID:8780) vBase=1, vPotential=79
[NPC Spell Manager] PLAYER ELEMENTS: Found '扫帚变形' (ID:8790) vBase=1, vPotential=26
[NPC Spell Manager] PLAYER ELEMENTS: Found '神经光线' (ID:50308) vBase=1, vPotential=17
[NPC Spell Manager] PLAYER ELEMENTS: Found '雷电光线' (ID:50302) vBase=1, vPotential=9
[NPC Spell Manager] PLAYER ELEMENTS: Found '疯狂之手' (ID:50404) vBase=1, vPotential=57
[NPC Spell Manager] PLAYER ELEMENTS: Found 'Bank' (ID:90000) vBase=1, vPotential=0
[NPC Spell Manager] PLAYER ELEMENTS: Found '智能回复' (ID:969500101) vBase=1, vPotential=0
[NPC Spell Manager] PLAYER ELEMENTS: Found '智能增益' (ID:969500102) vBase=1, vPotential=0
[NPC Spell Manager] PLAYER ELEMENTS: Found '智能减益' (ID:969500103) vBase=1, vPotential=0
[NPC Spell Manager] PLAYER ELEMENTS: Found '智能漩涡' (ID:969500111) vBase=1, vPotential=0
[NPC Spell Manager] PLAYER ELEMENTS: Found '智能光线' (ID:969500113) vBase=1, vPotential=0
[NPC Spell Manager] PLAYER ELEMENTS: Found '智能之手' (ID:969500114) vBase=1, vPotential=0
[NPC Spell Manager] PLAYER ELEMENTS: Found '智能之箭' (ID:969500115) vBase=1, vPotential=0
[NPC Spell Manager] PLAYER ELEMENTS: Found '智能具象' (ID:969500116) vBase=1, vPotential=0
[NPC Spell Manager] PLAYER ELEMENTS: Found '智能瘴气' (ID:969500117) vBase=1, vPotential=0
[NPC Spell Manager] PLAYER ELEMENTS: Found '智能之歌' (ID:969500118) vBase=1, vPotential=0
[NPC Spell Manager] PLAYER ELEMENTS: Found '智能之剑' (ID:969500120) vBase=1, vPotential=0
[NPC Spell Manager] PLAYER ELEMENTS: Found '鲜血瘴气' (ID:50714) vBase=1, vPotential=13
[NPC Spell Manager] PLAYER ELEMENTS: Found '月夜之枪' (ID:9155) vBase=1, vPotential=2
[NPC Spell Manager] PLAYER ELEMENTS: Found '黑暗之剑' (ID:51003) vBase=1, vPotential=153
[NPC Spell Manager] PLAYER ELEMENTS: Found '剧毒之剑' (ID:51005) vBase=1, vPotential=16
[NPC Spell Manager] PLAYER ELEMENTS: Found '《朱亚》的祈祷' (ID:6901) vBase=0, vPotential=0
[NPC Spell Manager] PLAYER ELEMENTS: Found '召唤子嗣' (ID:9010) vBase=0, vPotential=0
[NPC Spell Manager] PLAYER TOTAL: Found 99 abilities for 最棒的紫色「霊の魂」
[NPC Spell Manager] REFACTORED: Scanning Player Character: 最棒的紫色「霊の魂」
[NPC Spell Manager] PLAYER ELEMENTS: Found '盗窃之手' (ID:6011) vBase=1, vPotential=0
[NPC Spell Manager] PLAYER ELEMENTS: Found '休息' (ID:6003) vBase=54, vPotential=0
[NPC Spell Manager] PLAYER ELEMENTS: Found '简易制造' (ID:6012) vBase=1, vPotential=0
[NPC Spell Manager] PLAYER ELEMENTS: Found '自残' (ID:6015) vBase=1, vPotential=0
[NPC Spell Manager] PLAYER ELEMENTS: Found '祈祷' (ID:6050) vBase=1, vPotential=0
[NPC Spell Manager] PLAYER ELEMENTS: Found '黑暗之箭' (ID:50503) vBase=9, vPotential=11828
[NPC Spell Manager] PLAYER ELEMENTS: Found '剧毒之箭' (ID:50505) vBase=13, vPotential=11694
[NPC Spell Manager] PLAYER ELEMENTS: Found '脆弱' (ID:8702) vBase=1, vPotential=460
[NPC Spell Manager] PLAYER ELEMENTS: Found '混乱光线' (ID:50310) vBase=2, vPotential=2977
[NPC Spell Manager] PLAYER ELEMENTS: Found '魔力之箭' (ID:50511) vBase=2, vPotential=458
[NPC Spell Manager] PLAYER ELEMENTS: Found '英勇' (ID:8504) vBase=3, vPotential=560
[NPC Spell Manager] PLAYER ELEMENTS: Found '轻伤治疗' (ID:8400) vBase=8, vPotential=967
[NPC Spell Manager] PLAYER ELEMENTS: Found '寄生' (ID:6019) vBase=1, vPotential=0
[NPC Spell Manager] PLAYER ELEMENTS: Found '骑乘' (ID:6018) vBase=1, vPotential=0
[NPC Spell Manager] PLAYER ELEMENTS: Found '寒冰之箭' (ID:50501) vBase=1, vPotential=415
[NPC Spell Manager] PLAYER ELEMENTS: Found '黑暗光线' (ID:50303) vBase=1, vPotential=2855
[NPC Spell Manager] PLAYER ELEMENTS: Found '鲜血之手' (ID:50414) vBase=1, vPotential=173
[NPC Spell Manager] PLAYER ELEMENTS: Found '黑暗瘴气' (ID:50703) vBase=1, vPotential=1848
[NPC Spell Manager] PLAYER ELEMENTS: Found '黑暗之歌' (ID:50803) vBase=1, vPotential=795
[NPC Spell Manager] PLAYER ELEMENTS: Found '看穿透明' (ID:8776) vBase=2, vPotential=347
[NPC Spell Manager] PLAYER ELEMENTS: Found '混乱之球' (ID:50110) vBase=1, vPotential=2134
[NPC Spell Manager] PLAYER ELEMENTS: Found '剧毒之球' (ID:50105) vBase=1, vPotential=2255
[NPC Spell Manager] PLAYER ELEMENTS: Found '自然的拥抱' (ID:8450) vBase=5, vPotential=426
[NPC Spell Manager] PLAYER ELEMENTS: Found '解咒' (ID:8240) vBase=1, vPotential=97
[NPC Spell Manager] PLAYER ELEMENTS: Found '智者' (ID:8503) vBase=1, vPotential=152
[NPC Spell Manager] PLAYER ELEMENTS: Found '魔法地图' (ID:8260) vBase=15, vPotential=296
[NPC Spell Manager] PLAYER ELEMENTS: Found '脱离' (ID:8221) vBase=1, vPotential=177
[NPC Spell Manager] PLAYER ELEMENTS: Found '剧毒瘴气' (ID:50705) vBase=1, vPotential=1931
[NPC Spell Manager] PLAYER ELEMENTS: Found '沉默' (ID:8700) vBase=1, vPotential=187
[NPC Spell Manager] PLAYER ELEMENTS: Found '召唤动物' (ID:9000) vBase=1, vPotential=182
[NPC Spell Manager] PLAYER ELEMENTS: Found '猫眼' (ID:8501) vBase=1, vPotential=361
[NPC Spell Manager] PLAYER ELEMENTS: Found '混乱具象' (ID:50610) vBase=1, vPotential=301
[NPC Spell Manager] PLAYER ELEMENTS: Found '混乱之歌' (ID:50810) vBase=1, vPotential=899
[NPC Spell Manager] PLAYER ELEMENTS: Found '肉体复苏' (ID:8470) vBase=1, vPotential=426
[NPC Spell Manager] PLAYER ELEMENTS: Found '节魔' (ID:6720) vBase=1, vPotential=0
[NPC Spell Manager] PLAYER ELEMENTS: Found '破咒' (ID:9200) vBase=1, vPotential=200
[NPC Spell Manager] PLAYER ELEMENTS: Found '精神复苏' (ID:8471) vBase=1, vPotential=208
[NPC Spell Manager] PLAYER ELEMENTS: Found '归还' (ID:8220) vBase=1, vPotential=124
[NPC Spell Manager] PLAYER ELEMENTS: Found '冲锋' (ID:6450) vBase=1, vPotential=0
[NPC Spell Manager] PLAYER ELEMENTS: Found '召唤阴影' (ID:9050) vBase=1, vPotential=94
[NPC Spell Manager] PLAYER ELEMENTS: Found '传送' (ID:8200) vBase=3, vPotential=162
[NPC Spell Manager] PLAYER ELEMENTS: Found '圣光之手' (ID:50409) vBase=1, vPotential=22
[NPC Spell Manager] PLAYER ELEMENTS: Found '元素保护' (ID:8506) vBase=1, vPotential=329
[NPC Spell Manager] PLAYER ELEMENTS: Found '短距离传送' (ID:8201) vBase=1, vPotential=384
[NPC Spell Manager] PLAYER ELEMENTS: Found '元素伤痕' (ID:8704) vBase=1, vPotential=283
[NPC Spell Manager] PLAYER ELEMENTS: Found '以太光线' (ID:50312) vBase=1, vPotential=16
[NPC Spell Manager] PLAYER ELEMENTS: Found '鲜血光线' (ID:50314) vBase=1, vPotential=46
[NPC Spell Manager] PLAYER ELEMENTS: Found '致命伤治疗' (ID:8402) vBase=2, vPotential=151
[NPC Spell Manager] PLAYER ELEMENTS: Found '地震' (ID:9151) vBase=1, vPotential=9
[NPC Spell Manager] PLAYER ELEMENTS: Found '自我变异' (ID:8380) vBase=1, vPotential=35
[NPC Spell Manager] PLAYER ELEMENTS: Found '寒冰之球' (ID:50101) vBase=1, vPotential=89
[NPC Spell Manager] PLAYER ELEMENTS: Found '神圣之盾' (ID:8502) vBase=1, vPotential=433
[NPC Spell Manager] PLAYER ELEMENTS: Found '蜘蛛网' (ID:8801) vBase=1, vPotential=184
[NPC Spell Manager] PLAYER ELEMENTS: Found '灾祸' (ID:8706) vBase=1, vPotential=288
[NPC Spell Manager] PLAYER ELEMENTS: Found '圣光加护' (ID:8500) vBase=1, vPotential=80
[NPC Spell Manager] PLAYER ELEMENTS: Found '飘浮' (ID:8300) vBase=1, vPotential=146
[NPC Spell Manager] PLAYER ELEMENTS: Found '心灵感应' (ID:8770) vBase=1, vPotential=88
[NPC Spell Manager] PLAYER ELEMENTS: Found '减速' (ID:8710) vBase=1, vPotential=176
[NPC Spell Manager] PLAYER ELEMENTS: Found '清净圣光' (ID:8490) vBase=1, vPotential=302
[NPC Spell Manager] PLAYER ELEMENTS: Found '体力恢复' (ID:8403) vBase=1, vPotential=15
[NPC Spell Manager] PLAYER ELEMENTS: Found '火焰之手' (ID:50400) vBase=1, vPotential=47
[NPC Spell Manager] PLAYER ELEMENTS: Found '鉴定' (ID:8230) vBase=2, vPotential=58
[NPC Spell Manager] PLAYER ELEMENTS: Found '雷电之球' (ID:50102) vBase=1, vPotential=74
[NPC Spell Manager] PLAYER ELEMENTS: Found '暗之雾' (ID:8800) vBase=1, vPotential=203
[NPC Spell Manager] PLAYER ELEMENTS: Found '透明化' (ID:8775) vBase=1, vPotential=35
[NPC Spell Manager] PLAYER ELEMENTS: Found '强酸光线' (ID:50313) vBase=1, vPotential=46
[NPC Spell Manager] PLAYER ELEMENTS: Found '死亡光线' (ID:50306) vBase=1, vPotential=105
[NPC Spell Manager] PLAYER ELEMENTS: Found '强酸之箭' (ID:50513) vBase=1, vPotential=27
[NPC Spell Manager] PLAYER ELEMENTS: Found '加速' (ID:8510) vBase=1, vPotential=77
[NPC Spell Manager] PLAYER ELEMENTS: Found '死亡之手' (ID:50406) vBase=1, vPotential=13
[NPC Spell Manager] PLAYER ELEMENTS: Found '重力场' (ID:8708) vBase=1, vPotential=60
[NPC Spell Manager] PLAYER ELEMENTS: Found '神经之箭' (ID:50508) vBase=1, vPotential=154
[NPC Spell Manager] PLAYER ELEMENTS: Found '轰鸣之球' (ID:50107) vBase=1, vPotential=51
[NPC Spell Manager] PLAYER ELEMENTS: Found '疯狂光线' (ID:50304) vBase=1, vPotential=73
[NPC Spell Manager] PLAYER ELEMENTS: Found '《爱丽丝》的治愈' (ID:8404) vBase=1, vPotential=58
[NPC Spell Manager] PLAYER ELEMENTS: Found '召唤不死妹妹' (ID:9001) vBase=1, vPotential=59
[NPC Spell Manager] PLAYER ELEMENTS: Found '乔装' (ID:8780) vBase=1, vPotential=79
[NPC Spell Manager] PLAYER ELEMENTS: Found '扫帚变形' (ID:8790) vBase=1, vPotential=26
[NPC Spell Manager] PLAYER ELEMENTS: Found '神经光线' (ID:50308) vBase=1, vPotential=17
[NPC Spell Manager] PLAYER ELEMENTS: Found '雷电光线' (ID:50302) vBase=1, vPotential=9
[NPC Spell Manager] PLAYER ELEMENTS: Found '疯狂之手' (ID:50404) vBase=1, vPotential=57
[NPC Spell Manager] PLAYER ELEMENTS: Found 'Bank' (ID:90000) vBase=1, vPotential=0
[NPC Spell Manager] PLAYER ELEMENTS: Found '智能回复' (ID:969500101) vBase=1, vPotential=0
[NPC Spell Manager] PLAYER ELEMENTS: Found '智能增益' (ID:969500102) vBase=1, vPotential=0
[NPC Spell Manager] PLAYER ELEMENTS: Found '智能减益' (ID:969500103) vBase=1, vPotential=0
[NPC Spell Manager] PLAYER ELEMENTS: Found '智能漩涡' (ID:969500111) vBase=1, vPotential=0
[NPC Spell Manager] PLAYER ELEMENTS: Found '智能光线' (ID:969500113) vBase=1, vPotential=0
[NPC Spell Manager] PLAYER ELEMENTS: Found '智能之手' (ID:969500114) vBase=1, vPotential=0
[NPC Spell Manager] PLAYER ELEMENTS: Found '智能之箭' (ID:969500115) vBase=1, vPotential=0
[NPC Spell Manager] PLAYER ELEMENTS: Found '智能具象' (ID:969500116) vBase=1, vPotential=0
[NPC Spell Manager] PLAYER ELEMENTS: Found '智能瘴气' (ID:969500117) vBase=1, vPotential=0
[NPC Spell Manager] PLAYER ELEMENTS: Found '智能之歌' (ID:969500118) vBase=1, vPotential=0
[NPC Spell Manager] PLAYER ELEMENTS: Found '智能之剑' (ID:969500120) vBase=1, vPotential=0
[NPC Spell Manager] PLAYER ELEMENTS: Found '鲜血瘴气' (ID:50714) vBase=1, vPotential=13
[NPC Spell Manager] PLAYER ELEMENTS: Found '月夜之枪' (ID:9155) vBase=1, vPotential=2
[NPC Spell Manager] PLAYER ELEMENTS: Found '黑暗之剑' (ID:51003) vBase=1, vPotential=153
[NPC Spell Manager] PLAYER ELEMENTS: Found '剧毒之剑' (ID:51005) vBase=1, vPotential=16
[NPC Spell Manager] PLAYER ELEMENTS: Found '《朱亚》的祈祷' (ID:6901) vBase=0, vPotential=0
[NPC Spell Manager] PLAYER ELEMENTS: Found '召唤子嗣' (ID:9010) vBase=0, vPotential=0
[NPC Spell Manager] PLAYER TOTAL: Found 99 abilities for 最棒的紫色「霊の魂」
[NPC Spell Manager] DisplayName DEBUG: alias='arrow_Darkness', baseName='黑暗之箭', sourceType=Learned
[NPC Spell Manager] GetDistinguishingSuffix: baseName='黑暗之箭', alias='arrow_Darkness'
[NPC Spell Manager] Using suffix: baseName='黑暗之箭' != cleanAlias='arrow_Darkness'
[NPC Spell Manager] Generated DisplayName: '黑暗之箭 (arrow_Darkness)' (suffix: ' (arrow_Darkness)')
[NPC Spell Manager] DisplayName DEBUG: alias='arrow_Poison', baseName='剧毒之箭', sourceType=Learned
[NPC Spell Manager] GetDistinguishingSuffix: baseName='剧毒之箭', alias='arrow_Poison'
[NPC Spell Manager] Using suffix: baseName='剧毒之箭' != cleanAlias='arrow_Poison'
[NPC Spell Manager] Generated DisplayName: '剧毒之箭 (arrow_Poison)' (suffix: ' (arrow_Poison)')
[NPC Spell Manager] DisplayName DEBUG: alias='SpWeakness', baseName='脆弱', sourceType=Learned
[NPC Spell Manager] GetDistinguishingSuffix: baseName='脆弱', alias='SpWeakness'
[NPC Spell Manager] Using suffix: baseName='脆弱' != cleanAlias='SpWeakness'
[NPC Spell Manager] Generated DisplayName: '脆弱 (SpWeakness)' (suffix: ' (SpWeakness)')
[NPC Spell Manager] DisplayName DEBUG: alias='bolt_Chaos', baseName='混乱光线', sourceType=Learned
[NPC Spell Manager] GetDistinguishingSuffix: baseName='混乱光线', alias='bolt_Chaos'
[NPC Spell Manager] Using suffix: baseName='混乱光线' != cleanAlias='bolt_Chaos'
[NPC Spell Manager] Generated DisplayName: '混乱光线 (bolt_Chaos)' (suffix: ' (bolt_Chaos)')
[NPC Spell Manager] DisplayName DEBUG: alias='arrow_Magic', baseName='魔力之箭', sourceType=Learned
[NPC Spell Manager] GetDistinguishingSuffix: baseName='魔力之箭', alias='arrow_Magic'
[NPC Spell Manager] Using suffix: baseName='魔力之箭' != cleanAlias='arrow_Magic'
[NPC Spell Manager] Generated DisplayName: '魔力之箭 (arrow_Magic)' (suffix: ' (arrow_Magic)')
[NPC Spell Manager] DisplayName DEBUG: alias='SpHero', baseName='英勇', sourceType=Learned
[NPC Spell Manager] GetDistinguishingSuffix: baseName='英勇', alias='SpHero'
[NPC Spell Manager] Using suffix: baseName='英勇' != cleanAlias='SpHero'
[NPC Spell Manager] Generated DisplayName: '英勇 (SpHero)' (suffix: ' (SpHero)')
[NPC Spell Manager] DisplayName DEBUG: alias='SpHealLight', baseName='轻伤治疗', sourceType=Learned
[NPC Spell Manager] GetDistinguishingSuffix: baseName='轻伤治疗', alias='SpHealLight'
[NPC Spell Manager] Using suffix: baseName='轻伤治疗' != cleanAlias='SpHealLight'
[NPC Spell Manager] Generated DisplayName: '轻伤治疗 (SpHealLight)' (suffix: ' (SpHealLight)')
[NPC Spell Manager] DisplayName DEBUG: alias='arrow_Cold', baseName='寒冰之箭', sourceType=Learned
[NPC Spell Manager] GetDistinguishingSuffix: baseName='寒冰之箭', alias='arrow_Cold'
[NPC Spell Manager] Using suffix: baseName='寒冰之箭' != cleanAlias='arrow_Cold'
[NPC Spell Manager] Generated DisplayName: '寒冰之箭 (arrow_Cold)' (suffix: ' (arrow_Cold)')
[NPC Spell Manager] DisplayName DEBUG: alias='bolt_Darkness', baseName='黑暗光线', sourceType=Learned
[NPC Spell Manager] GetDistinguishingSuffix: baseName='黑暗光线', alias='bolt_Darkness'
[NPC Spell Manager] Using suffix: baseName='黑暗光线' != cleanAlias='bolt_Darkness'
[NPC Spell Manager] Generated DisplayName: '黑暗光线 (bolt_Darkness)' (suffix: ' (bolt_Darkness)')
[NPC Spell Manager] DisplayName DEBUG: alias='hand_Cut', baseName='鲜血之手', sourceType=Learned
[NPC Spell Manager] GetDistinguishingSuffix: baseName='鲜血之手', alias='hand_Cut'
[NPC Spell Manager] Using suffix: baseName='鲜血之手' != cleanAlias='hand_Cut'
[NPC Spell Manager] Generated DisplayName: '鲜血之手 (hand_Cut)' (suffix: ' (hand_Cut)')
[NPC Spell Manager] DisplayName DEBUG: alias='miasma_Darkness', baseName='黑暗瘴气', sourceType=Learned
[NPC Spell Manager] GetDistinguishingSuffix: baseName='黑暗瘴气', alias='miasma_Darkness'
[NPC Spell Manager] Using suffix: baseName='黑暗瘴气' != cleanAlias='miasma_Darkness'
[NPC Spell Manager] Generated DisplayName: '黑暗瘴气 (miasma_Darkness)' (suffix: ' (miasma_Darkness)')
[NPC Spell Manager] DisplayName DEBUG: alias='weapon_Darkness', baseName='黑暗之歌', sourceType=Learned
[NPC Spell Manager] GetDistinguishingSuffix: baseName='黑暗之歌', alias='weapon_Darkness'
[NPC Spell Manager] Using suffix: baseName='黑暗之歌' != cleanAlias='weapon_Darkness'
[NPC Spell Manager] Generated DisplayName: '黑暗之歌 (weapon_Darkness)' (suffix: ' (weapon_Darkness)')
[NPC Spell Manager] DisplayName DEBUG: alias='SpSeeInvisible', baseName='看穿透明', sourceType=Learned
[NPC Spell Manager] GetDistinguishingSuffix: baseName='看穿透明', alias='SpSeeInvisible'
[NPC Spell Manager] Using suffix: baseName='看穿透明' != cleanAlias='SpSeeInvisible'
[NPC Spell Manager] Generated DisplayName: '看穿透明 (SpSeeInvisible)' (suffix: ' (SpSeeInvisible)')
[NPC Spell Manager] DisplayName DEBUG: alias='ball_Chaos', baseName='混乱之球', sourceType=Learned
[NPC Spell Manager] GetDistinguishingSuffix: baseName='混乱之球', alias='ball_Chaos'
[NPC Spell Manager] Using suffix: baseName='混乱之球' != cleanAlias='ball_Chaos'
[NPC Spell Manager] Generated DisplayName: '混乱之球 (ball_Chaos)' (suffix: ' (ball_Chaos)')
[NPC Spell Manager] DisplayName DEBUG: alias='ball_Poison', baseName='剧毒之球', sourceType=Learned
[NPC Spell Manager] GetDistinguishingSuffix: baseName='剧毒之球', alias='ball_Poison'
[NPC Spell Manager] Using suffix: baseName='剧毒之球' != cleanAlias='ball_Poison'
[NPC Spell Manager] Generated DisplayName: '剧毒之球 (ball_Poison)' (suffix: ' (ball_Poison)')
[NPC Spell Manager] DisplayName DEBUG: alias='SpHOT', baseName='自然的拥抱', sourceType=Learned
[NPC Spell Manager] GetDistinguishingSuffix: baseName='自然的拥抱', alias='SpHOT'
[NPC Spell Manager] Using suffix: baseName='自然的拥抱' != cleanAlias='SpHOT'
[NPC Spell Manager] Generated DisplayName: '自然的拥抱 (SpHOT)' (suffix: ' (SpHOT)')
[NPC Spell Manager] DisplayName DEBUG: alias='SpUncurse', baseName='解咒', sourceType=Learned
[NPC Spell Manager] GetDistinguishingSuffix: baseName='解咒', alias='SpUncurse'
[NPC Spell Manager] Using suffix: baseName='解咒' != cleanAlias='SpUncurse'
[NPC Spell Manager] Generated DisplayName: '解咒 (SpUncurse)' (suffix: ' (SpUncurse)')
[NPC Spell Manager] DisplayName DEBUG: alias='SpWisdom', baseName='智者', sourceType=Learned
[NPC Spell Manager] GetDistinguishingSuffix: baseName='智者', alias='SpWisdom'
[NPC Spell Manager] Using suffix: baseName='智者' != cleanAlias='SpWisdom'
[NPC Spell Manager] Generated DisplayName: '智者 (SpWisdom)' (suffix: ' (SpWisdom)')
[NPC Spell Manager] DisplayName DEBUG: alias='SpMagicMap', baseName='魔法地图', sourceType=Learned
[NPC Spell Manager] GetDistinguishingSuffix: baseName='魔法地图', alias='SpMagicMap'
[NPC Spell Manager] Using suffix: baseName='魔法地图' != cleanAlias='SpMagicMap'
[NPC Spell Manager] Generated DisplayName: '魔法地图 (SpMagicMap)' (suffix: ' (SpMagicMap)')
[NPC Spell Manager] DisplayName DEBUG: alias='SpEvac', baseName='脱离', sourceType=Learned
[NPC Spell Manager] GetDistinguishingSuffix: baseName='脱离', alias='SpEvac'
[NPC Spell Manager] Using suffix: baseName='脱离' != cleanAlias='SpEvac'
[NPC Spell Manager] Generated DisplayName: '脱离 (SpEvac)' (suffix: ' (SpEvac)')
[NPC Spell Manager] DisplayName DEBUG: alias='miasma_Poison', baseName='剧毒瘴气', sourceType=Learned
[NPC Spell Manager] GetDistinguishingSuffix: baseName='剧毒瘴气', alias='miasma_Poison'
[NPC Spell Manager] Using suffix: baseName='剧毒瘴气' != cleanAlias='miasma_Poison'
[NPC Spell Manager] Generated DisplayName: '剧毒瘴气 (miasma_Poison)' (suffix: ' (miasma_Poison)')
[NPC Spell Manager] DisplayName DEBUG: alias='SpSilence', baseName='沉默', sourceType=Learned
[NPC Spell Manager] GetDistinguishingSuffix: baseName='沉默', alias='SpSilence'
[NPC Spell Manager] Using suffix: baseName='沉默' != cleanAlias='SpSilence'
[NPC Spell Manager] Generated DisplayName: '沉默 (SpSilence)' (suffix: ' (SpSilence)')
[NPC Spell Manager] DisplayName DEBUG: alias='SpSummon', baseName='召唤动物', sourceType=Learned
[NPC Spell Manager] GetDistinguishingSuffix: baseName='召唤动物', alias='SpSummon'
[NPC Spell Manager] Using suffix: baseName='召唤动物' != cleanAlias='SpSummon'
[NPC Spell Manager] Generated DisplayName: '召唤动物 (SpSummon)' (suffix: ' (SpSummon)')
[NPC Spell Manager] DisplayName DEBUG: alias='SpCatsEye', baseName='猫眼', sourceType=Learned
[NPC Spell Manager] GetDistinguishingSuffix: baseName='猫眼', alias='SpCatsEye'
[NPC Spell Manager] Using suffix: baseName='猫眼' != cleanAlias='SpCatsEye'
[NPC Spell Manager] Generated DisplayName: '猫眼 (SpCatsEye)' (suffix: ' (SpCatsEye)')
[NPC Spell Manager] DisplayName DEBUG: alias='funnel_Chaos', baseName='混乱具象', sourceType=Learned
[NPC Spell Manager] GetDistinguishingSuffix: baseName='混乱具象', alias='funnel_Chaos'
[NPC Spell Manager] Using suffix: baseName='混乱具象' != cleanAlias='funnel_Chaos'
[NPC Spell Manager] Generated DisplayName: '混乱具象 (funnel_Chaos)' (suffix: ' (funnel_Chaos)')
[NPC Spell Manager] DisplayName DEBUG: alias='weapon_Chaos', baseName='混乱之歌', sourceType=Learned
[NPC Spell Manager] GetDistinguishingSuffix: baseName='混乱之歌', alias='weapon_Chaos'
[NPC Spell Manager] Using suffix: baseName='混乱之歌' != cleanAlias='weapon_Chaos'
[NPC Spell Manager] Generated DisplayName: '混乱之歌 (weapon_Chaos)' (suffix: ' (weapon_Chaos)')
[NPC Spell Manager] DisplayName DEBUG: alias='SpRestoreBody', baseName='肉体复苏', sourceType=Learned
[NPC Spell Manager] GetDistinguishingSuffix: baseName='肉体复苏', alias='SpRestoreBody'
[NPC Spell Manager] Using suffix: baseName='肉体复苏' != cleanAlias='SpRestoreBody'
[NPC Spell Manager] Generated DisplayName: '肉体复苏 (SpRestoreBody)' (suffix: ' (SpRestoreBody)')
[NPC Spell Manager] DisplayName DEBUG: alias='SpShutterHex', baseName='破咒', sourceType=Learned
[NPC Spell Manager] GetDistinguishingSuffix: baseName='破咒', alias='SpShutterHex'
[NPC Spell Manager] Using suffix: baseName='破咒' != cleanAlias='SpShutterHex'
[NPC Spell Manager] Generated DisplayName: '破咒 (SpShutterHex)' (suffix: ' (SpShutterHex)')
[NPC Spell Manager] DisplayName DEBUG: alias='SpRestoreMind', baseName='精神复苏', sourceType=Learned
[NPC Spell Manager] GetDistinguishingSuffix: baseName='精神复苏', alias='SpRestoreMind'
[NPC Spell Manager] Using suffix: baseName='精神复苏' != cleanAlias='SpRestoreMind'
[NPC Spell Manager] Generated DisplayName: '精神复苏 (SpRestoreMind)' (suffix: ' (SpRestoreMind)')
[NPC Spell Manager] DisplayName DEBUG: alias='SpReturn', baseName='归还', sourceType=Learned
[NPC Spell Manager] GetDistinguishingSuffix: baseName='归还', alias='SpReturn'
[NPC Spell Manager] Using suffix: baseName='归还' != cleanAlias='SpReturn'
[NPC Spell Manager] Generated DisplayName: '归还 (SpReturn)' (suffix: ' (SpReturn)')
[NPC Spell Manager] DisplayName DEBUG: alias='SpSummonShadow', baseName='召唤阴影', sourceType=Learned
[NPC Spell Manager] GetDistinguishingSuffix: baseName='召唤阴影', alias='SpSummonShadow'
[NPC Spell Manager] Using suffix: baseName='召唤阴影' != cleanAlias='SpSummonShadow'
[NPC Spell Manager] Generated DisplayName: '召唤阴影 (SpSummonShadow)' (suffix: ' (SpSummonShadow)')
[NPC Spell Manager] DisplayName DEBUG: alias='SpTeleport', baseName='传送', sourceType=Learned
[NPC Spell Manager] GetDistinguishingSuffix: baseName='传送', alias='SpTeleport'
[NPC Spell Manager] Using suffix: baseName='传送' != cleanAlias='SpTeleport'
[NPC Spell Manager] Generated DisplayName: '传送 (SpTeleport)' (suffix: ' (SpTeleport)')
[NPC Spell Manager] DisplayName DEBUG: alias='hand_Holy', baseName='圣光之手', sourceType=Learned
[NPC Spell Manager] GetDistinguishingSuffix: baseName='圣光之手', alias='hand_Holy'
[NPC Spell Manager] Using suffix: baseName='圣光之手' != cleanAlias='hand_Holy'
[NPC Spell Manager] Generated DisplayName: '圣光之手 (hand_Holy)' (suffix: ' (hand_Holy)')
[NPC Spell Manager] DisplayName DEBUG: alias='SpResEle', baseName='元素保护', sourceType=Learned
[NPC Spell Manager] GetDistinguishingSuffix: baseName='元素保护', alias='SpResEle'
[NPC Spell Manager] Using suffix: baseName='元素保护' != cleanAlias='SpResEle'
[NPC Spell Manager] Generated DisplayName: '元素保护 (SpResEle)' (suffix: ' (SpResEle)')
[NPC Spell Manager] DisplayName DEBUG: alias='SpTeleportShort', baseName='短距离传送', sourceType=Learned
[NPC Spell Manager] GetDistinguishingSuffix: baseName='短距离传送', alias='SpTeleportShort'
[NPC Spell Manager] Using suffix: baseName='短距离传送' != cleanAlias='SpTeleportShort'
[NPC Spell Manager] Generated DisplayName: '短距离传送 (SpTeleportShort)' (suffix: ' (SpTeleportShort)')
[NPC Spell Manager] DisplayName DEBUG: alias='SpWeakResEle', baseName='元素伤痕', sourceType=Learned
[NPC Spell Manager] GetDistinguishingSuffix: baseName='元素伤痕', alias='SpWeakResEle'
[NPC Spell Manager] Using suffix: baseName='元素伤痕' != cleanAlias='SpWeakResEle'
[NPC Spell Manager] Generated DisplayName: '元素伤痕 (SpWeakResEle)' (suffix: ' (SpWeakResEle)')
[NPC Spell Manager] DisplayName DEBUG: alias='bolt_Ether', baseName='以太光线', sourceType=Learned
[NPC Spell Manager] GetDistinguishingSuffix: baseName='以太光线', alias='bolt_Ether'
[NPC Spell Manager] Using suffix: baseName='以太光线' != cleanAlias='bolt_Ether'
[NPC Spell Manager] Generated DisplayName: '以太光线 (bolt_Ether)' (suffix: ' (bolt_Ether)')
[NPC Spell Manager] DisplayName DEBUG: alias='bolt_Cut', baseName='鲜血光线', sourceType=Learned
[NPC Spell Manager] GetDistinguishingSuffix: baseName='鲜血光线', alias='bolt_Cut'
[NPC Spell Manager] Using suffix: baseName='鲜血光线' != cleanAlias='bolt_Cut'
[NPC Spell Manager] Generated DisplayName: '鲜血光线 (bolt_Cut)' (suffix: ' (bolt_Cut)')
[NPC Spell Manager] DisplayName DEBUG: alias='SpHealCritical', baseName='致命伤治疗', sourceType=Learned
[NPC Spell Manager] GetDistinguishingSuffix: baseName='致命伤治疗', alias='SpHealCritical'
[NPC Spell Manager] Using suffix: baseName='致命伤治疗' != cleanAlias='SpHealCritical'
[NPC Spell Manager] Generated DisplayName: '致命伤治疗 (SpHealCritical)' (suffix: ' (SpHealCritical)')
[NPC Spell Manager] DisplayName DEBUG: alias='SpEarthquake', baseName='地震', sourceType=Learned
[NPC Spell Manager] GetDistinguishingSuffix: baseName='地震', alias='SpEarthquake'
[NPC Spell Manager] Using suffix: baseName='地震' != cleanAlias='SpEarthquake'
[NPC Spell Manager] Generated DisplayName: '地震 (SpEarthquake)' (suffix: ' (SpEarthquake)')
[NPC Spell Manager] DisplayName DEBUG: alias='SpMutation', baseName='自我变异', sourceType=Learned
[NPC Spell Manager] GetDistinguishingSuffix: baseName='自我变异', alias='SpMutation'
[NPC Spell Manager] Using suffix: baseName='自我变异' != cleanAlias='SpMutation'
[NPC Spell Manager] Generated DisplayName: '自我变异 (SpMutation)' (suffix: ' (SpMutation)')
[NPC Spell Manager] DisplayName DEBUG: alias='ball_Cold', baseName='寒冰之球', sourceType=Learned
[NPC Spell Manager] GetDistinguishingSuffix: baseName='寒冰之球', alias='ball_Cold'
[NPC Spell Manager] Using suffix: baseName='寒冰之球' != cleanAlias='ball_Cold'
[NPC Spell Manager] Generated DisplayName: '寒冰之球 (ball_Cold)' (suffix: ' (ball_Cold)')
[NPC Spell Manager] DisplayName DEBUG: alias='SpHolyShield', baseName='神圣之盾', sourceType=Learned
[NPC Spell Manager] GetDistinguishingSuffix: baseName='神圣之盾', alias='SpHolyShield'
[NPC Spell Manager] Using suffix: baseName='神圣之盾' != cleanAlias='SpHolyShield'
[NPC Spell Manager] Generated DisplayName: '神圣之盾 (SpHolyShield)' (suffix: ' (SpHolyShield)')
[NPC Spell Manager] DisplayName DEBUG: alias='SpWeb', baseName='蜘蛛网', sourceType=Learned
[NPC Spell Manager] GetDistinguishingSuffix: baseName='蜘蛛网', alias='SpWeb'
[NPC Spell Manager] Using suffix: baseName='蜘蛛网' != cleanAlias='SpWeb'
[NPC Spell Manager] Generated DisplayName: '蜘蛛网 (SpWeb)' (suffix: ' (SpWeb)')
[NPC Spell Manager] DisplayName DEBUG: alias='SpBane', baseName='灾祸', sourceType=Learned
[NPC Spell Manager] GetDistinguishingSuffix: baseName='灾祸', alias='SpBane'
[NPC Spell Manager] Using suffix: baseName='灾祸' != cleanAlias='SpBane'
[NPC Spell Manager] Generated DisplayName: '灾祸 (SpBane)' (suffix: ' (SpBane)')
[NPC Spell Manager] DisplayName DEBUG: alias='SpHolyVeil', baseName='圣光加护', sourceType=Learned
[NPC Spell Manager] GetDistinguishingSuffix: baseName='圣光加护', alias='SpHolyVeil'
[NPC Spell Manager] Using suffix: baseName='圣光加护' != cleanAlias='SpHolyVeil'
[NPC Spell Manager] Generated DisplayName: '圣光加护 (SpHolyVeil)' (suffix: ' (SpHolyVeil)')
[NPC Spell Manager] DisplayName DEBUG: alias='SpLevitate', baseName='飘浮', sourceType=Learned
[NPC Spell Manager] GetDistinguishingSuffix: baseName='飘浮', alias='SpLevitate'
[NPC Spell Manager] Using suffix: baseName='飘浮' != cleanAlias='SpLevitate'
[NPC Spell Manager] Generated DisplayName: '飘浮 (SpLevitate)' (suffix: ' (SpLevitate)')
[NPC Spell Manager] DisplayName DEBUG: alias='SpTelepathy', baseName='心灵感应', sourceType=Learned
[NPC Spell Manager] GetDistinguishingSuffix: baseName='心灵感应', alias='SpTelepathy'
[NPC Spell Manager] Using suffix: baseName='心灵感应' != cleanAlias='SpTelepathy'
[NPC Spell Manager] Generated DisplayName: '心灵感应 (SpTelepathy)' (suffix: ' (SpTelepathy)')
[NPC Spell Manager] DisplayName DEBUG: alias='SpSpeedDown', baseName='减速', sourceType=Learned
[NPC Spell Manager] GetDistinguishingSuffix: baseName='减速', alias='SpSpeedDown'
[NPC Spell Manager] Using suffix: baseName='减速' != cleanAlias='SpSpeedDown'
[NPC Spell Manager] Generated DisplayName: '减速 (SpSpeedDown)' (suffix: ' (SpSpeedDown)')
[NPC Spell Manager] DisplayName DEBUG: alias='SpRemoveHex', baseName='清净圣光', sourceType=Learned
[NPC Spell Manager] GetDistinguishingSuffix: baseName='清净圣光', alias='SpRemoveHex'
[NPC Spell Manager] Using suffix: baseName='清净圣光' != cleanAlias='SpRemoveHex'
[NPC Spell Manager] Generated DisplayName: '清净圣光 (SpRemoveHex)' (suffix: ' (SpRemoveHex)')
[NPC Spell Manager] DisplayName DEBUG: alias='SpHeal', baseName='体力恢复', sourceType=Learned
[NPC Spell Manager] GetDistinguishingSuffix: baseName='体力恢复', alias='SpHeal'
[NPC Spell Manager] Using suffix: baseName='体力恢复' != cleanAlias='SpHeal'
[NPC Spell Manager] Generated DisplayName: '体力恢复 (SpHeal)' (suffix: ' (SpHeal)')
[NPC Spell Manager] DisplayName DEBUG: alias='hand_Fire', baseName='火焰之手', sourceType=Learned
[NPC Spell Manager] GetDistinguishingSuffix: baseName='火焰之手', alias='hand_Fire'
[NPC Spell Manager] Using suffix: baseName='火焰之手' != cleanAlias='hand_Fire'
[NPC Spell Manager] Generated DisplayName: '火焰之手 (hand_Fire)' (suffix: ' (hand_Fire)')
[NPC Spell Manager] DisplayName DEBUG: alias='SpIdentify', baseName='鉴定', sourceType=Learned
[NPC Spell Manager] GetDistinguishingSuffix: baseName='鉴定', alias='SpIdentify'
[NPC Spell Manager] Using suffix: baseName='鉴定' != cleanAlias='SpIdentify'
[NPC Spell Manager] Generated DisplayName: '鉴定 (SpIdentify)' (suffix: ' (SpIdentify)')
[NPC Spell Manager] DisplayName DEBUG: alias='ball_Lightning', baseName='雷电之球', sourceType=Learned
[NPC Spell Manager] GetDistinguishingSuffix: baseName='雷电之球', alias='ball_Lightning'
[NPC Spell Manager] Using suffix: baseName='雷电之球' != cleanAlias='ball_Lightning'
[NPC Spell Manager] Generated DisplayName: '雷电之球 (ball_Lightning)' (suffix: ' (ball_Lightning)')
[NPC Spell Manager] DisplayName DEBUG: alias='SpDarkness', baseName='暗之雾', sourceType=Learned
[NPC Spell Manager] GetDistinguishingSuffix: baseName='暗之雾', alias='SpDarkness'
[NPC Spell Manager] Using suffix: baseName='暗之雾' != cleanAlias='SpDarkness'
[NPC Spell Manager] Generated DisplayName: '暗之雾 (SpDarkness)' (suffix: ' (SpDarkness)')
[NPC Spell Manager] DisplayName DEBUG: alias='SpInvisibility', baseName='透明化', sourceType=Learned
[NPC Spell Manager] GetDistinguishingSuffix: baseName='透明化', alias='SpInvisibility'
[NPC Spell Manager] Using suffix: baseName='透明化' != cleanAlias='SpInvisibility'
[NPC Spell Manager] Generated DisplayName: '透明化 (SpInvisibility)' (suffix: ' (SpInvisibility)')
[NPC Spell Manager] DisplayName DEBUG: alias='bolt_Acid', baseName='强酸光线', sourceType=Learned
[NPC Spell Manager] GetDistinguishingSuffix: baseName='强酸光线', alias='bolt_Acid'
[NPC Spell Manager] Using suffix: baseName='强酸光线' != cleanAlias='bolt_Acid'
[NPC Spell Manager] Generated DisplayName: '强酸光线 (bolt_Acid)' (suffix: ' (bolt_Acid)')
[NPC Spell Manager] DisplayName DEBUG: alias='bolt_Nether', baseName='死亡光线', sourceType=Learned
[NPC Spell Manager] GetDistinguishingSuffix: baseName='死亡光线', alias='bolt_Nether'
[NPC Spell Manager] Using suffix: baseName='死亡光线' != cleanAlias='bolt_Nether'
[NPC Spell Manager] Generated DisplayName: '死亡光线 (bolt_Nether)' (suffix: ' (bolt_Nether)')
[NPC Spell Manager] DisplayName DEBUG: alias='arrow_Acid', baseName='强酸之箭', sourceType=Learned
[NPC Spell Manager] GetDistinguishingSuffix: baseName='强酸之箭', alias='arrow_Acid'
[NPC Spell Manager] Using suffix: baseName='强酸之箭' != cleanAlias='arrow_Acid'
[NPC Spell Manager] Generated DisplayName: '强酸之箭 (arrow_Acid)' (suffix: ' (arrow_Acid)')
[NPC Spell Manager] DisplayName DEBUG: alias='SpSpeedUp', baseName='加速', sourceType=Learned
[NPC Spell Manager] GetDistinguishingSuffix: baseName='加速', alias='SpSpeedUp'
[NPC Spell Manager] Using suffix: baseName='加速' != cleanAlias='SpSpeedUp'
[NPC Spell Manager] Generated DisplayName: '加速 (SpSpeedUp)' (suffix: ' (SpSpeedUp)')
[NPC Spell Manager] DisplayName DEBUG: alias='hand_Nether', baseName='死亡之手', sourceType=Learned
[NPC Spell Manager] GetDistinguishingSuffix: baseName='死亡之手', alias='hand_Nether'
[NPC Spell Manager] Using suffix: baseName='死亡之手' != cleanAlias='hand_Nether'
[NPC Spell Manager] Generated DisplayName: '死亡之手 (hand_Nether)' (suffix: ' (hand_Nether)')
[NPC Spell Manager] DisplayName DEBUG: alias='SpGravity', baseName='重力场', sourceType=Learned
[NPC Spell Manager] GetDistinguishingSuffix: baseName='重力场', alias='SpGravity'
[NPC Spell Manager] Using suffix: baseName='重力场' != cleanAlias='SpGravity'
[NPC Spell Manager] Generated DisplayName: '重力场 (SpGravity)' (suffix: ' (SpGravity)')
[NPC Spell Manager] DisplayName DEBUG: alias='arrow_Nerve', baseName='神经之箭', sourceType=Learned
[NPC Spell Manager] GetDistinguishingSuffix: baseName='神经之箭', alias='arrow_Nerve'
[NPC Spell Manager] Using suffix: baseName='神经之箭' != cleanAlias='arrow_Nerve'
[NPC Spell Manager] Generated DisplayName: '神经之箭 (arrow_Nerve)' (suffix: ' (arrow_Nerve)')
[NPC Spell Manager] DisplayName DEBUG: alias='ball_Sound', baseName='轰鸣之球', sourceType=Learned
[NPC Spell Manager] GetDistinguishingSuffix: baseName='轰鸣之球', alias='ball_Sound'
[NPC Spell Manager] Using suffix: baseName='轰鸣之球' != cleanAlias='ball_Sound'
[NPC Spell Manager] Generated DisplayName: '轰鸣之球 (ball_Sound)' (suffix: ' (ball_Sound)')
[NPC Spell Manager] DisplayName DEBUG: alias='bolt_Mind', baseName='疯狂光线', sourceType=Learned
[NPC Spell Manager] GetDistinguishingSuffix: baseName='疯狂光线', alias='bolt_Mind'
[NPC Spell Manager] Using suffix: baseName='疯狂光线' != cleanAlias='bolt_Mind'
[NPC Spell Manager] Generated DisplayName: '疯狂光线 (bolt_Mind)' (suffix: ' (bolt_Mind)')
[NPC Spell Manager] DisplayName DEBUG: alias='SpHealEris', baseName='《爱丽丝》的治愈', sourceType=Learned
[NPC Spell Manager] GetDistinguishingSuffix: baseName='《爱丽丝》的治愈', alias='SpHealEris'
[NPC Spell Manager] Using suffix: baseName='《爱丽丝》的治愈' != cleanAlias='SpHealEris'
[NPC Spell Manager] Generated DisplayName: '《爱丽丝》的治愈 (SpHealEris)' (suffix: ' (SpHealEris)')
[NPC Spell Manager] DisplayName DEBUG: alias='SpSummonUndeadSister', baseName='召唤不死妹妹', sourceType=Learned
[NPC Spell Manager] GetDistinguishingSuffix: baseName='召唤不死妹妹', alias='SpSummonUndeadSister'
[NPC Spell Manager] Using suffix: baseName='召唤不死妹妹' != cleanAlias='SpSummonUndeadSister'
[NPC Spell Manager] Generated DisplayName: '召唤不死妹妹 (SpSummonUndeadSister)' (suffix: ' (SpSummonUndeadSister)')
[NPC Spell Manager] DisplayName DEBUG: alias='SpIncognito', baseName='乔装', sourceType=Learned
[NPC Spell Manager] GetDistinguishingSuffix: baseName='乔装', alias='SpIncognito'
[NPC Spell Manager] Using suffix: baseName='乔装' != cleanAlias='SpIncognito'
[NPC Spell Manager] Generated DisplayName: '乔装 (SpIncognito)' (suffix: ' (SpIncognito)')
[NPC Spell Manager] DisplayName DEBUG: alias='SpTransmuteBroom', baseName='扫帚变形', sourceType=Learned
[NPC Spell Manager] GetDistinguishingSuffix: baseName='扫帚变形', alias='SpTransmuteBroom'
[NPC Spell Manager] Using suffix: baseName='扫帚变形' != cleanAlias='SpTransmuteBroom'
[NPC Spell Manager] Generated DisplayName: '扫帚变形 (SpTransmuteBroom)' (suffix: ' (SpTransmuteBroom)')
[NPC Spell Manager] DisplayName DEBUG: alias='bolt_Nerve', baseName='神经光线', sourceType=Learned
[NPC Spell Manager] GetDistinguishingSuffix: baseName='神经光线', alias='bolt_Nerve'
[NPC Spell Manager] Using suffix: baseName='神经光线' != cleanAlias='bolt_Nerve'
[NPC Spell Manager] Generated DisplayName: '神经光线 (bolt_Nerve)' (suffix: ' (bolt_Nerve)')
[NPC Spell Manager] DisplayName DEBUG: alias='bolt_Lightning', baseName='雷电光线', sourceType=Learned
[NPC Spell Manager] GetDistinguishingSuffix: baseName='雷电光线', alias='bolt_Lightning'
[NPC Spell Manager] Using suffix: baseName='雷电光线' != cleanAlias='bolt_Lightning'
[NPC Spell Manager] Generated DisplayName: '雷电光线 (bolt_Lightning)' (suffix: ' (bolt_Lightning)')
[NPC Spell Manager] DisplayName DEBUG: alias='hand_Mind', baseName='疯狂之手', sourceType=Learned
[NPC Spell Manager] GetDistinguishingSuffix: baseName='疯狂之手', alias='hand_Mind'
[NPC Spell Manager] Using suffix: baseName='疯狂之手' != cleanAlias='hand_Mind'
[NPC Spell Manager] Generated DisplayName: '疯狂之手 (hand_Mind)' (suffix: ' (hand_Mind)')
[NPC Spell Manager] DisplayName DEBUG: alias='miasma_Cut', baseName='鲜血瘴气', sourceType=Learned
[NPC Spell Manager] GetDistinguishingSuffix: baseName='鲜血瘴气', alias='miasma_Cut'
[NPC Spell Manager] Using suffix: baseName='鲜血瘴气' != cleanAlias='miasma_Cut'
[NPC Spell Manager] Generated DisplayName: '鲜血瘴气 (miasma_Cut)' (suffix: ' (miasma_Cut)')
[NPC Spell Manager] DisplayName DEBUG: alias='SpMoonSpear', baseName='月夜之枪', sourceType=Learned
[NPC Spell Manager] GetDistinguishingSuffix: baseName='月夜之枪', alias='SpMoonSpear'
[NPC Spell Manager] Using suffix: baseName='月夜之枪' != cleanAlias='SpMoonSpear'
[NPC Spell Manager] Generated DisplayName: '月夜之枪 (SpMoonSpear)' (suffix: ' (SpMoonSpear)')
[NPC Spell Manager] DisplayName DEBUG: alias='sword_Darkness', baseName='黑暗之剑', sourceType=Learned
[NPC Spell Manager] GetDistinguishingSuffix: baseName='黑暗之剑', alias='sword_Darkness'
[NPC Spell Manager] Using suffix: baseName='黑暗之剑' != cleanAlias='sword_Darkness'
[NPC Spell Manager] Generated DisplayName: '黑暗之剑 (sword_Darkness)' (suffix: ' (sword_Darkness)')
[NPC Spell Manager] DisplayName DEBUG: alias='sword_Poison', baseName='剧毒之剑', sourceType=Learned
[NPC Spell Manager] GetDistinguishingSuffix: baseName='剧毒之剑', alias='sword_Poison'
[NPC Spell Manager] Using suffix: baseName='剧毒之剑' != cleanAlias='sword_Poison'
[NPC Spell Manager] Generated DisplayName: '剧毒之剑 (sword_Poison)' (suffix: ' (sword_Poison)')
[NPC Spell Manager] DisplayName DEBUG: alias='SpSummonShubKid', baseName='召唤子嗣', sourceType=Learned
[NPC Spell Manager] GetDistinguishingSuffix: baseName='召唤子嗣', alias='SpSummonShubKid'
[NPC Spell Manager] Using suffix: baseName='召唤子嗣' != cleanAlias='SpSummonShubKid'
[NPC Spell Manager] Generated DisplayName: '召唤子嗣 (SpSummonShubKid)' (suffix: ' (SpSummonShubKid)')
[NPC Spell Manager] Filtered out basic action (already known): ActWait
[NPC Spell Manager] Filtered out basic action (already known): ActMelee
[NPC Spell Manager] Filtered out basic action (already known): Melee
[NPC Spell Manager] Filtered out generic/broken name: Use -> 'Use'
[NPC Spell Manager] Filtered out generic/broken name: General -> 'general'
[NPC Spell Manager] Filtered out Task behavior: TaskMine
[NPC Spell Manager] Filtered out Task behavior: TaskDig
[NPC Spell Manager] Filtered out Task behavior: TaskCut
[NPC Spell Manager] Filtered out AI behavior from PC: AI_Goto
[NPC Spell Manager] Filtered out basic action (already known): ActAttack
[NPC Spell Manager] Filtered out Task behavior: TaskPlow
[NPC Spell Manager] Filtered out Task behavior: TaskAttack
[NPC Spell Manager] Filtered out Task behavior: TaskTame
[NPC Spell Manager] Filtered out Task behavior: TaskTalk
[NPC Spell Manager] Filtered out Task behavior: TaskPick
[NPC Spell Manager] Filtered out Task behavior: TaskReadBoard
[NPC Spell Manager] Filtered out Task behavior: TaskFarm
[NPC Spell Manager] Filtered out Task behavior: TaskTrain
[NPC Spell Manager] Filtered out Task behavior: TaskSleepOnBed
[NPC Spell Manager] Filtered out Task behavior: TaskGoOut
[NPC Spell Manager] Filtered out AI behavior from PC: AI_Eat
[NPC Spell Manager] Filtered out AI behavior from PC: AI_Grab
[NPC Spell Manager] Filtered out AI behavior from PC: AI_Haul
[NPC Spell Manager] Filtered out broken numeric name: ActReleaseHeld -> '8'
[NPC Spell Manager] Filtered out AI behavior from PC: AI_Offer
[NPC Spell Manager] Filtered out AI behavior from PC: AI_ReleaseHeld
[NPC Spell Manager] Filtered out AI behavior from PC: AI_Deconstruct
[NPC Spell Manager] Filtered out AI behavior from PC: AI_Equip
[NPC Spell Manager] Filtered out broken numeric name: ActCancelTask -> '13'
[NPC Spell Manager] Filtered out Task behavior: TaskBuild
[NPC Spell Manager] Filtered out Task behavior: TaskMoveInstalled
[NPC Spell Manager] Filtered out broken ability: ActNoItem
[NPC Spell Manager] Filtered out basic action (already known): ActThrow
[NPC Spell Manager] Filtered out AI behavior from PC: AI_Fish
[NPC Spell Manager] Filtered out basic action (already known): ActRanged
[NPC Spell Manager] Filtered out AI behavior from PC: AI_Read
[NPC Spell Manager] Filtered out basic action (already known): ActKick
[NPC Spell Manager] Filtered out AI behavior from PC: AI_TendAnimal
[NPC Spell Manager] Filtered out basic action (already known): ActChat
[NPC Spell Manager] Filtered out AI behavior from PC: AI_Drink
[NPC Spell Manager] Filtered out broken ability: ActInstall
[NPC Spell Manager] Filtered out basic action (already known): ActPick
[NPC Spell Manager] Filtered out AI behavior from PC: AI_OpenLock
[NPC Spell Manager] Filtered out AI behavior from PC: AI_Sleep
[NPC Spell Manager] Filtered out Task behavior: TaskHarvest
[NPC Spell Manager] Filtered out AI behavior from PC: AI_Bladder
[NPC Spell Manager] Filtered out AI behavior from PC: AI_PlayMusic
[NPC Spell Manager] Filtered out AI behavior from PC: AI_Meditate
[NPC Spell Manager] Filtered out AI behavior from PC: AI_Steal
[NPC Spell Manager] Filtered out AI behavior from PC: AI_PassTime
[NPC Spell Manager] Filtered out AI behavior from PC: AI_SelfHarm
[NPC Spell Manager] Available abilities for ADD dropdown: 95
[NPC Spell Manager] PC abilities in base scan: 0 ()
[NPC Spell Manager] PC abilities after filtering: 0 ()
[NPC Spell Manager] REFACTORED: Scanning Player Character: 最棒的紫色「霊の魂」
[NPC Spell Manager] PLAYER ELEMENTS: Found '盗窃之手' (ID:6011) vBase=1, vPotential=0
[NPC Spell Manager] PLAYER ELEMENTS: Found '休息' (ID:6003) vBase=54, vPotential=0
[NPC Spell Manager] PLAYER ELEMENTS: Found '简易制造' (ID:6012) vBase=1, vPotential=0
[NPC Spell Manager] PLAYER ELEMENTS: Found '自残' (ID:6015) vBase=1, vPotential=0
[NPC Spell Manager] PLAYER ELEMENTS: Found '祈祷' (ID:6050) vBase=1, vPotential=0
[NPC Spell Manager] PLAYER ELEMENTS: Found '黑暗之箭' (ID:50503) vBase=9, vPotential=11828
[NPC Spell Manager] PLAYER ELEMENTS: Found '剧毒之箭' (ID:50505) vBase=13, vPotential=11694
[NPC Spell Manager] PLAYER ELEMENTS: Found '脆弱' (ID:8702) vBase=1, vPotential=460
[NPC Spell Manager] PLAYER ELEMENTS: Found '混乱光线' (ID:50310) vBase=2, vPotential=2977
[NPC Spell Manager] PLAYER ELEMENTS: Found '魔力之箭' (ID:50511) vBase=2, vPotential=458
[NPC Spell Manager] PLAYER ELEMENTS: Found '英勇' (ID:8504) vBase=3, vPotential=560
[NPC Spell Manager] PLAYER ELEMENTS: Found '轻伤治疗' (ID:8400) vBase=8, vPotential=967
[NPC Spell Manager] PLAYER ELEMENTS: Found '寄生' (ID:6019) vBase=1, vPotential=0
[NPC Spell Manager] PLAYER ELEMENTS: Found '骑乘' (ID:6018) vBase=1, vPotential=0
[NPC Spell Manager] PLAYER ELEMENTS: Found '寒冰之箭' (ID:50501) vBase=1, vPotential=415
[NPC Spell Manager] PLAYER ELEMENTS: Found '黑暗光线' (ID:50303) vBase=1, vPotential=2855
[NPC Spell Manager] PLAYER ELEMENTS: Found '鲜血之手' (ID:50414) vBase=1, vPotential=173
[NPC Spell Manager] PLAYER ELEMENTS: Found '黑暗瘴气' (ID:50703) vBase=1, vPotential=1848
[NPC Spell Manager] PLAYER ELEMENTS: Found '黑暗之歌' (ID:50803) vBase=1, vPotential=795
[NPC Spell Manager] PLAYER ELEMENTS: Found '看穿透明' (ID:8776) vBase=2, vPotential=347
[NPC Spell Manager] PLAYER ELEMENTS: Found '混乱之球' (ID:50110) vBase=1, vPotential=2134
[NPC Spell Manager] PLAYER ELEMENTS: Found '剧毒之球' (ID:50105) vBase=1, vPotential=2255
[NPC Spell Manager] PLAYER ELEMENTS: Found '自然的拥抱' (ID:8450) vBase=5, vPotential=426
[NPC Spell Manager] PLAYER ELEMENTS: Found '解咒' (ID:8240) vBase=1, vPotential=97
[NPC Spell Manager] PLAYER ELEMENTS: Found '智者' (ID:8503) vBase=1, vPotential=152
[NPC Spell Manager] PLAYER ELEMENTS: Found '魔法地图' (ID:8260) vBase=15, vPotential=296
[NPC Spell Manager] PLAYER ELEMENTS: Found '脱离' (ID:8221) vBase=1, vPotential=177
[NPC Spell Manager] PLAYER ELEMENTS: Found '剧毒瘴气' (ID:50705) vBase=1, vPotential=1931
[NPC Spell Manager] PLAYER ELEMENTS: Found '沉默' (ID:8700) vBase=1, vPotential=187
[NPC Spell Manager] PLAYER ELEMENTS: Found '召唤动物' (ID:9000) vBase=1, vPotential=182
[NPC Spell Manager] PLAYER ELEMENTS: Found '猫眼' (ID:8501) vBase=1, vPotential=361
[NPC Spell Manager] PLAYER ELEMENTS: Found '混乱具象' (ID:50610) vBase=1, vPotential=301
[NPC Spell Manager] PLAYER ELEMENTS: Found '混乱之歌' (ID:50810) vBase=1, vPotential=899
[NPC Spell Manager] PLAYER ELEMENTS: Found '肉体复苏' (ID:8470) vBase=1, vPotential=426
[NPC Spell Manager] PLAYER ELEMENTS: Found '节魔' (ID:6720) vBase=1, vPotential=0
[NPC Spell Manager] PLAYER ELEMENTS: Found '破咒' (ID:9200) vBase=1, vPotential=200
[NPC Spell Manager] PLAYER ELEMENTS: Found '精神复苏' (ID:8471) vBase=1, vPotential=208
[NPC Spell Manager] PLAYER ELEMENTS: Found '归还' (ID:8220) vBase=1, vPotential=124
[NPC Spell Manager] PLAYER ELEMENTS: Found '冲锋' (ID:6450) vBase=1, vPotential=0
[NPC Spell Manager] PLAYER ELEMENTS: Found '召唤阴影' (ID:9050) vBase=1, vPotential=94
[NPC Spell Manager] PLAYER ELEMENTS: Found '传送' (ID:8200) vBase=3, vPotential=162
[NPC Spell Manager] PLAYER ELEMENTS: Found '圣光之手' (ID:50409) vBase=1, vPotential=22
[NPC Spell Manager] PLAYER ELEMENTS: Found '元素保护' (ID:8506) vBase=1, vPotential=329
[NPC Spell Manager] PLAYER ELEMENTS: Found '短距离传送' (ID:8201) vBase=1, vPotential=384
[NPC Spell Manager] PLAYER ELEMENTS: Found '元素伤痕' (ID:8704) vBase=1, vPotential=283
[NPC Spell Manager] PLAYER ELEMENTS: Found '以太光线' (ID:50312) vBase=1, vPotential=16
[NPC Spell Manager] PLAYER ELEMENTS: Found '鲜血光线' (ID:50314) vBase=1, vPotential=46
[NPC Spell Manager] PLAYER ELEMENTS: Found '致命伤治疗' (ID:8402) vBase=2, vPotential=151
[NPC Spell Manager] PLAYER ELEMENTS: Found '地震' (ID:9151) vBase=1, vPotential=9
[NPC Spell Manager] PLAYER ELEMENTS: Found '自我变异' (ID:8380) vBase=1, vPotential=35
[NPC Spell Manager] PLAYER ELEMENTS: Found '寒冰之球' (ID:50101) vBase=1, vPotential=89
[NPC Spell Manager] PLAYER ELEMENTS: Found '神圣之盾' (ID:8502) vBase=1, vPotential=433
[NPC Spell Manager] PLAYER ELEMENTS: Found '蜘蛛网' (ID:8801) vBase=1, vPotential=184
[NPC Spell Manager] PLAYER ELEMENTS: Found '灾祸' (ID:8706) vBase=1, vPotential=288
[NPC Spell Manager] PLAYER ELEMENTS: Found '圣光加护' (ID:8500) vBase=1, vPotential=80
[NPC Spell Manager] PLAYER ELEMENTS: Found '飘浮' (ID:8300) vBase=1, vPotential=146
[NPC Spell Manager] PLAYER ELEMENTS: Found '心灵感应' (ID:8770) vBase=1, vPotential=88
[NPC Spell Manager] PLAYER ELEMENTS: Found '减速' (ID:8710) vBase=1, vPotential=176
[NPC Spell Manager] PLAYER ELEMENTS: Found '清净圣光' (ID:8490) vBase=1, vPotential=302
[NPC Spell Manager] PLAYER ELEMENTS: Found '体力恢复' (ID:8403) vBase=1, vPotential=15
[NPC Spell Manager] PLAYER ELEMENTS: Found '火焰之手' (ID:50400) vBase=1, vPotential=47
[NPC Spell Manager] PLAYER ELEMENTS: Found '鉴定' (ID:8230) vBase=2, vPotential=58
[NPC Spell Manager] PLAYER ELEMENTS: Found '雷电之球' (ID:50102) vBase=1, vPotential=74
[NPC Spell Manager] PLAYER ELEMENTS: Found '暗之雾' (ID:8800) vBase=1, vPotential=203
[NPC Spell Manager] PLAYER ELEMENTS: Found '透明化' (ID:8775) vBase=1, vPotential=35
[NPC Spell Manager] PLAYER ELEMENTS: Found '强酸光线' (ID:50313) vBase=1, vPotential=46
[NPC Spell Manager] PLAYER ELEMENTS: Found '死亡光线' (ID:50306) vBase=1, vPotential=105
[NPC Spell Manager] PLAYER ELEMENTS: Found '强酸之箭' (ID:50513) vBase=1, vPotential=27
[NPC Spell Manager] PLAYER ELEMENTS: Found '加速' (ID:8510) vBase=1, vPotential=77
[NPC Spell Manager] PLAYER ELEMENTS: Found '死亡之手' (ID:50406) vBase=1, vPotential=13
[NPC Spell Manager] PLAYER ELEMENTS: Found '重力场' (ID:8708) vBase=1, vPotential=60
[NPC Spell Manager] PLAYER ELEMENTS: Found '神经之箭' (ID:50508) vBase=1, vPotential=154
[NPC Spell Manager] PLAYER ELEMENTS: Found '轰鸣之球' (ID:50107) vBase=1, vPotential=51
[NPC Spell Manager] PLAYER ELEMENTS: Found '疯狂光线' (ID:50304) vBase=1, vPotential=73
[NPC Spell Manager] PLAYER ELEMENTS: Found '《爱丽丝》的治愈' (ID:8404) vBase=1, vPotential=58
[NPC Spell Manager] PLAYER ELEMENTS: Found '召唤不死妹妹' (ID:9001) vBase=1, vPotential=59
[NPC Spell Manager] PLAYER ELEMENTS: Found '乔装' (ID:8780) vBase=1, vPotential=79
[NPC Spell Manager] PLAYER ELEMENTS: Found '扫帚变形' (ID:8790) vBase=1, vPotential=26
[NPC Spell Manager] PLAYER ELEMENTS: Found '神经光线' (ID:50308) vBase=1, vPotential=17
[NPC Spell Manager] PLAYER ELEMENTS: Found '雷电光线' (ID:50302) vBase=1, vPotential=9
[NPC Spell Manager] PLAYER ELEMENTS: Found '疯狂之手' (ID:50404) vBase=1, vPotential=57
[NPC Spell Manager] PLAYER ELEMENTS: Found 'Bank' (ID:90000) vBase=1, vPotential=0
[NPC Spell Manager] PLAYER ELEMENTS: Found '智能回复' (ID:969500101) vBase=1, vPotential=0
[NPC Spell Manager] PLAYER ELEMENTS: Found '智能增益' (ID:969500102) vBase=1, vPotential=0
[NPC Spell Manager] PLAYER ELEMENTS: Found '智能减益' (ID:969500103) vBase=1, vPotential=0
[NPC Spell Manager] PLAYER ELEMENTS: Found '智能漩涡' (ID:969500111) vBase=1, vPotential=0
[NPC Spell Manager] PLAYER ELEMENTS: Found '智能光线' (ID:969500113) vBase=1, vPotential=0
[NPC Spell Manager] PLAYER ELEMENTS: Found '智能之手' (ID:969500114) vBase=1, vPotential=0
[NPC Spell Manager] PLAYER ELEMENTS: Found '智能之箭' (ID:969500115) vBase=1, vPotential=0
[NPC Spell Manager] PLAYER ELEMENTS: Found '智能具象' (ID:969500116) vBase=1, vPotential=0
[NPC Spell Manager] PLAYER ELEMENTS: Found '智能瘴气' (ID:969500117) vBase=1, vPotential=0
[NPC Spell Manager] PLAYER ELEMENTS: Found '智能之歌' (ID:969500118) vBase=1, vPotential=0
[NPC Spell Manager] PLAYER ELEMENTS: Found '智能之剑' (ID:969500120) vBase=1, vPotential=0
[NPC Spell Manager] PLAYER ELEMENTS: Found '鲜血瘴气' (ID:50714) vBase=1, vPotential=13
[NPC Spell Manager] PLAYER ELEMENTS: Found '月夜之枪' (ID:9155) vBase=1, vPotential=2
[NPC Spell Manager] PLAYER ELEMENTS: Found '黑暗之剑' (ID:51003) vBase=1, vPotential=153
[NPC Spell Manager] PLAYER ELEMENTS: Found '剧毒之剑' (ID:51005) vBase=1, vPotential=16
[NPC Spell Manager] PLAYER ELEMENTS: Found '《朱亚》的祈祷' (ID:6901) vBase=0, vPotential=0
[NPC Spell Manager] PLAYER ELEMENTS: Found '召唤子嗣' (ID:9010) vBase=0, vPotential=0
[NPC Spell Manager] PLAYER TOTAL: Found 99 abilities for 最棒的紫色「霊の魂」
[NPC Spell Manager] Filtered out AI behavior from PC: AI_Steal
[NPC Spell Manager] Filtered out AI behavior from PC: AI_Meditate
[NPC Spell Manager] Filtered out AI behavior from PC: AI_SelfHarm
[NPC Spell Manager] DisplayName DEBUG: alias='ActQuickCraft', baseName='简易制造', sourceType=Learned
[NPC Spell Manager] GetDistinguishingSuffix: baseName='简易制造', alias='ActQuickCraft'
[NPC Spell Manager] Using suffix: baseName='简易制造' != cleanAlias='QuickCraft'
[NPC Spell Manager] Generated DisplayName: '简易制造 (QuickCraft)' (suffix: ' (QuickCraft)')
[NPC Spell Manager] ElementWrapper CONSTRUCTOR: Wrapping 'ActQuickCraft' (ID:6012) with customName='简易制造 (QuickCraft)', sourceType=Learned, vBase=1, vPotential=0
[NPC Spell Manager] DisplayName DEBUG: alias='ActPray', baseName='祈祷', sourceType=Learned
[NPC Spell Manager] GetDistinguishingSuffix: baseName='祈祷', alias='ActPray'
[NPC Spell Manager] Using suffix: baseName='祈祷' != cleanAlias='Pray'
[NPC Spell Manager] Generated DisplayName: '祈祷 (Pray)' (suffix: ' (Pray)')
[NPC Spell Manager] ElementWrapper CONSTRUCTOR: Wrapping 'ActPray' (ID:6050) with customName='祈祷 (Pray)', sourceType=Learned, vBase=1, vPotential=0
[NPC Spell Manager] DisplayName DEBUG: alias='ActParasite', baseName='寄生', sourceType=Learned
[NPC Spell Manager] GetDistinguishingSuffix: baseName='寄生', alias='ActParasite'
[NPC Spell Manager] Using suffix: baseName='寄生' != cleanAlias='Parasite'
[NPC Spell Manager] Generated DisplayName: '寄生 (Parasite)' (suffix: ' (Parasite)')
[NPC Spell Manager] ElementWrapper CONSTRUCTOR: Wrapping 'ActParasite' (ID:6019) with customName='寄生 (Parasite)', sourceType=Learned, vBase=1, vPotential=0
[NPC Spell Manager] DisplayName DEBUG: alias='ActRide', baseName='骑乘', sourceType=Learned
[NPC Spell Manager] GetDistinguishingSuffix: baseName='骑乘', alias='ActRide'
[NPC Spell Manager] Using suffix: baseName='骑乘' != cleanAlias='Ride'
[NPC Spell Manager] Generated DisplayName: '骑乘 (Ride)' (suffix: ' (Ride)')
[NPC Spell Manager] ElementWrapper CONSTRUCTOR: Wrapping 'ActRide' (ID:6018) with customName='骑乘 (Ride)', sourceType=Learned, vBase=1, vPotential=0
[NPC Spell Manager] DisplayName DEBUG: alias='StManaCost', baseName='节魔', sourceType=Learned
[NPC Spell Manager] GetDistinguishingSuffix: baseName='节魔', alias='StManaCost'
[NPC Spell Manager] Using suffix: baseName='节魔' != cleanAlias='StManaCost'
[NPC Spell Manager] Generated DisplayName: '节魔 (StManaCost)' (suffix: ' (StManaCost)')
[NPC Spell Manager] ElementWrapper CONSTRUCTOR: Wrapping 'Ability' (ID:6720) with customName='节魔 (StManaCost)', sourceType=Learned, vBase=1, vPotential=0
[NPC Spell Manager] DisplayName DEBUG: alias='ActRush', baseName='冲锋', sourceType=Learned
[NPC Spell Manager] GetDistinguishingSuffix: baseName='冲锋', alias='ActRush'
[NPC Spell Manager] Using suffix: baseName='冲锋' != cleanAlias='Rush'
[NPC Spell Manager] Generated DisplayName: '冲锋 (Rush)' (suffix: ' (Rush)')
[NPC Spell Manager] ElementWrapper CONSTRUCTOR: Wrapping 'ActRush' (ID:6450) with customName='冲锋 (Rush)', sourceType=Learned, vBase=1, vPotential=0
[NPC Spell Manager] DisplayName DEBUG: alias='ActBankAccess', baseName='Bank', sourceType=Learned
[NPC Spell Manager] GetDistinguishingSuffix: baseName='Bank', alias='ActBankAccess'
[NPC Spell Manager] Using suffix: baseName='Bank' != cleanAlias='BankAccess'
[NPC Spell Manager] Generated DisplayName: 'Bank (BankAccess)' (suffix: ' (BankAccess)')
[NPC Spell Manager] ElementWrapper CONSTRUCTOR: Wrapping 'ActBankAccess' (ID:90000) with customName='Bank (BankAccess)', sourceType=Learned, vBase=1, vPotential=0
[NPC Spell Manager] DisplayName DEBUG: alias='ActKKSmartHeal', baseName='智能回复', sourceType=Learned
[NPC Spell Manager] GetDistinguishingSuffix: baseName='智能回复', alias='ActKKSmartHeal'
[NPC Spell Manager] Using suffix: baseName='智能回复' != cleanAlias='KKSmartHeal'
[NPC Spell Manager] Generated DisplayName: '智能回复 (KKSmartHeal)' (suffix: ' (KKSmartHeal)')
[NPC Spell Manager] ElementWrapper CONSTRUCTOR: Wrapping 'ActKKSmartHeal' (ID:969500101) with customName='智能回复 (KKSmartHeal)', sourceType=Learned, vBase=1, vPotential=0
[NPC Spell Manager] DisplayName DEBUG: alias='ActKKSmartBuff', baseName='智能增益', sourceType=Learned
[NPC Spell Manager] GetDistinguishingSuffix: baseName='智能增益', alias='ActKKSmartBuff'
[NPC Spell Manager] Using suffix: baseName='智能增益' != cleanAlias='KKSmartBuff'
[NPC Spell Manager] Generated DisplayName: '智能增益 (KKSmartBuff)' (suffix: ' (KKSmartBuff)')
[NPC Spell Manager] ElementWrapper CONSTRUCTOR: Wrapping 'ActKKSmartBuff' (ID:969500102) with customName='智能增益 (KKSmartBuff)', sourceType=Learned, vBase=1, vPotential=0
[NPC Spell Manager] DisplayName DEBUG: alias='ActKKSmartDebuff', baseName='智能减益', sourceType=Learned
[NPC Spell Manager] GetDistinguishingSuffix: baseName='智能减益', alias='ActKKSmartDebuff'
[NPC Spell Manager] Using suffix: baseName='智能减益' != cleanAlias='KKSmartDebuff'
[NPC Spell Manager] Generated DisplayName: '智能减益 (KKSmartDebuff)' (suffix: ' (KKSmartDebuff)')
[NPC Spell Manager] ElementWrapper CONSTRUCTOR: Wrapping 'ActKKSmartDebuff' (ID:969500103) with customName='智能减益 (KKSmartDebuff)', sourceType=Learned, vBase=1, vPotential=0
[NPC Spell Manager] DisplayName DEBUG: alias='ActKKSmartBall', baseName='智能漩涡', sourceType=Learned
[NPC Spell Manager] GetDistinguishingSuffix: baseName='智能漩涡', alias='ActKKSmartBall'
[NPC Spell Manager] Using suffix: baseName='智能漩涡' != cleanAlias='KKSmartBall'
[NPC Spell Manager] Generated DisplayName: '智能漩涡 (KKSmartBall)' (suffix: ' (KKSmartBall)')
[NPC Spell Manager] ElementWrapper CONSTRUCTOR: Wrapping 'ActKKSmartBall' (ID:969500111) with customName='智能漩涡 (KKSmartBall)', sourceType=Learned, vBase=1, vPotential=0
[NPC Spell Manager] DisplayName DEBUG: alias='ActKKSmartBolt', baseName='智能光线', sourceType=Learned
[NPC Spell Manager] GetDistinguishingSuffix: baseName='智能光线', alias='ActKKSmartBolt'
[NPC Spell Manager] Using suffix: baseName='智能光线' != cleanAlias='KKSmartBolt'
[NPC Spell Manager] Generated DisplayName: '智能光线 (KKSmartBolt)' (suffix: ' (KKSmartBolt)')
[NPC Spell Manager] ElementWrapper CONSTRUCTOR: Wrapping 'ActKKSmartBolt' (ID:969500113) with customName='智能光线 (KKSmartBolt)', sourceType=Learned, vBase=1, vPotential=0
[NPC Spell Manager] DisplayName DEBUG: alias='ActKKSmartHand', baseName='智能之手', sourceType=Learned
[NPC Spell Manager] GetDistinguishingSuffix: baseName='智能之手', alias='ActKKSmartHand'
[NPC Spell Manager] Using suffix: baseName='智能之手' != cleanAlias='KKSmartHand'
[NPC Spell Manager] Generated DisplayName: '智能之手 (KKSmartHand)' (suffix: ' (KKSmartHand)')
[NPC Spell Manager] ElementWrapper CONSTRUCTOR: Wrapping 'ActKKSmartHand' (ID:969500114) with customName='智能之手 (KKSmartHand)', sourceType=Learned, vBase=1, vPotential=0
[NPC Spell Manager] DisplayName DEBUG: alias='ActKKSmartArrow', baseName='智能之箭', sourceType=Learned
[NPC Spell Manager] GetDistinguishingSuffix: baseName='智能之箭', alias='ActKKSmartArrow'
[NPC Spell Manager] Using suffix: baseName='智能之箭' != cleanAlias='KKSmartArrow'
[NPC Spell Manager] Generated DisplayName: '智能之箭 (KKSmartArrow)' (suffix: ' (KKSmartArrow)')
[NPC Spell Manager] ElementWrapper CONSTRUCTOR: Wrapping 'ActKKSmartArrow' (ID:969500115) with customName='智能之箭 (KKSmartArrow)', sourceType=Learned, vBase=1, vPotential=0
[NPC Spell Manager] DisplayName DEBUG: alias='ActKKSmartFunnel', baseName='智能具象', sourceType=Learned
[NPC Spell Manager] GetDistinguishingSuffix: baseName='智能具象', alias='ActKKSmartFunnel'
[NPC Spell Manager] Using suffix: baseName='智能具象' != cleanAlias='KKSmartFunnel'
[NPC Spell Manager] Generated DisplayName: '智能具象 (KKSmartFunnel)' (suffix: ' (KKSmartFunnel)')
[NPC Spell Manager] ElementWrapper CONSTRUCTOR: Wrapping 'ActKKSmartFunnel' (ID:969500116) with customName='智能具象 (KKSmartFunnel)', sourceType=Learned, vBase=1, vPotential=0
[NPC Spell Manager] DisplayName DEBUG: alias='ActKKSmartMiasma', baseName='智能瘴气', sourceType=Learned
[NPC Spell Manager] GetDistinguishingSuffix: baseName='智能瘴气', alias='ActKKSmartMiasma'
[NPC Spell Manager] Using suffix: baseName='智能瘴气' != cleanAlias='KKSmartMiasma'
[NPC Spell Manager] Generated DisplayName: '智能瘴气 (KKSmartMiasma)' (suffix: ' (KKSmartMiasma)')
[NPC Spell Manager] ElementWrapper CONSTRUCTOR: Wrapping 'ActKKSmartMiasma' (ID:969500117) with customName='智能瘴气 (KKSmartMiasma)', sourceType=Learned, vBase=1, vPotential=0
[NPC Spell Manager] DisplayName DEBUG: alias='ActKKSmartWeapon', baseName='智能之歌', sourceType=Learned
[NPC Spell Manager] GetDistinguishingSuffix: baseName='智能之歌', alias='ActKKSmartWeapon'
[NPC Spell Manager] Using suffix: baseName='智能之歌' != cleanAlias='KKSmartWeapon'
[NPC Spell Manager] Generated DisplayName: '智能之歌 (KKSmartWeapon)' (suffix: ' (KKSmartWeapon)')
[NPC Spell Manager] ElementWrapper CONSTRUCTOR: Wrapping 'ActKKSmartWeapon' (ID:969500118) with customName='智能之歌 (KKSmartWeapon)', sourceType=Learned, vBase=1, vPotential=0
[NPC Spell Manager] DisplayName DEBUG: alias='ActKKSmartSword', baseName='智能之剑', sourceType=Learned
[NPC Spell Manager] GetDistinguishingSuffix: baseName='智能之剑', alias='ActKKSmartSword'
[NPC Spell Manager] Using suffix: baseName='智能之剑' != cleanAlias='KKSmartSword'
[NPC Spell Manager] Generated DisplayName: '智能之剑 (KKSmartSword)' (suffix: ' (KKSmartSword)')
[NPC Spell Manager] ElementWrapper CONSTRUCTOR: Wrapping 'ActKKSmartSword' (ID:969500120) with customName='智能之剑 (KKSmartSword)', sourceType=Learned, vBase=1, vPotential=0
[NPC Spell Manager] DisplayName DEBUG: alias='ActJureHeal', baseName='《朱亚》的祈祷', sourceType=Learned
[NPC Spell Manager] GetDistinguishingSuffix: baseName='《朱亚》的祈祷', alias='ActJureHeal'
[NPC Spell Manager] Using suffix: baseName='《朱亚》的祈祷' != cleanAlias='JureHeal'
[NPC Spell Manager] Generated DisplayName: '《朱亚》的祈祷 (JureHeal)' (suffix: ' (JureHeal)')
[NPC Spell Manager] ElementWrapper CONSTRUCTOR: Wrapping 'Ability' (ID:6901) with customName='《朱亚》的祈祷 (JureHeal)', sourceType=Learned, vBase=0, vPotential=0
[NPCSpellManager] Abilities tab returning 19 non-null elements for 最棒的紫色「霊の魂」
[NPCSpellManager] onInstantiate called:
[NPCSpellManager]   Element e: NOT NULL
[NPCSpellManager]   YKHorizontal l: NOT NULL
[NPCSpellManager]   Element type: ElementWrapper
[NPCSpellManager]   Element id: 6012
[NPCSpellManager]   ShortName: '简易制造 (QuickCraft)'
[NPCSpellManager]   vBase: 1
[NPCSpellManager] onInstantiate DISPLAY LOGIC: isSpell = False, e.vPotential = 0
[NPCSpellManager] onInstantiate SHOW LEVEL: '简易制造 (QuickCraft)' (isLearned=True, vBase=1) -> '简易制造 (QuickCraft) (1)'
[NPCSpellManager]   Final displayText: '简易制造 (QuickCraft) (1)'
[NPCSpellManager] onInstantiate called:
[NPCSpellManager]   Element e: NOT NULL
[NPCSpellManager]   YKHorizontal l: NOT NULL
[NPCSpellManager]   Element type: ElementWrapper
[NPCSpellManager]   Element id: 6050
[NPCSpellManager]   ShortName: '祈祷 (Pray)'
[NPCSpellManager]   vBase: 1
[NPCSpellManager] onInstantiate DISPLAY LOGIC: isSpell = False, e.vPotential = 0
[NPCSpellManager] onInstantiate SHOW LEVEL: '祈祷 (Pray)' (isLearned=True, vBase=1) -> '祈祷 (Pray) (1)'
[NPCSpellManager]   Final displayText: '祈祷 (Pray) (1)'
[NPCSpellManager] onInstantiate called:
[NPCSpellManager]   Element e: NOT NULL
[NPCSpellManager]   YKHorizontal l: NOT NULL
[NPCSpellManager]   Element type: ElementWrapper
[NPCSpellManager]   Element id: 6019
[NPCSpellManager]   ShortName: '寄生 (Parasite)'
[NPCSpellManager]   vBase: 1
[NPCSpellManager] onInstantiate DISPLAY LOGIC: isSpell = False, e.vPotential = 0
[NPCSpellManager] onInstantiate SHOW LEVEL: '寄生 (Parasite)' (isLearned=True, vBase=1) -> '寄生 (Parasite) (1)'
[NPCSpellManager]   Final displayText: '寄生 (Parasite) (1)'
[NPCSpellManager] onInstantiate called:
[NPCSpellManager]   Element e: NOT NULL
[NPCSpellManager]   YKHorizontal l: NOT NULL
[NPCSpellManager]   Element type: ElementWrapper
[NPCSpellManager]   Element id: 6018
[NPCSpellManager]   ShortName: '骑乘 (Ride)'
[NPCSpellManager]   vBase: 1
[NPCSpellManager] onInstantiate DISPLAY LOGIC: isSpell = False, e.vPotential = 0
[NPCSpellManager] onInstantiate SHOW LEVEL: '骑乘 (Ride)' (isLearned=True, vBase=1) -> '骑乘 (Ride) (1)'
[NPCSpellManager]   Final displayText: '骑乘 (Ride) (1)'
[NPCSpellManager] onInstantiate called:
[NPCSpellManager]   Element e: NOT NULL
[NPCSpellManager]   YKHorizontal l: NOT NULL
[NPCSpellManager]   Element type: ElementWrapper
[NPCSpellManager]   Element id: 6720
[NPCSpellManager]   ShortName: '节魔 (StManaCost)'
[NPCSpellManager]   vBase: 1
[NPCSpellManager] onInstantiate DISPLAY LOGIC: isSpell = False, e.vPotential = 0
[NPCSpellManager] onInstantiate SHOW LEVEL: '节魔 (StManaCost)' (isLearned=True, vBase=1) -> '节魔 (StManaCost) (1)'
[NPCSpellManager]   Final displayText: '节魔 (StManaCost) (1)'
[NPCSpellManager] onInstantiate called:
[NPCSpellManager]   Element e: NOT NULL
[NPCSpellManager]   YKHorizontal l: NOT NULL
[NPCSpellManager]   Element type: ElementWrapper
[NPCSpellManager]   Element id: 6450
[NPCSpellManager]   ShortName: '冲锋 (Rush)'
[NPCSpellManager]   vBase: 1
[NPCSpellManager] onInstantiate DISPLAY LOGIC: isSpell = False, e.vPotential = 0
[NPCSpellManager] onInstantiate SHOW LEVEL: '冲锋 (Rush)' (isLearned=True, vBase=1) -> '冲锋 (Rush) (1)'
[NPCSpellManager]   Final displayText: '冲锋 (Rush) (1)'
[NPCSpellManager] onInstantiate called:
[NPCSpellManager]   Element e: NOT NULL
[NPCSpellManager]   YKHorizontal l: NOT NULL
[NPCSpellManager]   Element type: ElementWrapper
[NPCSpellManager]   Element id: 90000
[NPCSpellManager]   ShortName: 'Bank (BankAccess)'
[NPCSpellManager]   vBase: 1
[NPCSpellManager] onInstantiate DISPLAY LOGIC: isSpell = False, e.vPotential = 0
[NPCSpellManager] onInstantiate SHOW LEVEL: 'Bank (BankAccess)' (isLearned=True, vBase=1) -> 'Bank (BankAccess) (1)'
[NPCSpellManager]   Final displayText: 'Bank (BankAccess) (1)'
[NPCSpellManager] onInstantiate called:
[NPCSpellManager]   Element e: NOT NULL
[NPCSpellManager]   YKHorizontal l: NOT NULL
[NPCSpellManager]   Element type: ElementWrapper
[NPCSpellManager]   Element id: 969500101
[NPCSpellManager]   ShortName: '智能回复 (KKSmartHeal)'
[NPCSpellManager]   vBase: 1
[NPCSpellManager] onInstantiate DISPLAY LOGIC: isSpell = False, e.vPotential = 0
[NPCSpellManager] onInstantiate SHOW LEVEL: '智能回复 (KKSmartHeal)' (isLearned=True, vBase=1) -> '智能回复 (KKSmartHeal) (1)'
[NPCSpellManager]   Final displayText: '智能回复 (KKSmartHeal) (1)'
[NPCSpellManager] onInstantiate called:
[NPCSpellManager]   Element e: NOT NULL
[NPCSpellManager]   YKHorizontal l: NOT NULL
[NPCSpellManager]   Element type: ElementWrapper
[NPCSpellManager]   Element id: 969500102
[NPCSpellManager]   ShortName: '智能增益 (KKSmartBuff)'
[NPCSpellManager]   vBase: 1
[NPCSpellManager] onInstantiate DISPLAY LOGIC: isSpell = False, e.vPotential = 0
[NPCSpellManager] onInstantiate SHOW LEVEL: '智能增益 (KKSmartBuff)' (isLearned=True, vBase=1) -> '智能增益 (KKSmartBuff) (1)'
[NPCSpellManager]   Final displayText: '智能增益 (KKSmartBuff) (1)'
[NPCSpellManager] onInstantiate called:
[NPCSpellManager]   Element e: NOT NULL
[NPCSpellManager]   YKHorizontal l: NOT NULL
[NPCSpellManager]   Element type: ElementWrapper
[NPCSpellManager]   Element id: 969500103
[NPCSpellManager]   ShortName: '智能减益 (KKSmartDebuff)'
[NPCSpellManager]   vBase: 1
[NPCSpellManager] onInstantiate DISPLAY LOGIC: isSpell = False, e.vPotential = 0
[NPCSpellManager] onInstantiate SHOW LEVEL: '智能减益 (KKSmartDebuff)' (isLearned=True, vBase=1) -> '智能减益 (KKSmartDebuff) (1)'
[NPCSpellManager]   Final displayText: '智能减益 (KKSmartDebuff) (1)'
[NPCSpellManager] onInstantiate called:
[NPCSpellManager]   Element e: NOT NULL
[NPCSpellManager]   YKHorizontal l: NOT NULL
[NPCSpellManager]   Element type: ElementWrapper
[NPCSpellManager]   Element id: 969500111
[NPCSpellManager]   ShortName: '智能漩涡 (KKSmartBall)'
[NPCSpellManager]   vBase: 1
[NPCSpellManager] onInstantiate DISPLAY LOGIC: isSpell = False, e.vPotential = 0
[NPCSpellManager] onInstantiate SHOW LEVEL: '智能漩涡 (KKSmartBall)' (isLearned=True, vBase=1) -> '智能漩涡 (KKSmartBall) (1)'
[NPCSpellManager]   Final displayText: '智能漩涡 (KKSmartBall) (1)'
[NPCSpellManager] onInstantiate called:
[NPCSpellManager]   Element e: NOT NULL
[NPCSpellManager]   YKHorizontal l: NOT NULL
[NPCSpellManager]   Element type: ElementWrapper
[NPCSpellManager]   Element id: 969500113
[NPCSpellManager]   ShortName: '智能光线 (KKSmartBolt)'
[NPCSpellManager]   vBase: 1
[NPCSpellManager] onInstantiate DISPLAY LOGIC: isSpell = False, e.vPotential = 0
[NPCSpellManager] onInstantiate SHOW LEVEL: '智能光线 (KKSmartBolt)' (isLearned=True, vBase=1) -> '智能光线 (KKSmartBolt) (1)'
[NPCSpellManager]   Final displayText: '智能光线 (KKSmartBolt) (1)'
[NPCSpellManager] onInstantiate called:
[NPCSpellManager]   Element e: NOT NULL
[NPCSpellManager]   YKHorizontal l: NOT NULL
[NPCSpellManager]   Element type: ElementWrapper
[NPCSpellManager]   Element id: 969500114
[NPCSpellManager]   ShortName: '智能之手 (KKSmartHand)'
[NPCSpellManager]   vBase: 1
[NPCSpellManager] onInstantiate DISPLAY LOGIC: isSpell = False, e.vPotential = 0
[NPCSpellManager] onInstantiate SHOW LEVEL: '智能之手 (KKSmartHand)' (isLearned=True, vBase=1) -> '智能之手 (KKSmartHand) (1)'
[NPCSpellManager]   Final displayText: '智能之手 (KKSmartHand) (1)'
[NPCSpellManager] onInstantiate called:
[NPCSpellManager]   Element e: NOT NULL
[NPCSpellManager]   YKHorizontal l: NOT NULL
[NPCSpellManager]   Element type: ElementWrapper
[NPCSpellManager]   Element id: 969500115
[NPCSpellManager]   ShortName: '智能之箭 (KKSmartArrow)'
[NPCSpellManager]   vBase: 1
[NPCSpellManager] onInstantiate DISPLAY LOGIC: isSpell = False, e.vPotential = 0
[NPCSpellManager] onInstantiate SHOW LEVEL: '智能之箭 (KKSmartArrow)' (isLearned=True, vBase=1) -> '智能之箭 (KKSmartArrow) (1)'
[NPCSpellManager]   Final displayText: '智能之箭 (KKSmartArrow) (1)'
[NPCSpellManager] onInstantiate called:
[NPCSpellManager]   Element e: NOT NULL
[NPCSpellManager]   YKHorizontal l: NOT NULL
[NPCSpellManager]   Element type: ElementWrapper
[NPCSpellManager]   Element id: 969500116
[NPCSpellManager]   ShortName: '智能具象 (KKSmartFunnel)'
[NPCSpellManager]   vBase: 1
[NPCSpellManager] onInstantiate DISPLAY LOGIC: isSpell = False, e.vPotential = 0
[NPCSpellManager] onInstantiate SHOW LEVEL: '智能具象 (KKSmartFunnel)' (isLearned=True, vBase=1) -> '智能具象 (KKSmartFunnel) (1)'
[NPCSpellManager]   Final displayText: '智能具象 (KKSmartFunnel) (1)'
[NPCSpellManager] onInstantiate called:
[NPCSpellManager]   Element e: NOT NULL
[NPCSpellManager]   YKHorizontal l: NOT NULL
[NPCSpellManager]   Element type: ElementWrapper
[NPCSpellManager]   Element id: 969500117
[NPCSpellManager]   ShortName: '智能瘴气 (KKSmartMiasma)'
[NPCSpellManager]   vBase: 1
[NPCSpellManager] onInstantiate DISPLAY LOGIC: isSpell = False, e.vPotential = 0
[NPCSpellManager] onInstantiate SHOW LEVEL: '智能瘴气 (KKSmartMiasma)' (isLearned=True, vBase=1) -> '智能瘴气 (KKSmartMiasma) (1)'
[NPCSpellManager]   Final displayText: '智能瘴气 (KKSmartMiasma) (1)'
[NPCSpellManager] onInstantiate called:
[NPCSpellManager]   Element e: NOT NULL
[NPCSpellManager]   YKHorizontal l: NOT NULL
[NPCSpellManager]   Element type: ElementWrapper
[NPCSpellManager]   Element id: 969500118
[NPCSpellManager]   ShortName: '智能之歌 (KKSmartWeapon)'
[NPCSpellManager]   vBase: 1
[NPCSpellManager] onInstantiate DISPLAY LOGIC: isSpell = False, e.vPotential = 0
[NPCSpellManager] onInstantiate SHOW LEVEL: '智能之歌 (KKSmartWeapon)' (isLearned=True, vBase=1) -> '智能之歌 (KKSmartWeapon) (1)'
[NPCSpellManager]   Final displayText: '智能之歌 (KKSmartWeapon) (1)'
[NPCSpellManager] onInstantiate called:
[NPCSpellManager]   Element e: NOT NULL
[NPCSpellManager]   YKHorizontal l: NOT NULL
[NPCSpellManager]   Element type: ElementWrapper
[NPCSpellManager]   Element id: 969500120
[NPCSpellManager]   ShortName: '智能之剑 (KKSmartSword)'
[NPCSpellManager]   vBase: 1
[NPCSpellManager] onInstantiate DISPLAY LOGIC: isSpell = False, e.vPotential = 0
[NPCSpellManager] onInstantiate SHOW LEVEL: '智能之剑 (KKSmartSword)' (isLearned=True, vBase=1) -> '智能之剑 (KKSmartSword) (1)'
[NPCSpellManager]   Final displayText: '智能之剑 (KKSmartSword) (1)'
[NPCSpellManager] onInstantiate called:
[NPCSpellManager]   Element e: NOT NULL
[NPCSpellManager]   YKHorizontal l: NOT NULL
[NPCSpellManager]   Element type: ElementWrapper
[NPCSpellManager]   Element id: 6901
[NPCSpellManager]   ShortName: '《朱亚》的祈祷 (JureHeal)'
[NPCSpellManager]   vBase: 0
[NPCSpellManager] onInstantiate DISPLAY LOGIC: isSpell = False, e.vPotential = 0
[NPCSpellManager] onInstantiate SHOW LEVEL: '《朱亚》的祈祷 (JureHeal)' (isLearned=True, vBase=0) -> '《朱亚》的祈祷 (JureHeal) (0)'
[NPCSpellManager]   Final displayText: '《朱亚》的祈祷 (JureHeal) (0)'
[NPC Spell Manager] REFACTORED: Scanning Player Character: 最棒的紫色「霊の魂」
[NPC Spell Manager] PLAYER ELEMENTS: Found '盗窃之手' (ID:6011) vBase=1, vPotential=0
[NPC Spell Manager] PLAYER ELEMENTS: Found '休息' (ID:6003) vBase=54, vPotential=0
[NPC Spell Manager] PLAYER ELEMENTS: Found '简易制造' (ID:6012) vBase=1, vPotential=0
[NPC Spell Manager] PLAYER ELEMENTS: Found '自残' (ID:6015) vBase=1, vPotential=0
[NPC Spell Manager] PLAYER ELEMENTS: Found '祈祷' (ID:6050) vBase=1, vPotential=0
[NPC Spell Manager] PLAYER ELEMENTS: Found '黑暗之箭' (ID:50503) vBase=9, vPotential=11828
[NPC Spell Manager] PLAYER ELEMENTS: Found '剧毒之箭' (ID:50505) vBase=13, vPotential=11694
[NPC Spell Manager] PLAYER ELEMENTS: Found '脆弱' (ID:8702) vBase=1, vPotential=460
[NPC Spell Manager] PLAYER ELEMENTS: Found '混乱光线' (ID:50310) vBase=2, vPotential=2977
[NPC Spell Manager] PLAYER ELEMENTS: Found '魔力之箭' (ID:50511) vBase=2, vPotential=458
[NPC Spell Manager] PLAYER ELEMENTS: Found '英勇' (ID:8504) vBase=3, vPotential=560
[NPC Spell Manager] PLAYER ELEMENTS: Found '轻伤治疗' (ID:8400) vBase=8, vPotential=967
[NPC Spell Manager] PLAYER ELEMENTS: Found '寄生' (ID:6019) vBase=1, vPotential=0
[NPC Spell Manager] PLAYER ELEMENTS: Found '骑乘' (ID:6018) vBase=1, vPotential=0
[NPC Spell Manager] PLAYER ELEMENTS: Found '寒冰之箭' (ID:50501) vBase=1, vPotential=415
[NPC Spell Manager] PLAYER ELEMENTS: Found '黑暗光线' (ID:50303) vBase=1, vPotential=2855
[NPC Spell Manager] PLAYER ELEMENTS: Found '鲜血之手' (ID:50414) vBase=1, vPotential=173
[NPC Spell Manager] PLAYER ELEMENTS: Found '黑暗瘴气' (ID:50703) vBase=1, vPotential=1848
[NPC Spell Manager] PLAYER ELEMENTS: Found '黑暗之歌' (ID:50803) vBase=1, vPotential=795
[NPC Spell Manager] PLAYER ELEMENTS: Found '看穿透明' (ID:8776) vBase=2, vPotential=347
[NPC Spell Manager] PLAYER ELEMENTS: Found '混乱之球' (ID:50110) vBase=1, vPotential=2134
[NPC Spell Manager] PLAYER ELEMENTS: Found '剧毒之球' (ID:50105) vBase=1, vPotential=2255
[NPC Spell Manager] PLAYER ELEMENTS: Found '自然的拥抱' (ID:8450) vBase=5, vPotential=426
[NPC Spell Manager] PLAYER ELEMENTS: Found '解咒' (ID:8240) vBase=1, vPotential=97
[NPC Spell Manager] PLAYER ELEMENTS: Found '智者' (ID:8503) vBase=1, vPotential=152
[NPC Spell Manager] PLAYER ELEMENTS: Found '魔法地图' (ID:8260) vBase=15, vPotential=296
[NPC Spell Manager] PLAYER ELEMENTS: Found '脱离' (ID:8221) vBase=1, vPotential=177
[NPC Spell Manager] PLAYER ELEMENTS: Found '剧毒瘴气' (ID:50705) vBase=1, vPotential=1931
[NPC Spell Manager] PLAYER ELEMENTS: Found '沉默' (ID:8700) vBase=1, vPotential=187
[NPC Spell Manager] PLAYER ELEMENTS: Found '召唤动物' (ID:9000) vBase=1, vPotential=182
[NPC Spell Manager] PLAYER ELEMENTS: Found '猫眼' (ID:8501) vBase=1, vPotential=361
[NPC Spell Manager] PLAYER ELEMENTS: Found '混乱具象' (ID:50610) vBase=1, vPotential=301
[NPC Spell Manager] PLAYER ELEMENTS: Found '混乱之歌' (ID:50810) vBase=1, vPotential=899
[NPC Spell Manager] PLAYER ELEMENTS: Found '肉体复苏' (ID:8470) vBase=1, vPotential=426
[NPC Spell Manager] PLAYER ELEMENTS: Found '节魔' (ID:6720) vBase=1, vPotential=0
[NPC Spell Manager] PLAYER ELEMENTS: Found '破咒' (ID:9200) vBase=1, vPotential=200
[NPC Spell Manager] PLAYER ELEMENTS: Found '精神复苏' (ID:8471) vBase=1, vPotential=208
[NPC Spell Manager] PLAYER ELEMENTS: Found '归还' (ID:8220) vBase=1, vPotential=124
[NPC Spell Manager] PLAYER ELEMENTS: Found '冲锋' (ID:6450) vBase=1, vPotential=0
[NPC Spell Manager] PLAYER ELEMENTS: Found '召唤阴影' (ID:9050) vBase=1, vPotential=94
[NPC Spell Manager] PLAYER ELEMENTS: Found '传送' (ID:8200) vBase=3, vPotential=162
[NPC Spell Manager] PLAYER ELEMENTS: Found '圣光之手' (ID:50409) vBase=1, vPotential=22
[NPC Spell Manager] PLAYER ELEMENTS: Found '元素保护' (ID:8506) vBase=1, vPotential=329
[NPC Spell Manager] PLAYER ELEMENTS: Found '短距离传送' (ID:8201) vBase=1, vPotential=384
[NPC Spell Manager] PLAYER ELEMENTS: Found '元素伤痕' (ID:8704) vBase=1, vPotential=283
[NPC Spell Manager] PLAYER ELEMENTS: Found '以太光线' (ID:50312) vBase=1, vPotential=16
[NPC Spell Manager] PLAYER ELEMENTS: Found '鲜血光线' (ID:50314) vBase=1, vPotential=46
[NPC Spell Manager] PLAYER ELEMENTS: Found '致命伤治疗' (ID:8402) vBase=2, vPotential=151
[NPC Spell Manager] PLAYER ELEMENTS: Found '地震' (ID:9151) vBase=1, vPotential=9
[NPC Spell Manager] PLAYER ELEMENTS: Found '自我变异' (ID:8380) vBase=1, vPotential=35
[NPC Spell Manager] PLAYER ELEMENTS: Found '寒冰之球' (ID:50101) vBase=1, vPotential=89
[NPC Spell Manager] PLAYER ELEMENTS: Found '神圣之盾' (ID:8502) vBase=1, vPotential=433
[NPC Spell Manager] PLAYER ELEMENTS: Found '蜘蛛网' (ID:8801) vBase=1, vPotential=184
[NPC Spell Manager] PLAYER ELEMENTS: Found '灾祸' (ID:8706) vBase=1, vPotential=288
[NPC Spell Manager] PLAYER ELEMENTS: Found '圣光加护' (ID:8500) vBase=1, vPotential=80
[NPC Spell Manager] PLAYER ELEMENTS: Found '飘浮' (ID:8300) vBase=1, vPotential=146
[NPC Spell Manager] PLAYER ELEMENTS: Found '心灵感应' (ID:8770) vBase=1, vPotential=88
[NPC Spell Manager] PLAYER ELEMENTS: Found '减速' (ID:8710) vBase=1, vPotential=176
[NPC Spell Manager] PLAYER ELEMENTS: Found '清净圣光' (ID:8490) vBase=1, vPotential=302
[NPC Spell Manager] PLAYER ELEMENTS: Found '体力恢复' (ID:8403) vBase=1, vPotential=15
[NPC Spell Manager] PLAYER ELEMENTS: Found '火焰之手' (ID:50400) vBase=1, vPotential=47
[NPC Spell Manager] PLAYER ELEMENTS: Found '鉴定' (ID:8230) vBase=2, vPotential=58
[NPC Spell Manager] PLAYER ELEMENTS: Found '雷电之球' (ID:50102) vBase=1, vPotential=74
[NPC Spell Manager] PLAYER ELEMENTS: Found '暗之雾' (ID:8800) vBase=1, vPotential=203
[NPC Spell Manager] PLAYER ELEMENTS: Found '透明化' (ID:8775) vBase=1, vPotential=35
[NPC Spell Manager] PLAYER ELEMENTS: Found '强酸光线' (ID:50313) vBase=1, vPotential=46
[NPC Spell Manager] PLAYER ELEMENTS: Found '死亡光线' (ID:50306) vBase=1, vPotential=105
[NPC Spell Manager] PLAYER ELEMENTS: Found '强酸之箭' (ID:50513) vBase=1, vPotential=27
[NPC Spell Manager] PLAYER ELEMENTS: Found '加速' (ID:8510) vBase=1, vPotential=77
[NPC Spell Manager] PLAYER ELEMENTS: Found '死亡之手' (ID:50406) vBase=1, vPotential=13
[NPC Spell Manager] PLAYER ELEMENTS: Found '重力场' (ID:8708) vBase=1, vPotential=60
[NPC Spell Manager] PLAYER ELEMENTS: Found '神经之箭' (ID:50508) vBase=1, vPotential=154
[NPC Spell Manager] PLAYER ELEMENTS: Found '轰鸣之球' (ID:50107) vBase=1, vPotential=51
[NPC Spell Manager] PLAYER ELEMENTS: Found '疯狂光线' (ID:50304) vBase=1, vPotential=73
[NPC Spell Manager] PLAYER ELEMENTS: Found '《爱丽丝》的治愈' (ID:8404) vBase=1, vPotential=58
[NPC Spell Manager] PLAYER ELEMENTS: Found '召唤不死妹妹' (ID:9001) vBase=1, vPotential=59
[NPC Spell Manager] PLAYER ELEMENTS: Found '乔装' (ID:8780) vBase=1, vPotential=79
[NPC Spell Manager] PLAYER ELEMENTS: Found '扫帚变形' (ID:8790) vBase=1, vPotential=26
[NPC Spell Manager] PLAYER ELEMENTS: Found '神经光线' (ID:50308) vBase=1, vPotential=17
[NPC Spell Manager] PLAYER ELEMENTS: Found '雷电光线' (ID:50302) vBase=1, vPotential=9
[NPC Spell Manager] PLAYER ELEMENTS: Found '疯狂之手' (ID:50404) vBase=1, vPotential=57
[NPC Spell Manager] PLAYER ELEMENTS: Found 'Bank' (ID:90000) vBase=1, vPotential=0
[NPC Spell Manager] PLAYER ELEMENTS: Found '智能回复' (ID:969500101) vBase=1, vPotential=0
[NPC Spell Manager] PLAYER ELEMENTS: Found '智能增益' (ID:969500102) vBase=1, vPotential=0
[NPC Spell Manager] PLAYER ELEMENTS: Found '智能减益' (ID:969500103) vBase=1, vPotential=0
[NPC Spell Manager] PLAYER ELEMENTS: Found '智能漩涡' (ID:969500111) vBase=1, vPotential=0
[NPC Spell Manager] PLAYER ELEMENTS: Found '智能光线' (ID:969500113) vBase=1, vPotential=0
[NPC Spell Manager] PLAYER ELEMENTS: Found '智能之手' (ID:969500114) vBase=1, vPotential=0
[NPC Spell Manager] PLAYER ELEMENTS: Found '智能之箭' (ID:969500115) vBase=1, vPotential=0
[NPC Spell Manager] PLAYER ELEMENTS: Found '智能具象' (ID:969500116) vBase=1, vPotential=0
[NPC Spell Manager] PLAYER ELEMENTS: Found '智能瘴气' (ID:969500117) vBase=1, vPotential=0
[NPC Spell Manager] PLAYER ELEMENTS: Found '智能之歌' (ID:969500118) vBase=1, vPotential=0
[NPC Spell Manager] PLAYER ELEMENTS: Found '智能之剑' (ID:969500120) vBase=1, vPotential=0
[NPC Spell Manager] PLAYER ELEMENTS: Found '鲜血瘴气' (ID:50714) vBase=1, vPotential=13
[NPC Spell Manager] PLAYER ELEMENTS: Found '月夜之枪' (ID:9155) vBase=1, vPotential=2
[NPC Spell Manager] PLAYER ELEMENTS: Found '黑暗之剑' (ID:51003) vBase=1, vPotential=153
[NPC Spell Manager] PLAYER ELEMENTS: Found '剧毒之剑' (ID:51005) vBase=1, vPotential=16
[NPC Spell Manager] PLAYER ELEMENTS: Found '《朱亚》的祈祷' (ID:6901) vBase=0, vPotential=0
[NPC Spell Manager] PLAYER ELEMENTS: Found '召唤子嗣' (ID:9010) vBase=0, vPotential=0
[NPC Spell Manager] PLAYER TOTAL: Found 99 abilities for 最棒的紫色「霊の魂」
[NPC Spell Manager] Filtered out AI behavior from PC: AI_Steal
[NPC Spell Manager] Filtered out AI behavior from PC: AI_Meditate
[NPC Spell Manager] Filtered out AI behavior from PC: AI_SelfHarm
[NPC Spell Manager] REFACTORED: Scanning Player Character: 最棒的紫色「霊の魂」
[NPC Spell Manager] PLAYER ELEMENTS: Found '盗窃之手' (ID:6011) vBase=1, vPotential=0
[NPC Spell Manager] PLAYER ELEMENTS: Found '休息' (ID:6003) vBase=54, vPotential=0
[NPC Spell Manager] PLAYER ELEMENTS: Found '简易制造' (ID:6012) vBase=1, vPotential=0
[NPC Spell Manager] PLAYER ELEMENTS: Found '自残' (ID:6015) vBase=1, vPotential=0
[NPC Spell Manager] PLAYER ELEMENTS: Found '祈祷' (ID:6050) vBase=1, vPotential=0
[NPC Spell Manager] PLAYER ELEMENTS: Found '黑暗之箭' (ID:50503) vBase=9, vPotential=11828
[NPC Spell Manager] PLAYER ELEMENTS: Found '剧毒之箭' (ID:50505) vBase=13, vPotential=11694
[NPC Spell Manager] PLAYER ELEMENTS: Found '脆弱' (ID:8702) vBase=1, vPotential=460
[NPC Spell Manager] PLAYER ELEMENTS: Found '混乱光线' (ID:50310) vBase=2, vPotential=2977
[NPC Spell Manager] PLAYER ELEMENTS: Found '魔力之箭' (ID:50511) vBase=2, vPotential=458
[NPC Spell Manager] PLAYER ELEMENTS: Found '英勇' (ID:8504) vBase=3, vPotential=560
[NPC Spell Manager] PLAYER ELEMENTS: Found '轻伤治疗' (ID:8400) vBase=8, vPotential=967
[NPC Spell Manager] PLAYER ELEMENTS: Found '寄生' (ID:6019) vBase=1, vPotential=0
[NPC Spell Manager] PLAYER ELEMENTS: Found '骑乘' (ID:6018) vBase=1, vPotential=0
[NPC Spell Manager] PLAYER ELEMENTS: Found '寒冰之箭' (ID:50501) vBase=1, vPotential=415
[NPC Spell Manager] PLAYER ELEMENTS: Found '黑暗光线' (ID:50303) vBase=1, vPotential=2855
[NPC Spell Manager] PLAYER ELEMENTS: Found '鲜血之手' (ID:50414) vBase=1, vPotential=173
[NPC Spell Manager] PLAYER ELEMENTS: Found '黑暗瘴气' (ID:50703) vBase=1, vPotential=1848
[NPC Spell Manager] PLAYER ELEMENTS: Found '黑暗之歌' (ID:50803) vBase=1, vPotential=795
[NPC Spell Manager] PLAYER ELEMENTS: Found '看穿透明' (ID:8776) vBase=2, vPotential=347
[NPC Spell Manager] PLAYER ELEMENTS: Found '混乱之球' (ID:50110) vBase=1, vPotential=2134
[NPC Spell Manager] PLAYER ELEMENTS: Found '剧毒之球' (ID:50105) vBase=1, vPotential=2255
[NPC Spell Manager] PLAYER ELEMENTS: Found '自然的拥抱' (ID:8450) vBase=5, vPotential=426
[NPC Spell Manager] PLAYER ELEMENTS: Found '解咒' (ID:8240) vBase=1, vPotential=97
[NPC Spell Manager] PLAYER ELEMENTS: Found '智者' (ID:8503) vBase=1, vPotential=152
[NPC Spell Manager] PLAYER ELEMENTS: Found '魔法地图' (ID:8260) vBase=15, vPotential=296
[NPC Spell Manager] PLAYER ELEMENTS: Found '脱离' (ID:8221) vBase=1, vPotential=177
[NPC Spell Manager] PLAYER ELEMENTS: Found '剧毒瘴气' (ID:50705) vBase=1, vPotential=1931
[NPC Spell Manager] PLAYER ELEMENTS: Found '沉默' (ID:8700) vBase=1, vPotential=187
[NPC Spell Manager] PLAYER ELEMENTS: Found '召唤动物' (ID:9000) vBase=1, vPotential=182
[NPC Spell Manager] PLAYER ELEMENTS: Found '猫眼' (ID:8501) vBase=1, vPotential=361
[NPC Spell Manager] PLAYER ELEMENTS: Found '混乱具象' (ID:50610) vBase=1, vPotential=301
[NPC Spell Manager] PLAYER ELEMENTS: Found '混乱之歌' (ID:50810) vBase=1, vPotential=899
[NPC Spell Manager] PLAYER ELEMENTS: Found '肉体复苏' (ID:8470) vBase=1, vPotential=426
[NPC Spell Manager] PLAYER ELEMENTS: Found '节魔' (ID:6720) vBase=1, vPotential=0
[NPC Spell Manager] PLAYER ELEMENTS: Found '破咒' (ID:9200) vBase=1, vPotential=200
[NPC Spell Manager] PLAYER ELEMENTS: Found '精神复苏' (ID:8471) vBase=1, vPotential=208
[NPC Spell Manager] PLAYER ELEMENTS: Found '归还' (ID:8220) vBase=1, vPotential=124
[NPC Spell Manager] PLAYER ELEMENTS: Found '冲锋' (ID:6450) vBase=1, vPotential=0
[NPC Spell Manager] PLAYER ELEMENTS: Found '召唤阴影' (ID:9050) vBase=1, vPotential=94
[NPC Spell Manager] PLAYER ELEMENTS: Found '传送' (ID:8200) vBase=3, vPotential=162
[NPC Spell Manager] PLAYER ELEMENTS: Found '圣光之手' (ID:50409) vBase=1, vPotential=22
[NPC Spell Manager] PLAYER ELEMENTS: Found '元素保护' (ID:8506) vBase=1, vPotential=329
[NPC Spell Manager] PLAYER ELEMENTS: Found '短距离传送' (ID:8201) vBase=1, vPotential=384
[NPC Spell Manager] PLAYER ELEMENTS: Found '元素伤痕' (ID:8704) vBase=1, vPotential=283
[NPC Spell Manager] PLAYER ELEMENTS: Found '以太光线' (ID:50312) vBase=1, vPotential=16
[NPC Spell Manager] PLAYER ELEMENTS: Found '鲜血光线' (ID:50314) vBase=1, vPotential=46
[NPC Spell Manager] PLAYER ELEMENTS: Found '致命伤治疗' (ID:8402) vBase=2, vPotential=151
[NPC Spell Manager] PLAYER ELEMENTS: Found '地震' (ID:9151) vBase=1, vPotential=9
[NPC Spell Manager] PLAYER ELEMENTS: Found '自我变异' (ID:8380) vBase=1, vPotential=35
[NPC Spell Manager] PLAYER ELEMENTS: Found '寒冰之球' (ID:50101) vBase=1, vPotential=89
[NPC Spell Manager] PLAYER ELEMENTS: Found '神圣之盾' (ID:8502) vBase=1, vPotential=433
[NPC Spell Manager] PLAYER ELEMENTS: Found '蜘蛛网' (ID:8801) vBase=1, vPotential=184
[NPC Spell Manager] PLAYER ELEMENTS: Found '灾祸' (ID:8706) vBase=1, vPotential=288
[NPC Spell Manager] PLAYER ELEMENTS: Found '圣光加护' (ID:8500) vBase=1, vPotential=80
[NPC Spell Manager] PLAYER ELEMENTS: Found '飘浮' (ID:8300) vBase=1, vPotential=146
[NPC Spell Manager] PLAYER ELEMENTS: Found '心灵感应' (ID:8770) vBase=1, vPotential=88
[NPC Spell Manager] PLAYER ELEMENTS: Found '减速' (ID:8710) vBase=1, vPotential=176
[NPC Spell Manager] PLAYER ELEMENTS: Found '清净圣光' (ID:8490) vBase=1, vPotential=302
[NPC Spell Manager] PLAYER ELEMENTS: Found '体力恢复' (ID:8403) vBase=1, vPotential=15
[NPC Spell Manager] PLAYER ELEMENTS: Found '火焰之手' (ID:50400) vBase=1, vPotential=47
[NPC Spell Manager] PLAYER ELEMENTS: Found '鉴定' (ID:8230) vBase=2, vPotential=58
[NPC Spell Manager] PLAYER ELEMENTS: Found '雷电之球' (ID:50102) vBase=1, vPotential=74
[NPC Spell Manager] PLAYER ELEMENTS: Found '暗之雾' (ID:8800) vBase=1, vPotential=203
[NPC Spell Manager] PLAYER ELEMENTS: Found '透明化' (ID:8775) vBase=1, vPotential=35
[NPC Spell Manager] PLAYER ELEMENTS: Found '强酸光线' (ID:50313) vBase=1, vPotential=46
[NPC Spell Manager] PLAYER ELEMENTS: Found '死亡光线' (ID:50306) vBase=1, vPotential=105
[NPC Spell Manager] PLAYER ELEMENTS: Found '强酸之箭' (ID:50513) vBase=1, vPotential=27
[NPC Spell Manager] PLAYER ELEMENTS: Found '加速' (ID:8510) vBase=1, vPotential=77
[NPC Spell Manager] PLAYER ELEMENTS: Found '死亡之手' (ID:50406) vBase=1, vPotential=13
[NPC Spell Manager] PLAYER ELEMENTS: Found '重力场' (ID:8708) vBase=1, vPotential=60
[NPC Spell Manager] PLAYER ELEMENTS: Found '神经之箭' (ID:50508) vBase=1, vPotential=154
[NPC Spell Manager] PLAYER ELEMENTS: Found '轰鸣之球' (ID:50107) vBase=1, vPotential=51
[NPC Spell Manager] PLAYER ELEMENTS: Found '疯狂光线' (ID:50304) vBase=1, vPotential=73
[NPC Spell Manager] PLAYER ELEMENTS: Found '《爱丽丝》的治愈' (ID:8404) vBase=1, vPotential=58
[NPC Spell Manager] PLAYER ELEMENTS: Found '召唤不死妹妹' (ID:9001) vBase=1, vPotential=59
[NPC Spell Manager] PLAYER ELEMENTS: Found '乔装' (ID:8780) vBase=1, vPotential=79
[NPC Spell Manager] PLAYER ELEMENTS: Found '扫帚变形' (ID:8790) vBase=1, vPotential=26
[NPC Spell Manager] PLAYER ELEMENTS: Found '神经光线' (ID:50308) vBase=1, vPotential=17
[NPC Spell Manager] PLAYER ELEMENTS: Found '雷电光线' (ID:50302) vBase=1, vPotential=9
[NPC Spell Manager] PLAYER ELEMENTS: Found '疯狂之手' (ID:50404) vBase=1, vPotential=57
[NPC Spell Manager] PLAYER ELEMENTS: Found 'Bank' (ID:90000) vBase=1, vPotential=0
[NPC Spell Manager] PLAYER ELEMENTS: Found '智能回复' (ID:969500101) vBase=1, vPotential=0
[NPC Spell Manager] PLAYER ELEMENTS: Found '智能增益' (ID:969500102) vBase=1, vPotential=0
[NPC Spell Manager] PLAYER ELEMENTS: Found '智能减益' (ID:969500103) vBase=1, vPotential=0
[NPC Spell Manager] PLAYER ELEMENTS: Found '智能漩涡' (ID:969500111) vBase=1, vPotential=0
[NPC Spell Manager] PLAYER ELEMENTS: Found '智能光线' (ID:969500113) vBase=1, vPotential=0
[NPC Spell Manager] PLAYER ELEMENTS: Found '智能之手' (ID:969500114) vBase=1, vPotential=0
[NPC Spell Manager] PLAYER ELEMENTS: Found '智能之箭' (ID:969500115) vBase=1, vPotential=0
[NPC Spell Manager] PLAYER ELEMENTS: Found '智能具象' (ID:969500116) vBase=1, vPotential=0
[NPC Spell Manager] PLAYER ELEMENTS: Found '智能瘴气' (ID:969500117) vBase=1, vPotential=0
[NPC Spell Manager] PLAYER ELEMENTS: Found '智能之歌' (ID:969500118) vBase=1, vPotential=0
[NPC Spell Manager] PLAYER ELEMENTS: Found '智能之剑' (ID:969500120) vBase=1, vPotential=0
[NPC Spell Manager] PLAYER ELEMENTS: Found '鲜血瘴气' (ID:50714) vBase=1, vPotential=13
[NPC Spell Manager] PLAYER ELEMENTS: Found '月夜之枪' (ID:9155) vBase=1, vPotential=2
[NPC Spell Manager] PLAYER ELEMENTS: Found '黑暗之剑' (ID:51003) vBase=1, vPotential=153
[NPC Spell Manager] PLAYER ELEMENTS: Found '剧毒之剑' (ID:51005) vBase=1, vPotential=16
[NPC Spell Manager] PLAYER ELEMENTS: Found '《朱亚》的祈祷' (ID:6901) vBase=0, vPotential=0
[NPC Spell Manager] PLAYER ELEMENTS: Found '召唤子嗣' (ID:9010) vBase=0, vPotential=0
[NPC Spell Manager] PLAYER TOTAL: Found 99 abilities for 最棒的紫色「霊の魂」
[NPC Spell Manager] Filtered out AI behavior from PC: AI_Steal
[NPC Spell Manager] Filtered out AI behavior from PC: AI_Meditate
[NPC Spell Manager] Filtered out AI behavior from PC: AI_SelfHarm
[NPC Spell Manager] REFACTORED: Scanning Player Character: 最棒的紫色「霊の魂」
[NPC Spell Manager] PLAYER ELEMENTS: Found '盗窃之手' (ID:6011) vBase=1, vPotential=0
[NPC Spell Manager] PLAYER ELEMENTS: Found '休息' (ID:6003) vBase=54, vPotential=0
[NPC Spell Manager] PLAYER ELEMENTS: Found '简易制造' (ID:6012) vBase=1, vPotential=0
[NPC Spell Manager] PLAYER ELEMENTS: Found '自残' (ID:6015) vBase=1, vPotential=0
[NPC Spell Manager] PLAYER ELEMENTS: Found '祈祷' (ID:6050) vBase=1, vPotential=0
[NPC Spell Manager] PLAYER ELEMENTS: Found '黑暗之箭' (ID:50503) vBase=9, vPotential=11828
[NPC Spell Manager] PLAYER ELEMENTS: Found '剧毒之箭' (ID:50505) vBase=13, vPotential=11694
[NPC Spell Manager] PLAYER ELEMENTS: Found '脆弱' (ID:8702) vBase=1, vPotential=460
[NPC Spell Manager] PLAYER ELEMENTS: Found '混乱光线' (ID:50310) vBase=2, vPotential=2977
[NPC Spell Manager] PLAYER ELEMENTS: Found '魔力之箭' (ID:50511) vBase=2, vPotential=458
[NPC Spell Manager] PLAYER ELEMENTS: Found '英勇' (ID:8504) vBase=3, vPotential=560
[NPC Spell Manager] PLAYER ELEMENTS: Found '轻伤治疗' (ID:8400) vBase=8, vPotential=967
[NPC Spell Manager] PLAYER ELEMENTS: Found '寄生' (ID:6019) vBase=1, vPotential=0
[NPC Spell Manager] PLAYER ELEMENTS: Found '骑乘' (ID:6018) vBase=1, vPotential=0
[NPC Spell Manager] PLAYER ELEMENTS: Found '寒冰之箭' (ID:50501) vBase=1, vPotential=415
[NPC Spell Manager] PLAYER ELEMENTS: Found '黑暗光线' (ID:50303) vBase=1, vPotential=2855
[NPC Spell Manager] PLAYER ELEMENTS: Found '鲜血之手' (ID:50414) vBase=1, vPotential=173
[NPC Spell Manager] PLAYER ELEMENTS: Found '黑暗瘴气' (ID:50703) vBase=1, vPotential=1848
[NPC Spell Manager] PLAYER ELEMENTS: Found '黑暗之歌' (ID:50803) vBase=1, vPotential=795
[NPC Spell Manager] PLAYER ELEMENTS: Found '看穿透明' (ID:8776) vBase=2, vPotential=347
[NPC Spell Manager] PLAYER ELEMENTS: Found '混乱之球' (ID:50110) vBase=1, vPotential=2134
[NPC Spell Manager] PLAYER ELEMENTS: Found '剧毒之球' (ID:50105) vBase=1, vPotential=2255
[NPC Spell Manager] PLAYER ELEMENTS: Found '自然的拥抱' (ID:8450) vBase=5, vPotential=426
[NPC Spell Manager] PLAYER ELEMENTS: Found '解咒' (ID:8240) vBase=1, vPotential=97
[NPC Spell Manager] PLAYER ELEMENTS: Found '智者' (ID:8503) vBase=1, vPotential=152
[NPC Spell Manager] PLAYER ELEMENTS: Found '魔法地图' (ID:8260) vBase=15, vPotential=296
[NPC Spell Manager] PLAYER ELEMENTS: Found '脱离' (ID:8221) vBase=1, vPotential=177
[NPC Spell Manager] PLAYER ELEMENTS: Found '剧毒瘴气' (ID:50705) vBase=1, vPotential=1931
[NPC Spell Manager] PLAYER ELEMENTS: Found '沉默' (ID:8700) vBase=1, vPotential=187
[NPC Spell Manager] PLAYER ELEMENTS: Found '召唤动物' (ID:9000) vBase=1, vPotential=182
[NPC Spell Manager] PLAYER ELEMENTS: Found '猫眼' (ID:8501) vBase=1, vPotential=361
[NPC Spell Manager] PLAYER ELEMENTS: Found '混乱具象' (ID:50610) vBase=1, vPotential=301
[NPC Spell Manager] PLAYER ELEMENTS: Found '混乱之歌' (ID:50810) vBase=1, vPotential=899
[NPC Spell Manager] PLAYER ELEMENTS: Found '肉体复苏' (ID:8470) vBase=1, vPotential=426
[NPC Spell Manager] PLAYER ELEMENTS: Found '节魔' (ID:6720) vBase=1, vPotential=0
[NPC Spell Manager] PLAYER ELEMENTS: Found '破咒' (ID:9200) vBase=1, vPotential=200
[NPC Spell Manager] PLAYER ELEMENTS: Found '精神复苏' (ID:8471) vBase=1, vPotential=208
[NPC Spell Manager] PLAYER ELEMENTS: Found '归还' (ID:8220) vBase=1, vPotential=124
[NPC Spell Manager] PLAYER ELEMENTS: Found '冲锋' (ID:6450) vBase=1, vPotential=0
[NPC Spell Manager] PLAYER ELEMENTS: Found '召唤阴影' (ID:9050) vBase=1, vPotential=94
[NPC Spell Manager] PLAYER ELEMENTS: Found '传送' (ID:8200) vBase=3, vPotential=162
[NPC Spell Manager] PLAYER ELEMENTS: Found '圣光之手' (ID:50409) vBase=1, vPotential=22
[NPC Spell Manager] PLAYER ELEMENTS: Found '元素保护' (ID:8506) vBase=1, vPotential=329
[NPC Spell Manager] PLAYER ELEMENTS: Found '短距离传送' (ID:8201) vBase=1, vPotential=384
[NPC Spell Manager] PLAYER ELEMENTS: Found '元素伤痕' (ID:8704) vBase=1, vPotential=283
[NPC Spell Manager] PLAYER ELEMENTS: Found '以太光线' (ID:50312) vBase=1, vPotential=16
[NPC Spell Manager] PLAYER ELEMENTS: Found '鲜血光线' (ID:50314) vBase=1, vPotential=46
[NPC Spell Manager] PLAYER ELEMENTS: Found '致命伤治疗' (ID:8402) vBase=2, vPotential=151
[NPC Spell Manager] PLAYER ELEMENTS: Found '地震' (ID:9151) vBase=1, vPotential=9
[NPC Spell Manager] PLAYER ELEMENTS: Found '自我变异' (ID:8380) vBase=1, vPotential=35
[NPC Spell Manager] PLAYER ELEMENTS: Found '寒冰之球' (ID:50101) vBase=1, vPotential=89
[NPC Spell Manager] PLAYER ELEMENTS: Found '神圣之盾' (ID:8502) vBase=1, vPotential=433
[NPC Spell Manager] PLAYER ELEMENTS: Found '蜘蛛网' (ID:8801) vBase=1, vPotential=184
[NPC Spell Manager] PLAYER ELEMENTS: Found '灾祸' (ID:8706) vBase=1, vPotential=288
[NPC Spell Manager] PLAYER ELEMENTS: Found '圣光加护' (ID:8500) vBase=1, vPotential=80
[NPC Spell Manager] PLAYER ELEMENTS: Found '飘浮' (ID:8300) vBase=1, vPotential=146
[NPC Spell Manager] PLAYER ELEMENTS: Found '心灵感应' (ID:8770) vBase=1, vPotential=88
[NPC Spell Manager] PLAYER ELEMENTS: Found '减速' (ID:8710) vBase=1, vPotential=176
[NPC Spell Manager] PLAYER ELEMENTS: Found '清净圣光' (ID:8490) vBase=1, vPotential=302
[NPC Spell Manager] PLAYER ELEMENTS: Found '体力恢复' (ID:8403) vBase=1, vPotential=15
[NPC Spell Manager] PLAYER ELEMENTS: Found '火焰之手' (ID:50400) vBase=1, vPotential=47
[NPC Spell Manager] PLAYER ELEMENTS: Found '鉴定' (ID:8230) vBase=2, vPotential=58
[NPC Spell Manager] PLAYER ELEMENTS: Found '雷电之球' (ID:50102) vBase=1, vPotential=74
[NPC Spell Manager] PLAYER ELEMENTS: Found '暗之雾' (ID:8800) vBase=1, vPotential=203
[NPC Spell Manager] PLAYER ELEMENTS: Found '透明化' (ID:8775) vBase=1, vPotential=35
[NPC Spell Manager] PLAYER ELEMENTS: Found '强酸光线' (ID:50313) vBase=1, vPotential=46
[NPC Spell Manager] PLAYER ELEMENTS: Found '死亡光线' (ID:50306) vBase=1, vPotential=105
[NPC Spell Manager] PLAYER ELEMENTS: Found '强酸之箭' (ID:50513) vBase=1, vPotential=27
[NPC Spell Manager] PLAYER ELEMENTS: Found '加速' (ID:8510) vBase=1, vPotential=77
[NPC Spell Manager] PLAYER ELEMENTS: Found '死亡之手' (ID:50406) vBase=1, vPotential=13
[NPC Spell Manager] PLAYER ELEMENTS: Found '重力场' (ID:8708) vBase=1, vPotential=60
[NPC Spell Manager] PLAYER ELEMENTS: Found '神经之箭' (ID:50508) vBase=1, vPotential=154
[NPC Spell Manager] PLAYER ELEMENTS: Found '轰鸣之球' (ID:50107) vBase=1, vPotential=51
[NPC Spell Manager] PLAYER ELEMENTS: Found '疯狂光线' (ID:50304) vBase=1, vPotential=73
[NPC Spell Manager] PLAYER ELEMENTS: Found '《爱丽丝》的治愈' (ID:8404) vBase=1, vPotential=58
[NPC Spell Manager] PLAYER ELEMENTS: Found '召唤不死妹妹' (ID:9001) vBase=1, vPotential=59
[NPC Spell Manager] PLAYER ELEMENTS: Found '乔装' (ID:8780) vBase=1, vPotential=79
[NPC Spell Manager] PLAYER ELEMENTS: Found '扫帚变形' (ID:8790) vBase=1, vPotential=26
[NPC Spell Manager] PLAYER ELEMENTS: Found '神经光线' (ID:50308) vBase=1, vPotential=17
[NPC Spell Manager] PLAYER ELEMENTS: Found '雷电光线' (ID:50302) vBase=1, vPotential=9
[NPC Spell Manager] PLAYER ELEMENTS: Found '疯狂之手' (ID:50404) vBase=1, vPotential=57
[NPC Spell Manager] PLAYER ELEMENTS: Found 'Bank' (ID:90000) vBase=1, vPotential=0
[NPC Spell Manager] PLAYER ELEMENTS: Found '智能回复' (ID:969500101) vBase=1, vPotential=0
[NPC Spell Manager] PLAYER ELEMENTS: Found '智能增益' (ID:969500102) vBase=1, vPotential=0
[NPC Spell Manager] PLAYER ELEMENTS: Found '智能减益' (ID:969500103) vBase=1, vPotential=0
[NPC Spell Manager] PLAYER ELEMENTS: Found '智能漩涡' (ID:969500111) vBase=1, vPotential=0
[NPC Spell Manager] PLAYER ELEMENTS: Found '智能光线' (ID:969500113) vBase=1, vPotential=0
[NPC Spell Manager] PLAYER ELEMENTS: Found '智能之手' (ID:969500114) vBase=1, vPotential=0
[NPC Spell Manager] PLAYER ELEMENTS: Found '智能之箭' (ID:969500115) vBase=1, vPotential=0
[NPC Spell Manager] PLAYER ELEMENTS: Found '智能具象' (ID:969500116) vBase=1, vPotential=0
[NPC Spell Manager] PLAYER ELEMENTS: Found '智能瘴气' (ID:969500117) vBase=1, vPotential=0
[NPC Spell Manager] PLAYER ELEMENTS: Found '智能之歌' (ID:969500118) vBase=1, vPotential=0
[NPC Spell Manager] PLAYER ELEMENTS: Found '智能之剑' (ID:969500120) vBase=1, vPotential=0
[NPC Spell Manager] PLAYER ELEMENTS: Found '鲜血瘴气' (ID:50714) vBase=1, vPotential=13
[NPC Spell Manager] PLAYER ELEMENTS: Found '月夜之枪' (ID:9155) vBase=1, vPotential=2
[NPC Spell Manager] PLAYER ELEMENTS: Found '黑暗之剑' (ID:51003) vBase=1, vPotential=153
[NPC Spell Manager] PLAYER ELEMENTS: Found '剧毒之剑' (ID:51005) vBase=1, vPotential=16
[NPC Spell Manager] PLAYER ELEMENTS: Found '《朱亚》的祈祷' (ID:6901) vBase=0, vPotential=0
[NPC Spell Manager] PLAYER ELEMENTS: Found '召唤子嗣' (ID:9010) vBase=0, vPotential=0
[NPC Spell Manager] PLAYER TOTAL: Found 99 abilities for 最棒的紫色「霊の魂」
[NPC Spell Manager] Filtered out AI behavior from PC: AI_Steal
[NPC Spell Manager] Filtered out AI behavior from PC: AI_Meditate
[NPC Spell Manager] Filtered out AI behavior from PC: AI_SelfHarm
[NPC Spell Manager] RefreshRemoveAbilityDropdown: Found 19 abilities
[NPC Spell Manager] Getting DisplayName for ability: ActQuickCraft
[NPC Spell Manager] DisplayName DEBUG: alias='ActQuickCraft', baseName='简易制造', sourceType=Learned
[NPC Spell Manager] GetDistinguishingSuffix: baseName='简易制造', alias='ActQuickCraft'
[NPC Spell Manager] Using suffix: baseName='简易制造' != cleanAlias='QuickCraft'
[NPC Spell Manager] Generated DisplayName: '简易制造 (QuickCraft)' (suffix: ' (QuickCraft)')
[NPC Spell Manager] Getting DisplayName for ability: ActPray
[NPC Spell Manager] DisplayName DEBUG: alias='ActPray', baseName='祈祷', sourceType=Learned
[NPC Spell Manager] GetDistinguishingSuffix: baseName='祈祷', alias='ActPray'
[NPC Spell Manager] Using suffix: baseName='祈祷' != cleanAlias='Pray'
[NPC Spell Manager] Generated DisplayName: '祈祷 (Pray)' (suffix: ' (Pray)')
[NPC Spell Manager] Getting DisplayName for ability: ActParasite
[NPC Spell Manager] DisplayName DEBUG: alias='ActParasite', baseName='寄生', sourceType=Learned
[NPC Spell Manager] GetDistinguishingSuffix: baseName='寄生', alias='ActParasite'
[NPC Spell Manager] Using suffix: baseName='寄生' != cleanAlias='Parasite'
[NPC Spell Manager] Generated DisplayName: '寄生 (Parasite)' (suffix: ' (Parasite)')
[NPC Spell Manager] Getting DisplayName for ability: ActRide
[NPC Spell Manager] DisplayName DEBUG: alias='ActRide', baseName='骑乘', sourceType=Learned
[NPC Spell Manager] GetDistinguishingSuffix: baseName='骑乘', alias='ActRide'
[NPC Spell Manager] Using suffix: baseName='骑乘' != cleanAlias='Ride'
[NPC Spell Manager] Generated DisplayName: '骑乘 (Ride)' (suffix: ' (Ride)')
[NPC Spell Manager] Getting DisplayName for ability: StManaCost
[NPC Spell Manager] DisplayName DEBUG: alias='StManaCost', baseName='节魔', sourceType=Learned
[NPC Spell Manager] GetDistinguishingSuffix: baseName='节魔', alias='StManaCost'
[NPC Spell Manager] Using suffix: baseName='节魔' != cleanAlias='StManaCost'
[NPC Spell Manager] Generated DisplayName: '节魔 (StManaCost)' (suffix: ' (StManaCost)')
[NPC Spell Manager] Getting DisplayName for ability: ActRush
[NPC Spell Manager] DisplayName DEBUG: alias='ActRush', baseName='冲锋', sourceType=Learned
[NPC Spell Manager] GetDistinguishingSuffix: baseName='冲锋', alias='ActRush'
[NPC Spell Manager] Using suffix: baseName='冲锋' != cleanAlias='Rush'
[NPC Spell Manager] Generated DisplayName: '冲锋 (Rush)' (suffix: ' (Rush)')
[NPC Spell Manager] Getting DisplayName for ability: ActBankAccess
[NPC Spell Manager] DisplayName DEBUG: alias='ActBankAccess', baseName='Bank', sourceType=Learned
[NPC Spell Manager] GetDistinguishingSuffix: baseName='Bank', alias='ActBankAccess'
[NPC Spell Manager] Using suffix: baseName='Bank' != cleanAlias='BankAccess'
[NPC Spell Manager] Generated DisplayName: 'Bank (BankAccess)' (suffix: ' (BankAccess)')
[NPC Spell Manager] Getting DisplayName for ability: ActKKSmartHeal
[NPC Spell Manager] DisplayName DEBUG: alias='ActKKSmartHeal', baseName='智能回复', sourceType=Learned
[NPC Spell Manager] GetDistinguishingSuffix: baseName='智能回复', alias='ActKKSmartHeal'
[NPC Spell Manager] Using suffix: baseName='智能回复' != cleanAlias='KKSmartHeal'
[NPC Spell Manager] Generated DisplayName: '智能回复 (KKSmartHeal)' (suffix: ' (KKSmartHeal)')
[NPC Spell Manager] Getting DisplayName for ability: ActKKSmartBuff
[NPC Spell Manager] DisplayName DEBUG: alias='ActKKSmartBuff', baseName='智能增益', sourceType=Learned
[NPC Spell Manager] GetDistinguishingSuffix: baseName='智能增益', alias='ActKKSmartBuff'
[NPC Spell Manager] Using suffix: baseName='智能增益' != cleanAlias='KKSmartBuff'
[NPC Spell Manager] Generated DisplayName: '智能增益 (KKSmartBuff)' (suffix: ' (KKSmartBuff)')
[NPC Spell Manager] Getting DisplayName for ability: ActKKSmartDebuff
[NPC Spell Manager] DisplayName DEBUG: alias='ActKKSmartDebuff', baseName='智能减益', sourceType=Learned
[NPC Spell Manager] GetDistinguishingSuffix: baseName='智能减益', alias='ActKKSmartDebuff'
[NPC Spell Manager] Using suffix: baseName='智能减益' != cleanAlias='KKSmartDebuff'
[NPC Spell Manager] Generated DisplayName: '智能减益 (KKSmartDebuff)' (suffix: ' (KKSmartDebuff)')
[NPC Spell Manager] Getting DisplayName for ability: ActKKSmartBall
[NPC Spell Manager] DisplayName DEBUG: alias='ActKKSmartBall', baseName='智能漩涡', sourceType=Learned
[NPC Spell Manager] GetDistinguishingSuffix: baseName='智能漩涡', alias='ActKKSmartBall'
[NPC Spell Manager] Using suffix: baseName='智能漩涡' != cleanAlias='KKSmartBall'
[NPC Spell Manager] Generated DisplayName: '智能漩涡 (KKSmartBall)' (suffix: ' (KKSmartBall)')
[NPC Spell Manager] Getting DisplayName for ability: ActKKSmartBolt
[NPC Spell Manager] DisplayName DEBUG: alias='ActKKSmartBolt', baseName='智能光线', sourceType=Learned
[NPC Spell Manager] GetDistinguishingSuffix: baseName='智能光线', alias='ActKKSmartBolt'
[NPC Spell Manager] Using suffix: baseName='智能光线' != cleanAlias='KKSmartBolt'
[NPC Spell Manager] Generated DisplayName: '智能光线 (KKSmartBolt)' (suffix: ' (KKSmartBolt)')
[NPC Spell Manager] Getting DisplayName for ability: ActKKSmartHand
[NPC Spell Manager] DisplayName DEBUG: alias='ActKKSmartHand', baseName='智能之手', sourceType=Learned
[NPC Spell Manager] GetDistinguishingSuffix: baseName='智能之手', alias='ActKKSmartHand'
[NPC Spell Manager] Using suffix: baseName='智能之手' != cleanAlias='KKSmartHand'
[NPC Spell Manager] Generated DisplayName: '智能之手 (KKSmartHand)' (suffix: ' (KKSmartHand)')
[NPC Spell Manager] Getting DisplayName for ability: ActKKSmartArrow
[NPC Spell Manager] DisplayName DEBUG: alias='ActKKSmartArrow', baseName='智能之箭', sourceType=Learned
[NPC Spell Manager] GetDistinguishingSuffix: baseName='智能之箭', alias='ActKKSmartArrow'
[NPC Spell Manager] Using suffix: baseName='智能之箭' != cleanAlias='KKSmartArrow'
[NPC Spell Manager] Generated DisplayName: '智能之箭 (KKSmartArrow)' (suffix: ' (KKSmartArrow)')
[NPC Spell Manager] Getting DisplayName for ability: ActKKSmartFunnel
[NPC Spell Manager] DisplayName DEBUG: alias='ActKKSmartFunnel', baseName='智能具象', sourceType=Learned
[NPC Spell Manager] GetDistinguishingSuffix: baseName='智能具象', alias='ActKKSmartFunnel'
[NPC Spell Manager] Using suffix: baseName='智能具象' != cleanAlias='KKSmartFunnel'
[NPC Spell Manager] Generated DisplayName: '智能具象 (KKSmartFunnel)' (suffix: ' (KKSmartFunnel)')
[NPC Spell Manager] Getting DisplayName for ability: ActKKSmartMiasma
[NPC Spell Manager] DisplayName DEBUG: alias='ActKKSmartMiasma', baseName='智能瘴气', sourceType=Learned
[NPC Spell Manager] GetDistinguishingSuffix: baseName='智能瘴气', alias='ActKKSmartMiasma'
[NPC Spell Manager] Using suffix: baseName='智能瘴气' != cleanAlias='KKSmartMiasma'
[NPC Spell Manager] Generated DisplayName: '智能瘴气 (KKSmartMiasma)' (suffix: ' (KKSmartMiasma)')
[NPC Spell Manager] Getting DisplayName for ability: ActKKSmartWeapon
[NPC Spell Manager] DisplayName DEBUG: alias='ActKKSmartWeapon', baseName='智能之歌', sourceType=Learned
[NPC Spell Manager] GetDistinguishingSuffix: baseName='智能之歌', alias='ActKKSmartWeapon'
[NPC Spell Manager] Using suffix: baseName='智能之歌' != cleanAlias='KKSmartWeapon'
[NPC Spell Manager] Generated DisplayName: '智能之歌 (KKSmartWeapon)' (suffix: ' (KKSmartWeapon)')
[NPC Spell Manager] Getting DisplayName for ability: ActKKSmartSword
[NPC Spell Manager] DisplayName DEBUG: alias='ActKKSmartSword', baseName='智能之剑', sourceType=Learned
[NPC Spell Manager] GetDistinguishingSuffix: baseName='智能之剑', alias='ActKKSmartSword'
[NPC Spell Manager] Using suffix: baseName='智能之剑' != cleanAlias='KKSmartSword'
[NPC Spell Manager] Generated DisplayName: '智能之剑 (KKSmartSword)' (suffix: ' (KKSmartSword)')
[NPC Spell Manager] Getting DisplayName for ability: ActJureHeal
[NPC Spell Manager] DisplayName DEBUG: alias='ActJureHeal', baseName='《朱亚》的祈祷', sourceType=Learned
[NPC Spell Manager] GetDistinguishingSuffix: baseName='《朱亚》的祈祷', alias='ActJureHeal'
[NPC Spell Manager] Using suffix: baseName='《朱亚》的祈祷' != cleanAlias='JureHeal'
[NPC Spell Manager] Generated DisplayName: '《朱亚》的祈祷 (JureHeal)' (suffix: ' (JureHeal)')
[NPC Spell Manager] Generated 19 ability names for dropdown
[NPC Spell Manager] Opened player spell management via tome reading
[NPCSpellManagerLayer] Cleared tome tracking on UI close
[NPC Spell Manager] Tome pricing: 109 -> 1635 (multiplier: 15x)
[NPC Spell Manager] Tome pricing: 96 -> 1440 (multiplier: 15x)
[NPC Spell Manager] Tome pricing: 87 -> 1305 (multiplier: 15x)
[NPC Spell Manager] Tome pricing: 109 -> 1635 (multiplier: 15x)
[NPC Spell Manager] Tome pricing: 96 -> 1440 (multiplier: 15x)
[NPC Spell Manager] Tome pricing: 87 -> 1305 (multiplier: 15x)
[NPC Spell Manager] Tome pricing: 109 -> 1635 (multiplier: 15x)
[NPC Spell Manager] Tome pricing: 96 -> 1440 (multiplier: 15x)
[NPC Spell Manager] Tome pricing: 87 -> 1305 (multiplier: 15x)
[NPC Spell Manager] Tome pricing: 109 -> 1635 (multiplier: 15x)
[NPC Spell Manager] Tome pricing: 96 -> 1440 (multiplier: 15x)
[NPC Spell Manager] Tome pricing: 87 -> 1305 (multiplier: 15x)
[NPC Spell Manager] REFACTORED: Scanning Regular NPC: 战士 萊雅
[NPC Spell Manager] REGULAR NPC UNIFIED: Found '魔法地图' (ID:8260) isLearned=True
[NPC Spell Manager] REGULAR NPC UNIFIED: Found '清净圣光' (ID:8490) isLearned=True
[NPC Spell Manager] REGULAR NPC UNIFIED: Found '鉴定' (ID:8230) isLearned=True
[NPC Spell Manager] REGULAR NPC UNIFIED: Found '黑暗之箭' (ID:50503) isLearned=True
[NPC Spell Manager] REGULAR NPC UNIFIED: Found '肉体复苏' (ID:8470) isLearned=True
[NPC Spell Manager] REGULAR NPC UNIFIED: Found '猫眼' (ID:8501) isLearned=True
[NPC Spell Manager] REGULAR NPC UNIFIED: Found '脱离' (ID:8221) isLearned=True
[NPC Spell Manager] REGULAR NPC UNIFIED: Found '心灵感应' (ID:8770) isLearned=True
[NPC Spell Manager] REGULAR NPC UNIFIED: Found '解咒' (ID:8240) isLearned=True
[NPC Spell Manager] REGULAR NPC UNIFIED: Found '归还' (ID:8220) isLearned=True
[NPC Spell Manager] REGULAR NPC UNIFIED: Found '神经之箭' (ID:50508) isLearned=True
[NPC Spell Manager] REGULAR NPC UNIFIED: displayElement is NULL for '牵引' (ID:6602)
[NPC Spell Manager] REGULAR NPC UNIFIED: Found '寒冰之箭' (ID:50501) isLearned=True
[NPC Spell Manager] REGULAR NPC UNIFIED: Found '《爱丽丝》的治愈' (ID:8404) isLearned=True
[NPC Spell Manager] REGULAR NPC UNIFIED: Found '复活' (ID:8430) isLearned=True
[NPC Spell Manager] REGULAR NPC UNIFIED: Found '剧毒瘴气' (ID:50705) isLearned=True
[NPC Spell Manager] REGULAR NPC UNIFIED: Found '轻伤治疗' (ID:8400) isLearned=True
[NPC Spell Manager] REGULAR NPC UNIFIED: Found '脆弱' (ID:8702) isLearned=True
[NPC Spell Manager] REGULAR NPC UNIFIED: Found '灾祸' (ID:8706) isLearned=True
[NPC Spell Manager] REGULAR NPC UNIFIED: Found '重力场' (ID:8708) isLearned=True
[NPC Spell Manager] REGULAR NPC UNIFIED: Found '雷电光线' (ID:50302) isLearned=True
[NPC Spell Manager] REGULAR NPC UNIFIED: Found '智者' (ID:8503) isLearned=True
[NPC Spell Manager] REGULAR NPC UNIFIED: Found '致命伤治疗' (ID:8402) isLearned=True
[NPC Spell Manager] REGULAR NPC UNIFIED: Found '飘浮' (ID:8300) isLearned=True
[NPC Spell Manager] REGULAR NPC UNIFIED: Found '剧毒之箭' (ID:50505) isLearned=True
[NPC Spell Manager] REGULAR NPC UNIFIED: Found '梦魇' (ID:8705) isLearned=True
[NPC Spell Manager] REGULAR NPC UNIFIED: Found '传送' (ID:8200) isLearned=True
[NPC Spell Manager] REGULAR NPC UNIFIED: Found '召唤鱼' (ID:9008) isLearned=True
[NPC Spell Manager] REGULAR NPC TOTAL: Found 27 abilities for 战士 萊雅
[NPC Spell Manager] DisplayName DEBUG: alias='SpMagicMap', baseName='魔法地图', sourceType=Learned
[NPC Spell Manager] GetDistinguishingSuffix: baseName='魔法地图', alias='SpMagicMap'
[NPC Spell Manager] Using suffix: baseName='魔法地图' != cleanAlias='SpMagicMap'
[NPC Spell Manager] Generated DisplayName: '魔法地图 (SpMagicMap)' (suffix: ' (SpMagicMap)')
[NPC Spell Manager] ElementWrapper CONSTRUCTOR: Wrapping 'Spell' (ID:8260) with customName='魔法地图 (SpMagicMap)', sourceType=Learned, vBase=1, vPotential=6
[NPC Spell Manager] DisplayName DEBUG: alias='SpRemoveHex', baseName='清净圣光', sourceType=Learned
[NPC Spell Manager] GetDistinguishingSuffix: baseName='清净圣光', alias='SpRemoveHex'
[NPC Spell Manager] Using suffix: baseName='清净圣光' != cleanAlias='SpRemoveHex'
[NPC Spell Manager] Generated DisplayName: '清净圣光 (SpRemoveHex)' (suffix: ' (SpRemoveHex)')
[NPC Spell Manager] ElementWrapper CONSTRUCTOR: Wrapping 'Spell' (ID:8490) with customName='清净圣光 (SpRemoveHex)', sourceType=Learned, vBase=3, vPotential=100
[NPC Spell Manager] DisplayName DEBUG: alias='SpIdentify', baseName='鉴定', sourceType=Learned
[NPC Spell Manager] GetDistinguishingSuffix: baseName='鉴定', alias='SpIdentify'
[NPC Spell Manager] Using suffix: baseName='鉴定' != cleanAlias='SpIdentify'
[NPC Spell Manager] Generated DisplayName: '鉴定 (SpIdentify)' (suffix: ' (SpIdentify)')
[NPC Spell Manager] ElementWrapper CONSTRUCTOR: Wrapping 'Spell' (ID:8230) with customName='鉴定 (SpIdentify)', sourceType=Learned, vBase=1, vPotential=4
[NPC Spell Manager] DisplayName DEBUG: alias='arrow_Darkness', baseName='黑暗之箭', sourceType=Learned
[NPC Spell Manager] GetDistinguishingSuffix: baseName='黑暗之箭', alias='arrow_Darkness'
[NPC Spell Manager] Using suffix: baseName='黑暗之箭' != cleanAlias='arrow_Darkness'
[NPC Spell Manager] Generated DisplayName: '黑暗之箭 (arrow_Darkness)' (suffix: ' (arrow_Darkness)')
[NPC Spell Manager] ElementWrapper CONSTRUCTOR: Wrapping 'ActArrow' (ID:50503) with customName='黑暗之箭 (arrow_Darkness)', sourceType=Learned, vBase=8, vPotential=231
[NPC Spell Manager] DisplayName DEBUG: alias='SpRestoreBody', baseName='肉体复苏', sourceType=Learned
[NPC Spell Manager] GetDistinguishingSuffix: baseName='肉体复苏', alias='SpRestoreBody'
[NPC Spell Manager] Using suffix: baseName='肉体复苏' != cleanAlias='SpRestoreBody'
[NPC Spell Manager] Generated DisplayName: '肉体复苏 (SpRestoreBody)' (suffix: ' (SpRestoreBody)')
[NPC Spell Manager] ElementWrapper CONSTRUCTOR: Wrapping 'Spell' (ID:8470) with customName='肉体复苏 (SpRestoreBody)', sourceType=Learned, vBase=1, vPotential=25
[NPC Spell Manager] DisplayName DEBUG: alias='SpCatsEye', baseName='猫眼', sourceType=Learned
[NPC Spell Manager] GetDistinguishingSuffix: baseName='猫眼', alias='SpCatsEye'
[NPC Spell Manager] Using suffix: baseName='猫眼' != cleanAlias='SpCatsEye'
[NPC Spell Manager] Generated DisplayName: '猫眼 (SpCatsEye)' (suffix: ' (SpCatsEye)')
[NPC Spell Manager] ElementWrapper CONSTRUCTOR: Wrapping 'Spell' (ID:8501) with customName='猫眼 (SpCatsEye)', sourceType=Learned, vBase=6, vPotential=22
[NPC Spell Manager] DisplayName DEBUG: alias='SpEvac', baseName='脱离', sourceType=Learned
[NPC Spell Manager] GetDistinguishingSuffix: baseName='脱离', alias='SpEvac'
[NPC Spell Manager] Using suffix: baseName='脱离' != cleanAlias='SpEvac'
[NPC Spell Manager] Generated DisplayName: '脱离 (SpEvac)' (suffix: ' (SpEvac)')
[NPC Spell Manager] ElementWrapper CONSTRUCTOR: Wrapping 'Spell' (ID:8221) with customName='脱离 (SpEvac)', sourceType=Learned, vBase=1, vPotential=48
[NPC Spell Manager] DisplayName DEBUG: alias='SpTelepathy', baseName='心灵感应', sourceType=Learned
[NPC Spell Manager] GetDistinguishingSuffix: baseName='心灵感应', alias='SpTelepathy'
[NPC Spell Manager] Using suffix: baseName='心灵感应' != cleanAlias='SpTelepathy'
[NPC Spell Manager] Generated DisplayName: '心灵感应 (SpTelepathy)' (suffix: ' (SpTelepathy)')
[NPC Spell Manager] ElementWrapper CONSTRUCTOR: Wrapping 'Spell' (ID:8770) with customName='心灵感应 (SpTelepathy)', sourceType=Learned, vBase=1, vPotential=38
[NPC Spell Manager] DisplayName DEBUG: alias='SpUncurse', baseName='解咒', sourceType=Learned
[NPC Spell Manager] GetDistinguishingSuffix: baseName='解咒', alias='SpUncurse'
[NPC Spell Manager] Using suffix: baseName='解咒' != cleanAlias='SpUncurse'
[NPC Spell Manager] Generated DisplayName: '解咒 (SpUncurse)' (suffix: ' (SpUncurse)')
[NPC Spell Manager] ElementWrapper CONSTRUCTOR: Wrapping 'Spell' (ID:8240) with customName='解咒 (SpUncurse)', sourceType=Learned, vBase=1, vPotential=29
[NPC Spell Manager] DisplayName DEBUG: alias='SpReturn', baseName='归还', sourceType=Learned
[NPC Spell Manager] GetDistinguishingSuffix: baseName='归还', alias='SpReturn'
[NPC Spell Manager] Using suffix: baseName='归还' != cleanAlias='SpReturn'
[NPC Spell Manager] Generated DisplayName: '归还 (SpReturn)' (suffix: ' (SpReturn)')
[NPC Spell Manager] ElementWrapper CONSTRUCTOR: Wrapping 'Spell' (ID:8220) with customName='归还 (SpReturn)', sourceType=Learned, vBase=1, vPotential=14
[NPC Spell Manager] DisplayName DEBUG: alias='arrow_Nerve', baseName='神经之箭', sourceType=Learned
[NPC Spell Manager] GetDistinguishingSuffix: baseName='神经之箭', alias='arrow_Nerve'
[NPC Spell Manager] Using suffix: baseName='神经之箭' != cleanAlias='arrow_Nerve'
[NPC Spell Manager] Generated DisplayName: '神经之箭 (arrow_Nerve)' (suffix: ' (arrow_Nerve)')
[NPC Spell Manager] ElementWrapper CONSTRUCTOR: Wrapping 'ActArrow' (ID:50508) with customName='神经之箭 (arrow_Nerve)', sourceType=Learned, vBase=3, vPotential=19
[NPC Spell Manager] DisplayName DEBUG: alias='arrow_Cold', baseName='寒冰之箭', sourceType=Learned
[NPC Spell Manager] GetDistinguishingSuffix: baseName='寒冰之箭', alias='arrow_Cold'
[NPC Spell Manager] Using suffix: baseName='寒冰之箭' != cleanAlias='arrow_Cold'
[NPC Spell Manager] Generated DisplayName: '寒冰之箭 (arrow_Cold)' (suffix: ' (arrow_Cold)')
[NPC Spell Manager] ElementWrapper CONSTRUCTOR: Wrapping 'ActArrow' (ID:50501) with customName='寒冰之箭 (arrow_Cold)', sourceType=Learned, vBase=1, vPotential=118
[NPC Spell Manager] DisplayName DEBUG: alias='SpHealEris', baseName='《爱丽丝》的治愈', sourceType=Learned
[NPC Spell Manager] GetDistinguishingSuffix: baseName='《爱丽丝》的治愈', alias='SpHealEris'
[NPC Spell Manager] Using suffix: baseName='《爱丽丝》的治愈' != cleanAlias='SpHealEris'
[NPC Spell Manager] Generated DisplayName: '《爱丽丝》的治愈 (SpHealEris)' (suffix: ' (SpHealEris)')
[NPC Spell Manager] ElementWrapper CONSTRUCTOR: Wrapping 'Spell' (ID:8404) with customName='《爱丽丝》的治愈 (SpHealEris)', sourceType=Learned, vBase=32, vPotential=99750
[NPC Spell Manager] DisplayName DEBUG: alias='SpRevive', baseName='复活', sourceType=Learned
[NPC Spell Manager] GetDistinguishingSuffix: baseName='复活', alias='SpRevive'
[NPC Spell Manager] Using suffix: baseName='复活' != cleanAlias='SpRevive'
[NPC Spell Manager] Generated DisplayName: '复活 (SpRevive)' (suffix: ' (SpRevive)')
[NPC Spell Manager] ElementWrapper CONSTRUCTOR: Wrapping 'Spell' (ID:8430) with customName='复活 (SpRevive)', sourceType=Learned, vBase=3, vPotential=0
[NPC Spell Manager] DisplayName DEBUG: alias='miasma_Poison', baseName='剧毒瘴气', sourceType=Learned
[NPC Spell Manager] GetDistinguishingSuffix: baseName='剧毒瘴气', alias='miasma_Poison'
[NPC Spell Manager] Using suffix: baseName='剧毒瘴气' != cleanAlias='miasma_Poison'
[NPC Spell Manager] Generated DisplayName: '剧毒瘴气 (miasma_Poison)' (suffix: ' (miasma_Poison)')
[NPC Spell Manager] ElementWrapper CONSTRUCTOR: Wrapping 'ActMiasma' (ID:50705) with customName='剧毒瘴气 (miasma_Poison)', sourceType=Learned, vBase=4, vPotential=50
[NPC Spell Manager] DisplayName DEBUG: alias='SpHealLight', baseName='轻伤治疗', sourceType=Learned
[NPC Spell Manager] GetDistinguishingSuffix: baseName='轻伤治疗', alias='SpHealLight'
[NPC Spell Manager] Using suffix: baseName='轻伤治疗' != cleanAlias='SpHealLight'
[NPC Spell Manager] Generated DisplayName: '轻伤治疗 (SpHealLight)' (suffix: ' (SpHealLight)')
[NPC Spell Manager] ElementWrapper CONSTRUCTOR: Wrapping 'Spell' (ID:8400) with customName='轻伤治疗 (SpHealLight)', sourceType=Learned, vBase=17, vPotential=110
[NPC Spell Manager] DisplayName DEBUG: alias='SpWeakness', baseName='脆弱', sourceType=Learned
[NPC Spell Manager] GetDistinguishingSuffix: baseName='脆弱', alias='SpWeakness'
[NPC Spell Manager] Using suffix: baseName='脆弱' != cleanAlias='SpWeakness'
[NPC Spell Manager] Generated DisplayName: '脆弱 (SpWeakness)' (suffix: ' (SpWeakness)')
[NPC Spell Manager] ElementWrapper CONSTRUCTOR: Wrapping 'Spell' (ID:8702) with customName='脆弱 (SpWeakness)', sourceType=Learned, vBase=11, vPotential=25
[NPC Spell Manager] DisplayName DEBUG: alias='SpBane', baseName='灾祸', sourceType=Learned
[NPC Spell Manager] GetDistinguishingSuffix: baseName='灾祸', alias='SpBane'
[NPC Spell Manager] Using suffix: baseName='灾祸' != cleanAlias='SpBane'
[NPC Spell Manager] Generated DisplayName: '灾祸 (SpBane)' (suffix: ' (SpBane)')
[NPC Spell Manager] ElementWrapper CONSTRUCTOR: Wrapping 'Spell' (ID:8706) with customName='灾祸 (SpBane)', sourceType=Learned, vBase=2, vPotential=1
[NPC Spell Manager] DisplayName DEBUG: alias='SpGravity', baseName='重力场', sourceType=Learned
[NPC Spell Manager] GetDistinguishingSuffix: baseName='重力场', alias='SpGravity'
[NPC Spell Manager] Using suffix: baseName='重力场' != cleanAlias='SpGravity'
[NPC Spell Manager] Generated DisplayName: '重力场 (SpGravity)' (suffix: ' (SpGravity)')
[NPC Spell Manager] ElementWrapper CONSTRUCTOR: Wrapping 'Spell' (ID:8708) with customName='重力场 (SpGravity)', sourceType=Learned, vBase=8, vPotential=5
[NPC Spell Manager] DisplayName DEBUG: alias='bolt_Lightning', baseName='雷电光线', sourceType=Learned
[NPC Spell Manager] GetDistinguishingSuffix: baseName='雷电光线', alias='bolt_Lightning'
[NPC Spell Manager] Using suffix: baseName='雷电光线' != cleanAlias='bolt_Lightning'
[NPC Spell Manager] Generated DisplayName: '雷电光线 (bolt_Lightning)' (suffix: ' (bolt_Lightning)')
[NPC Spell Manager] ElementWrapper CONSTRUCTOR: Wrapping 'ActBolt' (ID:50302) with customName='雷电光线 (bolt_Lightning)', sourceType=Learned, vBase=1, vPotential=34
[NPC Spell Manager] DisplayName DEBUG: alias='SpWisdom', baseName='智者', sourceType=Learned
[NPC Spell Manager] GetDistinguishingSuffix: baseName='智者', alias='SpWisdom'
[NPC Spell Manager] Using suffix: baseName='智者' != cleanAlias='SpWisdom'
[NPC Spell Manager] Generated DisplayName: '智者 (SpWisdom)' (suffix: ' (SpWisdom)')
[NPC Spell Manager] ElementWrapper CONSTRUCTOR: Wrapping 'Spell' (ID:8503) with customName='智者 (SpWisdom)', sourceType=Learned, vBase=3, vPotential=11
[NPC Spell Manager] DisplayName DEBUG: alias='SpHealCritical', baseName='致命伤治疗', sourceType=Learned
[NPC Spell Manager] GetDistinguishingSuffix: baseName='致命伤治疗', alias='SpHealCritical'
[NPC Spell Manager] Using suffix: baseName='致命伤治疗' != cleanAlias='SpHealCritical'
[NPC Spell Manager] Generated DisplayName: '致命伤治疗 (SpHealCritical)' (suffix: ' (SpHealCritical)')
[NPC Spell Manager] ElementWrapper CONSTRUCTOR: Wrapping 'Spell' (ID:8402) with customName='致命伤治疗 (SpHealCritical)', sourceType=Learned, vBase=7, vPotential=34
[NPC Spell Manager] DisplayName DEBUG: alias='SpLevitate', baseName='飘浮', sourceType=Learned
[NPC Spell Manager] GetDistinguishingSuffix: baseName='飘浮', alias='SpLevitate'
[NPC Spell Manager] Using suffix: baseName='飘浮' != cleanAlias='SpLevitate'
[NPC Spell Manager] Generated DisplayName: '飘浮 (SpLevitate)' (suffix: ' (SpLevitate)')
[NPC Spell Manager] ElementWrapper CONSTRUCTOR: Wrapping 'Spell' (ID:8300) with customName='飘浮 (SpLevitate)', sourceType=Learned, vBase=5, vPotential=13
[NPC Spell Manager] DisplayName DEBUG: alias='arrow_Poison', baseName='剧毒之箭', sourceType=Learned
[NPC Spell Manager] GetDistinguishingSuffix: baseName='剧毒之箭', alias='arrow_Poison'
[NPC Spell Manager] Using suffix: baseName='剧毒之箭' != cleanAlias='arrow_Poison'
[NPC Spell Manager] Generated DisplayName: '剧毒之箭 (arrow_Poison)' (suffix: ' (arrow_Poison)')
[NPC Spell Manager] ElementWrapper CONSTRUCTOR: Wrapping 'ActArrow' (ID:50505) with customName='剧毒之箭 (arrow_Poison)', sourceType=Learned, vBase=1, vPotential=130
[NPC Spell Manager] DisplayName DEBUG: alias='SpNightmare', baseName='梦魇', sourceType=Learned
[NPC Spell Manager] GetDistinguishingSuffix: baseName='梦魇', alias='SpNightmare'
[NPC Spell Manager] Using suffix: baseName='梦魇' != cleanAlias='SpNightmare'
[NPC Spell Manager] Generated DisplayName: '梦魇 (SpNightmare)' (suffix: ' (SpNightmare)')
[NPC Spell Manager] ElementWrapper CONSTRUCTOR: Wrapping 'Spell' (ID:8705) with customName='梦魇 (SpNightmare)', sourceType=Learned, vBase=5, vPotential=10
[NPC Spell Manager] DisplayName DEBUG: alias='SpTeleport', baseName='传送', sourceType=Learned
[NPC Spell Manager] GetDistinguishingSuffix: baseName='传送', alias='SpTeleport'
[NPC Spell Manager] Using suffix: baseName='传送' != cleanAlias='SpTeleport'
[NPC Spell Manager] Generated DisplayName: '传送 (SpTeleport)' (suffix: ' (SpTeleport)')
[NPC Spell Manager] ElementWrapper CONSTRUCTOR: Wrapping 'Spell' (ID:8200) with customName='传送 (SpTeleport)', sourceType=Learned, vBase=9, vPotential=6
[NPC Spell Manager] DisplayName DEBUG: alias='SpSummonFish', baseName='召唤鱼', sourceType=Learned
[NPC Spell Manager] GetDistinguishingSuffix: baseName='召唤鱼', alias='SpSummonFish'
[NPC Spell Manager] Using suffix: baseName='召唤鱼' != cleanAlias='SpSummonFish'
[NPC Spell Manager] Generated DisplayName: '召唤鱼 (SpSummonFish)' (suffix: ' (SpSummonFish)')
[NPC Spell Manager] ElementWrapper CONSTRUCTOR: Wrapping 'Spell' (ID:9008) with customName='召唤鱼 (SpSummonFish)', sourceType=Learned, vBase=4, vPotential=11
[NPCSpellManager] Spells tab returning 27 non-null elements for 战士 萊雅
[NPCSpellManager] onInstantiate called:
[NPCSpellManager]   Element e: NOT NULL
[NPCSpellManager]   YKHorizontal l: NOT NULL
[NPCSpellManager]   Element type: ElementWrapper
[NPCSpellManager]   Element id: 8260
[NPCSpellManager]   ShortName: '魔法地图 (SpMagicMap)'
[NPCSpellManager]   vBase: 1
[NPCSpellManager] onInstantiate DISPLAY LOGIC: isSpell = True, e.vPotential = 6
[NPCSpellManager] onInstantiate CHARGE DISPLAY: Using charge format for '魔法地图 (SpMagicMap)' -> '魔法地图 (SpMagicMap) (1, v6)'
[NPCSpellManager]   Final displayText: '魔法地图 (SpMagicMap) (1, v6)'
[NPCSpellManager] onInstantiate called:
[NPCSpellManager]   Element e: NOT NULL
[NPCSpellManager]   YKHorizontal l: NOT NULL
[NPCSpellManager]   Element type: ElementWrapper
[NPCSpellManager]   Element id: 8490
[NPCSpellManager]   ShortName: '清净圣光 (SpRemoveHex)'
[NPCSpellManager]   vBase: 3
[NPCSpellManager] onInstantiate DISPLAY LOGIC: isSpell = True, e.vPotential = 100
[NPCSpellManager] onInstantiate CHARGE DISPLAY: Using charge format for '清净圣光 (SpRemoveHex)' -> '清净圣光 (SpRemoveHex) (3, v100)'
[NPCSpellManager]   Final displayText: '清净圣光 (SpRemoveHex) (3, v100)'
[NPCSpellManager] onInstantiate called:
[NPCSpellManager]   Element e: NOT NULL
[NPCSpellManager]   YKHorizontal l: NOT NULL
[NPCSpellManager]   Element type: ElementWrapper
[NPCSpellManager]   Element id: 8230
[NPCSpellManager]   ShortName: '鉴定 (SpIdentify)'
[NPCSpellManager]   vBase: 1
[NPCSpellManager] onInstantiate DISPLAY LOGIC: isSpell = True, e.vPotential = 4
[NPCSpellManager] onInstantiate CHARGE DISPLAY: Using charge format for '鉴定 (SpIdentify)' -> '鉴定 (SpIdentify) (1, v4)'
[NPCSpellManager]   Final displayText: '鉴定 (SpIdentify) (1, v4)'
[NPCSpellManager] onInstantiate called:
[NPCSpellManager]   Element e: NOT NULL
[NPCSpellManager]   YKHorizontal l: NOT NULL
[NPCSpellManager]   Element type: ElementWrapper
[NPCSpellManager]   Element id: 50503
[NPCSpellManager]   ShortName: '黑暗之箭 (arrow_Darkness)'
[NPCSpellManager]   vBase: 8
[NPCSpellManager] onInstantiate DISPLAY LOGIC: isSpell = True, e.vPotential = 231
[NPCSpellManager] onInstantiate CHARGE DISPLAY: Using charge format for '黑暗之箭 (arrow_Darkness)' -> '黑暗之箭 (arrow_Darkness) (8, v231)'
[NPCSpellManager]   Final displayText: '黑暗之箭 (arrow_Darkness) (8, v231)'
[NPCSpellManager] onInstantiate called:
[NPCSpellManager]   Element e: NOT NULL
[NPCSpellManager]   YKHorizontal l: NOT NULL
[NPCSpellManager]   Element type: ElementWrapper
[NPCSpellManager]   Element id: 8470
[NPCSpellManager]   ShortName: '肉体复苏 (SpRestoreBody)'
[NPCSpellManager]   vBase: 1
[NPCSpellManager] onInstantiate DISPLAY LOGIC: isSpell = True, e.vPotential = 25
[NPCSpellManager] onInstantiate CHARGE DISPLAY: Using charge format for '肉体复苏 (SpRestoreBody)' -> '肉体复苏 (SpRestoreBody) (1, v25)'
[NPCSpellManager]   Final displayText: '肉体复苏 (SpRestoreBody) (1, v25)'
[NPCSpellManager] onInstantiate called:
[NPCSpellManager]   Element e: NOT NULL
[NPCSpellManager]   YKHorizontal l: NOT NULL
[NPCSpellManager]   Element type: ElementWrapper
[NPCSpellManager]   Element id: 8501
[NPCSpellManager]   ShortName: '猫眼 (SpCatsEye)'
[NPCSpellManager]   vBase: 6
[NPCSpellManager] onInstantiate DISPLAY LOGIC: isSpell = True, e.vPotential = 22
[NPCSpellManager] onInstantiate CHARGE DISPLAY: Using charge format for '猫眼 (SpCatsEye)' -> '猫眼 (SpCatsEye) (6, v22)'
[NPCSpellManager]   Final displayText: '猫眼 (SpCatsEye) (6, v22)'
[NPCSpellManager] onInstantiate called:
[NPCSpellManager]   Element e: NOT NULL
[NPCSpellManager]   YKHorizontal l: NOT NULL
[NPCSpellManager]   Element type: ElementWrapper
[NPCSpellManager]   Element id: 8221
[NPCSpellManager]   ShortName: '脱离 (SpEvac)'
[NPCSpellManager]   vBase: 1
[NPCSpellManager] onInstantiate DISPLAY LOGIC: isSpell = True, e.vPotential = 48
[NPCSpellManager] onInstantiate CHARGE DISPLAY: Using charge format for '脱离 (SpEvac)' -> '脱离 (SpEvac) (1, v48)'
[NPCSpellManager]   Final displayText: '脱离 (SpEvac) (1, v48)'
[NPCSpellManager] onInstantiate called:
[NPCSpellManager]   Element e: NOT NULL
[NPCSpellManager]   YKHorizontal l: NOT NULL
[NPCSpellManager]   Element type: ElementWrapper
[NPCSpellManager]   Element id: 8770
[NPCSpellManager]   ShortName: '心灵感应 (SpTelepathy)'
[NPCSpellManager]   vBase: 1
[NPCSpellManager] onInstantiate DISPLAY LOGIC: isSpell = True, e.vPotential = 38
[NPCSpellManager] onInstantiate CHARGE DISPLAY: Using charge format for '心灵感应 (SpTelepathy)' -> '心灵感应 (SpTelepathy) (1, v38)'
[NPCSpellManager]   Final displayText: '心灵感应 (SpTelepathy) (1, v38)'
[NPCSpellManager] onInstantiate called:
[NPCSpellManager]   Element e: NOT NULL
[NPCSpellManager]   YKHorizontal l: NOT NULL
[NPCSpellManager]   Element type: ElementWrapper
[NPCSpellManager]   Element id: 8240
[NPCSpellManager]   ShortName: '解咒 (SpUncurse)'
[NPCSpellManager]   vBase: 1
[NPCSpellManager] onInstantiate DISPLAY LOGIC: isSpell = True, e.vPotential = 29
[NPCSpellManager] onInstantiate CHARGE DISPLAY: Using charge format for '解咒 (SpUncurse)' -> '解咒 (SpUncurse) (1, v29)'
[NPCSpellManager]   Final displayText: '解咒 (SpUncurse) (1, v29)'
[NPCSpellManager] onInstantiate called:
[NPCSpellManager]   Element e: NOT NULL
[NPCSpellManager]   YKHorizontal l: NOT NULL
[NPCSpellManager]   Element type: ElementWrapper
[NPCSpellManager]   Element id: 8220
[NPCSpellManager]   ShortName: '归还 (SpReturn)'
[NPCSpellManager]   vBase: 1
[NPCSpellManager] onInstantiate DISPLAY LOGIC: isSpell = True, e.vPotential = 14
[NPCSpellManager] onInstantiate CHARGE DISPLAY: Using charge format for '归还 (SpReturn)' -> '归还 (SpReturn) (1, v14)'
[NPCSpellManager]   Final displayText: '归还 (SpReturn) (1, v14)'
[NPCSpellManager] onInstantiate called:
[NPCSpellManager]   Element e: NOT NULL
[NPCSpellManager]   YKHorizontal l: NOT NULL
[NPCSpellManager]   Element type: ElementWrapper
[NPCSpellManager]   Element id: 50508
[NPCSpellManager]   ShortName: '神经之箭 (arrow_Nerve)'
[NPCSpellManager]   vBase: 3
[NPCSpellManager] onInstantiate DISPLAY LOGIC: isSpell = True, e.vPotential = 19
[NPCSpellManager] onInstantiate CHARGE DISPLAY: Using charge format for '神经之箭 (arrow_Nerve)' -> '神经之箭 (arrow_Nerve) (3, v19)'
[NPCSpellManager]   Final displayText: '神经之箭 (arrow_Nerve) (3, v19)'
[NPCSpellManager] onInstantiate called:
[NPCSpellManager]   Element e: NOT NULL
[NPCSpellManager]   YKHorizontal l: NOT NULL
[NPCSpellManager]   Element type: ElementWrapper
[NPCSpellManager]   Element id: 50501
[NPCSpellManager]   ShortName: '寒冰之箭 (arrow_Cold)'
[NPCSpellManager]   vBase: 1
[NPCSpellManager] onInstantiate DISPLAY LOGIC: isSpell = True, e.vPotential = 118
[NPCSpellManager] onInstantiate CHARGE DISPLAY: Using charge format for '寒冰之箭 (arrow_Cold)' -> '寒冰之箭 (arrow_Cold) (1, v118)'
[NPCSpellManager]   Final displayText: '寒冰之箭 (arrow_Cold) (1, v118)'
[NPCSpellManager] onInstantiate called:
[NPCSpellManager]   Element e: NOT NULL
[NPCSpellManager]   YKHorizontal l: NOT NULL
[NPCSpellManager]   Element type: ElementWrapper
[NPCSpellManager]   Element id: 8404
[NPCSpellManager]   ShortName: '《爱丽丝》的治愈 (SpHealEris)'
[NPCSpellManager]   vBase: 32
[NPCSpellManager] onInstantiate DISPLAY LOGIC: isSpell = True, e.vPotential = 99750
[NPCSpellManager] onInstantiate CHARGE DISPLAY: Using charge format for '《爱丽丝》的治愈 (SpHealEris)' -> '《爱丽丝》的治愈 (SpHealEris) (32, v99750)'
[NPCSpellManager]   Final displayText: '《爱丽丝》的治愈 (SpHealEris) (32, v99750)'
[NPCSpellManager] onInstantiate called:
[NPCSpellManager]   Element e: NOT NULL
[NPCSpellManager]   YKHorizontal l: NOT NULL
[NPCSpellManager]   Element type: ElementWrapper
[NPCSpellManager]   Element id: 8430
[NPCSpellManager]   ShortName: '复活 (SpRevive)'
[NPCSpellManager]   vBase: 3
[NPCSpellManager] onInstantiate DISPLAY LOGIC: isSpell = True, e.vPotential = 0
[NPCSpellManager] onInstantiate SHOW LEVEL: '复活 (SpRevive)' (isLearned=True, vBase=3) -> '复活 (SpRevive) (3)'
[NPCSpellManager]   Final displayText: '复活 (SpRevive) (3)'
[NPCSpellManager] onInstantiate called:
[NPCSpellManager]   Element e: NOT NULL
[NPCSpellManager]   YKHorizontal l: NOT NULL
[NPCSpellManager]   Element type: ElementWrapper
[NPCSpellManager]   Element id: 50705
[NPCSpellManager]   ShortName: '剧毒瘴气 (miasma_Poison)'
[NPCSpellManager]   vBase: 4
[NPCSpellManager] onInstantiate DISPLAY LOGIC: isSpell = True, e.vPotential = 50
[NPCSpellManager] onInstantiate CHARGE DISPLAY: Using charge format for '剧毒瘴气 (miasma_Poison)' -> '剧毒瘴气 (miasma_Poison) (4, v50)'
[NPCSpellManager]   Final displayText: '剧毒瘴气 (miasma_Poison) (4, v50)'
[NPCSpellManager] onInstantiate called:
[NPCSpellManager]   Element e: NOT NULL
[NPCSpellManager]   YKHorizontal l: NOT NULL
[NPCSpellManager]   Element type: ElementWrapper
[NPCSpellManager]   Element id: 8400
[NPCSpellManager]   ShortName: '轻伤治疗 (SpHealLight)'
[NPCSpellManager]   vBase: 17
[NPCSpellManager] onInstantiate DISPLAY LOGIC: isSpell = True, e.vPotential = 110
[NPCSpellManager] onInstantiate CHARGE DISPLAY: Using charge format for '轻伤治疗 (SpHealLight)' -> '轻伤治疗 (SpHealLight) (17, v110)'
[NPCSpellManager]   Final displayText: '轻伤治疗 (SpHealLight) (17, v110)'
[NPCSpellManager] onInstantiate called:
[NPCSpellManager]   Element e: NOT NULL
[NPCSpellManager]   YKHorizontal l: NOT NULL
[NPCSpellManager]   Element type: ElementWrapper
[NPCSpellManager]   Element id: 8702
[NPCSpellManager]   ShortName: '脆弱 (SpWeakness)'
[NPCSpellManager]   vBase: 11
[NPCSpellManager] onInstantiate DISPLAY LOGIC: isSpell = True, e.vPotential = 25
[NPCSpellManager] onInstantiate CHARGE DISPLAY: Using charge format for '脆弱 (SpWeakness)' -> '脆弱 (SpWeakness) (11, v25)'
[NPCSpellManager]   Final displayText: '脆弱 (SpWeakness) (11, v25)'
[NPCSpellManager] onInstantiate called:
[NPCSpellManager]   Element e: NOT NULL
[NPCSpellManager]   YKHorizontal l: NOT NULL
[NPCSpellManager]   Element type: ElementWrapper
[NPCSpellManager]   Element id: 8706
[NPCSpellManager]   ShortName: '灾祸 (SpBane)'
[NPCSpellManager]   vBase: 2
[NPCSpellManager] onInstantiate DISPLAY LOGIC: isSpell = True, e.vPotential = 1
[NPCSpellManager] onInstantiate CHARGE DISPLAY: Using charge format for '灾祸 (SpBane)' -> '灾祸 (SpBane) (2, v1)'
[NPCSpellManager]   Final displayText: '灾祸 (SpBane) (2, v1)'
[NPCSpellManager] onInstantiate called:
[NPCSpellManager]   Element e: NOT NULL
[NPCSpellManager]   YKHorizontal l: NOT NULL
[NPCSpellManager]   Element type: ElementWrapper
[NPCSpellManager]   Element id: 8708
[NPCSpellManager]   ShortName: '重力场 (SpGravity)'
[NPCSpellManager]   vBase: 8
[NPCSpellManager] onInstantiate DISPLAY LOGIC: isSpell = True, e.vPotential = 5
[NPCSpellManager] onInstantiate CHARGE DISPLAY: Using charge format for '重力场 (SpGravity)' -> '重力场 (SpGravity) (8, v5)'
[NPCSpellManager]   Final displayText: '重力场 (SpGravity) (8, v5)'
[NPCSpellManager] onInstantiate called:
[NPCSpellManager]   Element e: NOT NULL
[NPCSpellManager]   YKHorizontal l: NOT NULL
[NPCSpellManager]   Element type: ElementWrapper
[NPCSpellManager]   Element id: 50302
[NPCSpellManager]   ShortName: '雷电光线 (bolt_Lightning)'
[NPCSpellManager]   vBase: 1
[NPCSpellManager] onInstantiate DISPLAY LOGIC: isSpell = True, e.vPotential = 34
[NPCSpellManager] onInstantiate CHARGE DISPLAY: Using charge format for '雷电光线 (bolt_Lightning)' -> '雷电光线 (bolt_Lightning) (1, v34)'
[NPCSpellManager]   Final displayText: '雷电光线 (bolt_Lightning) (1, v34)'
[NPCSpellManager] onInstantiate called:
[NPCSpellManager]   Element e: NOT NULL
[NPCSpellManager]   YKHorizontal l: NOT NULL
[NPCSpellManager]   Element type: ElementWrapper
[NPCSpellManager]   Element id: 8503
[NPCSpellManager]   ShortName: '智者 (SpWisdom)'
[NPCSpellManager]   vBase: 3
[NPCSpellManager] onInstantiate DISPLAY LOGIC: isSpell = True, e.vPotential = 11
[NPCSpellManager] onInstantiate CHARGE DISPLAY: Using charge format for '智者 (SpWisdom)' -> '智者 (SpWisdom) (3, v11)'
[NPCSpellManager]   Final displayText: '智者 (SpWisdom) (3, v11)'
[NPCSpellManager] onInstantiate called:
[NPCSpellManager]   Element e: NOT NULL
[NPCSpellManager]   YKHorizontal l: NOT NULL
[NPCSpellManager]   Element type: ElementWrapper
[NPCSpellManager]   Element id: 8402
[NPCSpellManager]   ShortName: '致命伤治疗 (SpHealCritical)'
[NPCSpellManager]   vBase: 7
[NPCSpellManager] onInstantiate DISPLAY LOGIC: isSpell = True, e.vPotential = 34
[NPCSpellManager] onInstantiate CHARGE DISPLAY: Using charge format for '致命伤治疗 (SpHealCritical)' -> '致命伤治疗 (SpHealCritical) (7, v34)'
[NPCSpellManager]   Final displayText: '致命伤治疗 (SpHealCritical) (7, v34)'
[NPCSpellManager] onInstantiate called:
[NPCSpellManager]   Element e: NOT NULL
[NPCSpellManager]   YKHorizontal l: NOT NULL
[NPCSpellManager]   Element type: ElementWrapper
[NPCSpellManager]   Element id: 8300
[NPCSpellManager]   ShortName: '飘浮 (SpLevitate)'
[NPCSpellManager]   vBase: 5
[NPCSpellManager] onInstantiate DISPLAY LOGIC: isSpell = True, e.vPotential = 13
[NPCSpellManager] onInstantiate CHARGE DISPLAY: Using charge format for '飘浮 (SpLevitate)' -> '飘浮 (SpLevitate) (5, v13)'
[NPCSpellManager]   Final displayText: '飘浮 (SpLevitate) (5, v13)'
[NPCSpellManager] onInstantiate called:
[NPCSpellManager]   Element e: NOT NULL
[NPCSpellManager]   YKHorizontal l: NOT NULL
[NPCSpellManager]   Element type: ElementWrapper
[NPCSpellManager]   Element id: 50505
[NPCSpellManager]   ShortName: '剧毒之箭 (arrow_Poison)'
[NPCSpellManager]   vBase: 1
[NPCSpellManager] onInstantiate DISPLAY LOGIC: isSpell = True, e.vPotential = 130
[NPCSpellManager] onInstantiate CHARGE DISPLAY: Using charge format for '剧毒之箭 (arrow_Poison)' -> '剧毒之箭 (arrow_Poison) (1, v130)'
[NPCSpellManager]   Final displayText: '剧毒之箭 (arrow_Poison) (1, v130)'
[NPCSpellManager] onInstantiate called:
[NPCSpellManager]   Element e: NOT NULL
[NPCSpellManager]   YKHorizontal l: NOT NULL
[NPCSpellManager]   Element type: ElementWrapper
[NPCSpellManager]   Element id: 8705
[NPCSpellManager]   ShortName: '梦魇 (SpNightmare)'
[NPCSpellManager]   vBase: 5
[NPCSpellManager] onInstantiate DISPLAY LOGIC: isSpell = True, e.vPotential = 10
[NPCSpellManager] onInstantiate CHARGE DISPLAY: Using charge format for '梦魇 (SpNightmare)' -> '梦魇 (SpNightmare) (5, v10)'
[NPCSpellManager]   Final displayText: '梦魇 (SpNightmare) (5, v10)'
[NPCSpellManager] onInstantiate called:
[NPCSpellManager]   Element e: NOT NULL
[NPCSpellManager]   YKHorizontal l: NOT NULL
[NPCSpellManager]   Element type: ElementWrapper
[NPCSpellManager]   Element id: 8200
[NPCSpellManager]   ShortName: '传送 (SpTeleport)'
[NPCSpellManager]   vBase: 9
[NPCSpellManager] onInstantiate DISPLAY LOGIC: isSpell = True, e.vPotential = 6
[NPCSpellManager] onInstantiate CHARGE DISPLAY: Using charge format for '传送 (SpTeleport)' -> '传送 (SpTeleport) (9, v6)'
[NPCSpellManager]   Final displayText: '传送 (SpTeleport) (9, v6)'
[NPCSpellManager] onInstantiate called:
[NPCSpellManager]   Element e: NOT NULL
[NPCSpellManager]   YKHorizontal l: NOT NULL
[NPCSpellManager]   Element type: ElementWrapper
[NPCSpellManager]   Element id: 9008
[NPCSpellManager]   ShortName: '召唤鱼 (SpSummonFish)'
[NPCSpellManager]   vBase: 4
[NPCSpellManager] onInstantiate DISPLAY LOGIC: isSpell = True, e.vPotential = 11
[NPCSpellManager] onInstantiate CHARGE DISPLAY: Using charge format for '召唤鱼 (SpSummonFish)' -> '召唤鱼 (SpSummonFish) (4, v11)'
[NPCSpellManager]   Final displayText: '召唤鱼 (SpSummonFish) (4, v11)'
[NPC Spell Manager] REFACTORED: Scanning Regular NPC: 战士 萊雅
[NPC Spell Manager] REGULAR NPC UNIFIED: Found '魔法地图' (ID:8260) isLearned=True
[NPC Spell Manager] REGULAR NPC UNIFIED: Found '清净圣光' (ID:8490) isLearned=True
[NPC Spell Manager] REGULAR NPC UNIFIED: Found '鉴定' (ID:8230) isLearned=True
[NPC Spell Manager] REGULAR NPC UNIFIED: Found '黑暗之箭' (ID:50503) isLearned=True
[NPC Spell Manager] REGULAR NPC UNIFIED: Found '肉体复苏' (ID:8470) isLearned=True
[NPC Spell Manager] REGULAR NPC UNIFIED: Found '猫眼' (ID:8501) isLearned=True
[NPC Spell Manager] REGULAR NPC UNIFIED: Found '脱离' (ID:8221) isLearned=True
[NPC Spell Manager] REGULAR NPC UNIFIED: Found '心灵感应' (ID:8770) isLearned=True
[NPC Spell Manager] REGULAR NPC UNIFIED: Found '解咒' (ID:8240) isLearned=True
[NPC Spell Manager] REGULAR NPC UNIFIED: Found '归还' (ID:8220) isLearned=True
[NPC Spell Manager] REGULAR NPC UNIFIED: Found '神经之箭' (ID:50508) isLearned=True
[NPC Spell Manager] REGULAR NPC UNIFIED: displayElement is NULL for '牵引' (ID:6602)
[NPC Spell Manager] REGULAR NPC UNIFIED: Found '寒冰之箭' (ID:50501) isLearned=True
[NPC Spell Manager] REGULAR NPC UNIFIED: Found '《爱丽丝》的治愈' (ID:8404) isLearned=True
[NPC Spell Manager] REGULAR NPC UNIFIED: Found '复活' (ID:8430) isLearned=True
[NPC Spell Manager] REGULAR NPC UNIFIED: Found '剧毒瘴气' (ID:50705) isLearned=True
[NPC Spell Manager] REGULAR NPC UNIFIED: Found '轻伤治疗' (ID:8400) isLearned=True
[NPC Spell Manager] REGULAR NPC UNIFIED: Found '脆弱' (ID:8702) isLearned=True
[NPC Spell Manager] REGULAR NPC UNIFIED: Found '灾祸' (ID:8706) isLearned=True
[NPC Spell Manager] REGULAR NPC UNIFIED: Found '重力场' (ID:8708) isLearned=True
[NPC Spell Manager] REGULAR NPC UNIFIED: Found '雷电光线' (ID:50302) isLearned=True
[NPC Spell Manager] REGULAR NPC UNIFIED: Found '智者' (ID:8503) isLearned=True
[NPC Spell Manager] REGULAR NPC UNIFIED: Found '致命伤治疗' (ID:8402) isLearned=True
[NPC Spell Manager] REGULAR NPC UNIFIED: Found '飘浮' (ID:8300) isLearned=True
[NPC Spell Manager] REGULAR NPC UNIFIED: Found '剧毒之箭' (ID:50505) isLearned=True
[NPC Spell Manager] REGULAR NPC UNIFIED: Found '梦魇' (ID:8705) isLearned=True
[NPC Spell Manager] REGULAR NPC UNIFIED: Found '传送' (ID:8200) isLearned=True
[NPC Spell Manager] REGULAR NPC UNIFIED: Found '召唤鱼' (ID:9008) isLearned=True
[NPC Spell Manager] REGULAR NPC TOTAL: Found 27 abilities for 战士 萊雅
[NPC Spell Manager] REFACTORED: Scanning Regular NPC: 战士 萊雅
[NPC Spell Manager] REGULAR NPC UNIFIED: Found '魔法地图' (ID:8260) isLearned=True
[NPC Spell Manager] REGULAR NPC UNIFIED: Found '清净圣光' (ID:8490) isLearned=True
[NPC Spell Manager] REGULAR NPC UNIFIED: Found '鉴定' (ID:8230) isLearned=True
[NPC Spell Manager] REGULAR NPC UNIFIED: Found '黑暗之箭' (ID:50503) isLearned=True
[NPC Spell Manager] REGULAR NPC UNIFIED: Found '肉体复苏' (ID:8470) isLearned=True
[NPC Spell Manager] REGULAR NPC UNIFIED: Found '猫眼' (ID:8501) isLearned=True
[NPC Spell Manager] REGULAR NPC UNIFIED: Found '脱离' (ID:8221) isLearned=True
[NPC Spell Manager] REGULAR NPC UNIFIED: Found '心灵感应' (ID:8770) isLearned=True
[NPC Spell Manager] REGULAR NPC UNIFIED: Found '解咒' (ID:8240) isLearned=True
[NPC Spell Manager] REGULAR NPC UNIFIED: Found '归还' (ID:8220) isLearned=True
[NPC Spell Manager] REGULAR NPC UNIFIED: Found '神经之箭' (ID:50508) isLearned=True
[NPC Spell Manager] REGULAR NPC UNIFIED: displayElement is NULL for '牵引' (ID:6602)
[NPC Spell Manager] REGULAR NPC UNIFIED: Found '寒冰之箭' (ID:50501) isLearned=True
[NPC Spell Manager] REGULAR NPC UNIFIED: Found '《爱丽丝》的治愈' (ID:8404) isLearned=True
[NPC Spell Manager] REGULAR NPC UNIFIED: Found '复活' (ID:8430) isLearned=True
[NPC Spell Manager] REGULAR NPC UNIFIED: Found '剧毒瘴气' (ID:50705) isLearned=True
[NPC Spell Manager] REGULAR NPC UNIFIED: Found '轻伤治疗' (ID:8400) isLearned=True
[NPC Spell Manager] REGULAR NPC UNIFIED: Found '脆弱' (ID:8702) isLearned=True
[NPC Spell Manager] REGULAR NPC UNIFIED: Found '灾祸' (ID:8706) isLearned=True
[NPC Spell Manager] REGULAR NPC UNIFIED: Found '重力场' (ID:8708) isLearned=True
[NPC Spell Manager] REGULAR NPC UNIFIED: Found '雷电光线' (ID:50302) isLearned=True
[NPC Spell Manager] REGULAR NPC UNIFIED: Found '智者' (ID:8503) isLearned=True
[NPC Spell Manager] REGULAR NPC UNIFIED: Found '致命伤治疗' (ID:8402) isLearned=True
[NPC Spell Manager] REGULAR NPC UNIFIED: Found '飘浮' (ID:8300) isLearned=True
[NPC Spell Manager] REGULAR NPC UNIFIED: Found '剧毒之箭' (ID:50505) isLearned=True
[NPC Spell Manager] REGULAR NPC UNIFIED: Found '梦魇' (ID:8705) isLearned=True
[NPC Spell Manager] REGULAR NPC UNIFIED: Found '传送' (ID:8200) isLearned=True
[NPC Spell Manager] REGULAR NPC UNIFIED: Found '召唤鱼' (ID:9008) isLearned=True
[NPC Spell Manager] REGULAR NPC TOTAL: Found 27 abilities for 战士 萊雅
[NPC Spell Manager] REFACTORED: Scanning Regular NPC: 战士 萊雅
[NPC Spell Manager] REGULAR NPC UNIFIED: Found '魔法地图' (ID:8260) isLearned=True
[NPC Spell Manager] REGULAR NPC UNIFIED: Found '清净圣光' (ID:8490) isLearned=True
[NPC Spell Manager] REGULAR NPC UNIFIED: Found '鉴定' (ID:8230) isLearned=True
[NPC Spell Manager] REGULAR NPC UNIFIED: Found '黑暗之箭' (ID:50503) isLearned=True
[NPC Spell Manager] REGULAR NPC UNIFIED: Found '肉体复苏' (ID:8470) isLearned=True
[NPC Spell Manager] REGULAR NPC UNIFIED: Found '猫眼' (ID:8501) isLearned=True
[NPC Spell Manager] REGULAR NPC UNIFIED: Found '脱离' (ID:8221) isLearned=True
[NPC Spell Manager] REGULAR NPC UNIFIED: Found '心灵感应' (ID:8770) isLearned=True
[NPC Spell Manager] REGULAR NPC UNIFIED: Found '解咒' (ID:8240) isLearned=True
[NPC Spell Manager] REGULAR NPC UNIFIED: Found '归还' (ID:8220) isLearned=True
[NPC Spell Manager] REGULAR NPC UNIFIED: Found '神经之箭' (ID:50508) isLearned=True
[NPC Spell Manager] REGULAR NPC UNIFIED: displayElement is NULL for '牵引' (ID:6602)
[NPC Spell Manager] REGULAR NPC UNIFIED: Found '寒冰之箭' (ID:50501) isLearned=True
[NPC Spell Manager] REGULAR NPC UNIFIED: Found '《爱丽丝》的治愈' (ID:8404) isLearned=True
[NPC Spell Manager] REGULAR NPC UNIFIED: Found '复活' (ID:8430) isLearned=True
[NPC Spell Manager] REGULAR NPC UNIFIED: Found '剧毒瘴气' (ID:50705) isLearned=True
[NPC Spell Manager] REGULAR NPC UNIFIED: Found '轻伤治疗' (ID:8400) isLearned=True
[NPC Spell Manager] REGULAR NPC UNIFIED: Found '脆弱' (ID:8702) isLearned=True
[NPC Spell Manager] REGULAR NPC UNIFIED: Found '灾祸' (ID:8706) isLearned=True
[NPC Spell Manager] REGULAR NPC UNIFIED: Found '重力场' (ID:8708) isLearned=True
[NPC Spell Manager] REGULAR NPC UNIFIED: Found '雷电光线' (ID:50302) isLearned=True
[NPC Spell Manager] REGULAR NPC UNIFIED: Found '智者' (ID:8503) isLearned=True
[NPC Spell Manager] REGULAR NPC UNIFIED: Found '致命伤治疗' (ID:8402) isLearned=True
[NPC Spell Manager] REGULAR NPC UNIFIED: Found '飘浮' (ID:8300) isLearned=True
[NPC Spell Manager] REGULAR NPC UNIFIED: Found '剧毒之箭' (ID:50505) isLearned=True
[NPC Spell Manager] REGULAR NPC UNIFIED: Found '梦魇' (ID:8705) isLearned=True
[NPC Spell Manager] REGULAR NPC UNIFIED: Found '传送' (ID:8200) isLearned=True
[NPC Spell Manager] REGULAR NPC UNIFIED: Found '召唤鱼' (ID:9008) isLearned=True
[NPC Spell Manager] REGULAR NPC TOTAL: Found 27 abilities for 战士 萊雅
[NPC Spell Manager] DisplayName DEBUG: alias='SpMagicMap', baseName='魔法地图', sourceType=Learned
[NPC Spell Manager] GetDistinguishingSuffix: baseName='魔法地图', alias='SpMagicMap'
[NPC Spell Manager] Using suffix: baseName='魔法地图' != cleanAlias='SpMagicMap'
[NPC Spell Manager] Generated DisplayName: '魔法地图 (SpMagicMap)' (suffix: ' (SpMagicMap)')
[NPC Spell Manager] DisplayName DEBUG: alias='SpRemoveHex', baseName='清净圣光', sourceType=Learned
[NPC Spell Manager] GetDistinguishingSuffix: baseName='清净圣光', alias='SpRemoveHex'
[NPC Spell Manager] Using suffix: baseName='清净圣光' != cleanAlias='SpRemoveHex'
[NPC Spell Manager] Generated DisplayName: '清净圣光 (SpRemoveHex)' (suffix: ' (SpRemoveHex)')
[NPC Spell Manager] DisplayName DEBUG: alias='SpIdentify', baseName='鉴定', sourceType=Learned
[NPC Spell Manager] GetDistinguishingSuffix: baseName='鉴定', alias='SpIdentify'
[NPC Spell Manager] Using suffix: baseName='鉴定' != cleanAlias='SpIdentify'
[NPC Spell Manager] Generated DisplayName: '鉴定 (SpIdentify)' (suffix: ' (SpIdentify)')
[NPC Spell Manager] DisplayName DEBUG: alias='arrow_Darkness', baseName='黑暗之箭', sourceType=Learned
[NPC Spell Manager] GetDistinguishingSuffix: baseName='黑暗之箭', alias='arrow_Darkness'
[NPC Spell Manager] Using suffix: baseName='黑暗之箭' != cleanAlias='arrow_Darkness'
[NPC Spell Manager] Generated DisplayName: '黑暗之箭 (arrow_Darkness)' (suffix: ' (arrow_Darkness)')
[NPC Spell Manager] DisplayName DEBUG: alias='SpRestoreBody', baseName='肉体复苏', sourceType=Learned
[NPC Spell Manager] GetDistinguishingSuffix: baseName='肉体复苏', alias='SpRestoreBody'
[NPC Spell Manager] Using suffix: baseName='肉体复苏' != cleanAlias='SpRestoreBody'
[NPC Spell Manager] Generated DisplayName: '肉体复苏 (SpRestoreBody)' (suffix: ' (SpRestoreBody)')
[NPC Spell Manager] DisplayName DEBUG: alias='SpCatsEye', baseName='猫眼', sourceType=Learned
[NPC Spell Manager] GetDistinguishingSuffix: baseName='猫眼', alias='SpCatsEye'
[NPC Spell Manager] Using suffix: baseName='猫眼' != cleanAlias='SpCatsEye'
[NPC Spell Manager] Generated DisplayName: '猫眼 (SpCatsEye)' (suffix: ' (SpCatsEye)')
[NPC Spell Manager] DisplayName DEBUG: alias='SpEvac', baseName='脱离', sourceType=Learned
[NPC Spell Manager] GetDistinguishingSuffix: baseName='脱离', alias='SpEvac'
[NPC Spell Manager] Using suffix: baseName='脱离' != cleanAlias='SpEvac'
[NPC Spell Manager] Generated DisplayName: '脱离 (SpEvac)' (suffix: ' (SpEvac)')
[NPC Spell Manager] DisplayName DEBUG: alias='SpTelepathy', baseName='心灵感应', sourceType=Learned
[NPC Spell Manager] GetDistinguishingSuffix: baseName='心灵感应', alias='SpTelepathy'
[NPC Spell Manager] Using suffix: baseName='心灵感应' != cleanAlias='SpTelepathy'
[NPC Spell Manager] Generated DisplayName: '心灵感应 (SpTelepathy)' (suffix: ' (SpTelepathy)')
[NPC Spell Manager] DisplayName DEBUG: alias='SpUncurse', baseName='解咒', sourceType=Learned
[NPC Spell Manager] GetDistinguishingSuffix: baseName='解咒', alias='SpUncurse'
[NPC Spell Manager] Using suffix: baseName='解咒' != cleanAlias='SpUncurse'
[NPC Spell Manager] Generated DisplayName: '解咒 (SpUncurse)' (suffix: ' (SpUncurse)')
[NPC Spell Manager] DisplayName DEBUG: alias='SpReturn', baseName='归还', sourceType=Learned
[NPC Spell Manager] GetDistinguishingSuffix: baseName='归还', alias='SpReturn'
[NPC Spell Manager] Using suffix: baseName='归还' != cleanAlias='SpReturn'
[NPC Spell Manager] Generated DisplayName: '归还 (SpReturn)' (suffix: ' (SpReturn)')
[NPC Spell Manager] DisplayName DEBUG: alias='arrow_Nerve', baseName='神经之箭', sourceType=Learned
[NPC Spell Manager] GetDistinguishingSuffix: baseName='神经之箭', alias='arrow_Nerve'
[NPC Spell Manager] Using suffix: baseName='神经之箭' != cleanAlias='arrow_Nerve'
[NPC Spell Manager] Generated DisplayName: '神经之箭 (arrow_Nerve)' (suffix: ' (arrow_Nerve)')
[NPC Spell Manager] DisplayName DEBUG: alias='arrow_Cold', baseName='寒冰之箭', sourceType=Learned
[NPC Spell Manager] GetDistinguishingSuffix: baseName='寒冰之箭', alias='arrow_Cold'
[NPC Spell Manager] Using suffix: baseName='寒冰之箭' != cleanAlias='arrow_Cold'
[NPC Spell Manager] Generated DisplayName: '寒冰之箭 (arrow_Cold)' (suffix: ' (arrow_Cold)')
[NPC Spell Manager] DisplayName DEBUG: alias='SpHealEris', baseName='《爱丽丝》的治愈', sourceType=Learned
[NPC Spell Manager] GetDistinguishingSuffix: baseName='《爱丽丝》的治愈', alias='SpHealEris'
[NPC Spell Manager] Using suffix: baseName='《爱丽丝》的治愈' != cleanAlias='SpHealEris'
[NPC Spell Manager] Generated DisplayName: '《爱丽丝》的治愈 (SpHealEris)' (suffix: ' (SpHealEris)')
[NPC Spell Manager] DisplayName DEBUG: alias='SpRevive', baseName='复活', sourceType=Learned
[NPC Spell Manager] GetDistinguishingSuffix: baseName='复活', alias='SpRevive'
[NPC Spell Manager] Using suffix: baseName='复活' != cleanAlias='SpRevive'
[NPC Spell Manager] Generated DisplayName: '复活 (SpRevive)' (suffix: ' (SpRevive)')
[NPC Spell Manager] DisplayName DEBUG: alias='miasma_Poison', baseName='剧毒瘴气', sourceType=Learned
[NPC Spell Manager] GetDistinguishingSuffix: baseName='剧毒瘴气', alias='miasma_Poison'
[NPC Spell Manager] Using suffix: baseName='剧毒瘴气' != cleanAlias='miasma_Poison'
[NPC Spell Manager] Generated DisplayName: '剧毒瘴气 (miasma_Poison)' (suffix: ' (miasma_Poison)')
[NPC Spell Manager] DisplayName DEBUG: alias='SpHealLight', baseName='轻伤治疗', sourceType=Learned
[NPC Spell Manager] GetDistinguishingSuffix: baseName='轻伤治疗', alias='SpHealLight'
[NPC Spell Manager] Using suffix: baseName='轻伤治疗' != cleanAlias='SpHealLight'
[NPC Spell Manager] Generated DisplayName: '轻伤治疗 (SpHealLight)' (suffix: ' (SpHealLight)')
[NPC Spell Manager] DisplayName DEBUG: alias='SpWeakness', baseName='脆弱', sourceType=Learned
[NPC Spell Manager] GetDistinguishingSuffix: baseName='脆弱', alias='SpWeakness'
[NPC Spell Manager] Using suffix: baseName='脆弱' != cleanAlias='SpWeakness'
[NPC Spell Manager] Generated DisplayName: '脆弱 (SpWeakness)' (suffix: ' (SpWeakness)')
[NPC Spell Manager] DisplayName DEBUG: alias='SpBane', baseName='灾祸', sourceType=Learned
[NPC Spell Manager] GetDistinguishingSuffix: baseName='灾祸', alias='SpBane'
[NPC Spell Manager] Using suffix: baseName='灾祸' != cleanAlias='SpBane'
[NPC Spell Manager] Generated DisplayName: '灾祸 (SpBane)' (suffix: ' (SpBane)')
[NPC Spell Manager] DisplayName DEBUG: alias='SpGravity', baseName='重力场', sourceType=Learned
[NPC Spell Manager] GetDistinguishingSuffix: baseName='重力场', alias='SpGravity'
[NPC Spell Manager] Using suffix: baseName='重力场' != cleanAlias='SpGravity'
[NPC Spell Manager] Generated DisplayName: '重力场 (SpGravity)' (suffix: ' (SpGravity)')
[NPC Spell Manager] DisplayName DEBUG: alias='bolt_Lightning', baseName='雷电光线', sourceType=Learned
[NPC Spell Manager] GetDistinguishingSuffix: baseName='雷电光线', alias='bolt_Lightning'
[NPC Spell Manager] Using suffix: baseName='雷电光线' != cleanAlias='bolt_Lightning'
[NPC Spell Manager] Generated DisplayName: '雷电光线 (bolt_Lightning)' (suffix: ' (bolt_Lightning)')
[NPC Spell Manager] DisplayName DEBUG: alias='SpWisdom', baseName='智者', sourceType=Learned
[NPC Spell Manager] GetDistinguishingSuffix: baseName='智者', alias='SpWisdom'
[NPC Spell Manager] Using suffix: baseName='智者' != cleanAlias='SpWisdom'
[NPC Spell Manager] Generated DisplayName: '智者 (SpWisdom)' (suffix: ' (SpWisdom)')
[NPC Spell Manager] DisplayName DEBUG: alias='SpHealCritical', baseName='致命伤治疗', sourceType=Learned
[NPC Spell Manager] GetDistinguishingSuffix: baseName='致命伤治疗', alias='SpHealCritical'
[NPC Spell Manager] Using suffix: baseName='致命伤治疗' != cleanAlias='SpHealCritical'
[NPC Spell Manager] Generated DisplayName: '致命伤治疗 (SpHealCritical)' (suffix: ' (SpHealCritical)')
[NPC Spell Manager] DisplayName DEBUG: alias='SpLevitate', baseName='飘浮', sourceType=Learned
[NPC Spell Manager] GetDistinguishingSuffix: baseName='飘浮', alias='SpLevitate'
[NPC Spell Manager] Using suffix: baseName='飘浮' != cleanAlias='SpLevitate'
[NPC Spell Manager] Generated DisplayName: '飘浮 (SpLevitate)' (suffix: ' (SpLevitate)')
[NPC Spell Manager] DisplayName DEBUG: alias='arrow_Poison', baseName='剧毒之箭', sourceType=Learned
[NPC Spell Manager] GetDistinguishingSuffix: baseName='剧毒之箭', alias='arrow_Poison'
[NPC Spell Manager] Using suffix: baseName='剧毒之箭' != cleanAlias='arrow_Poison'
[NPC Spell Manager] Generated DisplayName: '剧毒之箭 (arrow_Poison)' (suffix: ' (arrow_Poison)')
[NPC Spell Manager] DisplayName DEBUG: alias='SpNightmare', baseName='梦魇', sourceType=Learned
[NPC Spell Manager] GetDistinguishingSuffix: baseName='梦魇', alias='SpNightmare'
[NPC Spell Manager] Using suffix: baseName='梦魇' != cleanAlias='SpNightmare'
[NPC Spell Manager] Generated DisplayName: '梦魇 (SpNightmare)' (suffix: ' (SpNightmare)')
[NPC Spell Manager] DisplayName DEBUG: alias='SpTeleport', baseName='传送', sourceType=Learned
[NPC Spell Manager] GetDistinguishingSuffix: baseName='传送', alias='SpTeleport'
[NPC Spell Manager] Using suffix: baseName='传送' != cleanAlias='SpTeleport'
[NPC Spell Manager] Generated DisplayName: '传送 (SpTeleport)' (suffix: ' (SpTeleport)')
[NPC Spell Manager] DisplayName DEBUG: alias='SpSummonFish', baseName='召唤鱼', sourceType=Learned
[NPC Spell Manager] GetDistinguishingSuffix: baseName='召唤鱼', alias='SpSummonFish'
[NPC Spell Manager] Using suffix: baseName='召唤鱼' != cleanAlias='SpSummonFish'
[NPC Spell Manager] Generated DisplayName: '召唤鱼 (SpSummonFish)' (suffix: ' (SpSummonFish)')
[NPC Spell Manager] Filtered out basic action (already known): ActWait
[NPC Spell Manager] Filtered out basic action (already known): ActMelee
[NPC Spell Manager] Filtered out basic action (already known): Melee
[NPC Spell Manager] Filtered out generic/broken name: Use -> 'Use'
[NPC Spell Manager] Filtered out generic/broken name: General -> 'general'
[NPC Spell Manager] Filtered out Task behavior: TaskMine
[NPC Spell Manager] Filtered out Task behavior: TaskDig
[NPC Spell Manager] Filtered out Task behavior: TaskCut
[NPC Spell Manager] Filtered out AI behavior: AI_Goto
[NPC Spell Manager] Filtered out basic action (already known): ActAttack
[NPC Spell Manager] Filtered out Task behavior: TaskPlow
[NPC Spell Manager] Filtered out Task behavior: TaskAttack
[NPC Spell Manager] Filtered out Task behavior: TaskTame
[NPC Spell Manager] Filtered out Task behavior: TaskTalk
[NPC Spell Manager] Filtered out Task behavior: TaskPick
[NPC Spell Manager] Filtered out Task behavior: TaskReadBoard
[NPC Spell Manager] Filtered out Task behavior: TaskFarm
[NPC Spell Manager] Filtered out Task behavior: TaskTrain
[NPC Spell Manager] Filtered out Task behavior: TaskSleepOnBed
[NPC Spell Manager] Filtered out Task behavior: TaskGoOut
[NPC Spell Manager] Filtered out AI behavior: AI_Eat
[NPC Spell Manager] Filtered out AI behavior: AI_Grab
[NPC Spell Manager] Filtered out AI behavior: AI_Haul
[NPC Spell Manager] Filtered out broken numeric name: ActReleaseHeld -> '8'
[NPC Spell Manager] Filtered out AI behavior: AI_Offer
[NPC Spell Manager] Filtered out AI behavior: AI_ReleaseHeld
[NPC Spell Manager] Filtered out AI behavior: AI_Deconstruct
[NPC Spell Manager] Filtered out AI behavior: AI_Equip
[NPC Spell Manager] Filtered out broken numeric name: ActCancelTask -> '13'
[NPC Spell Manager] Filtered out Task behavior: TaskBuild
[NPC Spell Manager] Filtered out Task behavior: TaskMoveInstalled
[NPC Spell Manager] Filtered out broken ability: ActNoItem
[NPC Spell Manager] Filtered out basic action (already known): ActThrow
[NPC Spell Manager] Filtered out AI behavior: AI_Fish
[NPC Spell Manager] Filtered out basic action (already known): ActRanged
[NPC Spell Manager] Filtered out AI behavior: AI_Read
[NPC Spell Manager] Filtered out basic action (already known): ActKick
[NPC Spell Manager] Filtered out AI behavior: AI_TendAnimal
[NPC Spell Manager] Filtered out basic action (already known): ActChat
[NPC Spell Manager] Filtered out AI behavior: AI_Drink
[NPC Spell Manager] Filtered out broken ability: ActInstall
[NPC Spell Manager] Filtered out basic action (already known): ActPick
[NPC Spell Manager] Filtered out AI behavior: AI_OpenLock
[NPC Spell Manager] Filtered out AI behavior: AI_Sleep
[NPC Spell Manager] Filtered out Task behavior: TaskHarvest
[NPC Spell Manager] Filtered out AI behavior: AI_Bladder
[NPC Spell Manager] Filtered out AI behavior: AI_PlayMusic
[NPC Spell Manager] Filtered out AI behavior: AI_Meditate
[NPC Spell Manager] Filtered out AI behavior: AI_Steal
[NPC Spell Manager] Filtered out PC-only UI ability from NPC: ActQuickCraft
[NPC Spell Manager] Filtered out AI behavior: AI_PassTime
[NPC Spell Manager] Filtered out AI behavior: AI_SelfHarm
[NPC Spell Manager] Filtered out PC-only UI ability from NPC: ActRide
[NPC Spell Manager] Available abilities for ADD dropdown: 93
[NPC Spell Manager] REFACTORED: Scanning Regular NPC: 战士 萊雅
[NPC Spell Manager] REGULAR NPC UNIFIED: Found '魔法地图' (ID:8260) isLearned=True
[NPC Spell Manager] REGULAR NPC UNIFIED: Found '清净圣光' (ID:8490) isLearned=True
[NPC Spell Manager] REGULAR NPC UNIFIED: Found '鉴定' (ID:8230) isLearned=True
[NPC Spell Manager] REGULAR NPC UNIFIED: Found '黑暗之箭' (ID:50503) isLearned=True
[NPC Spell Manager] REGULAR NPC UNIFIED: Found '肉体复苏' (ID:8470) isLearned=True
[NPC Spell Manager] REGULAR NPC UNIFIED: Found '猫眼' (ID:8501) isLearned=True
[NPC Spell Manager] REGULAR NPC UNIFIED: Found '脱离' (ID:8221) isLearned=True
[NPC Spell Manager] REGULAR NPC UNIFIED: Found '心灵感应' (ID:8770) isLearned=True
[NPC Spell Manager] REGULAR NPC UNIFIED: Found '解咒' (ID:8240) isLearned=True
[NPC Spell Manager] REGULAR NPC UNIFIED: Found '归还' (ID:8220) isLearned=True
[NPC Spell Manager] REGULAR NPC UNIFIED: Found '神经之箭' (ID:50508) isLearned=True
[NPC Spell Manager] REGULAR NPC UNIFIED: displayElement is NULL for '牵引' (ID:6602)
[NPC Spell Manager] REGULAR NPC UNIFIED: Found '寒冰之箭' (ID:50501) isLearned=True
[NPC Spell Manager] REGULAR NPC UNIFIED: Found '《爱丽丝》的治愈' (ID:8404) isLearned=True
[NPC Spell Manager] REGULAR NPC UNIFIED: Found '复活' (ID:8430) isLearned=True
[NPC Spell Manager] REGULAR NPC UNIFIED: Found '剧毒瘴气' (ID:50705) isLearned=True
[NPC Spell Manager] REGULAR NPC UNIFIED: Found '轻伤治疗' (ID:8400) isLearned=True
[NPC Spell Manager] REGULAR NPC UNIFIED: Found '脆弱' (ID:8702) isLearned=True
[NPC Spell Manager] REGULAR NPC UNIFIED: Found '灾祸' (ID:8706) isLearned=True
[NPC Spell Manager] REGULAR NPC UNIFIED: Found '重力场' (ID:8708) isLearned=True
[NPC Spell Manager] REGULAR NPC UNIFIED: Found '雷电光线' (ID:50302) isLearned=True
[NPC Spell Manager] REGULAR NPC UNIFIED: Found '智者' (ID:8503) isLearned=True
[NPC Spell Manager] REGULAR NPC UNIFIED: Found '致命伤治疗' (ID:8402) isLearned=True
[NPC Spell Manager] REGULAR NPC UNIFIED: Found '飘浮' (ID:8300) isLearned=True
[NPC Spell Manager] REGULAR NPC UNIFIED: Found '剧毒之箭' (ID:50505) isLearned=True
[NPC Spell Manager] REGULAR NPC UNIFIED: Found '梦魇' (ID:8705) isLearned=True
[NPC Spell Manager] REGULAR NPC UNIFIED: Found '传送' (ID:8200) isLearned=True
[NPC Spell Manager] REGULAR NPC UNIFIED: Found '召唤鱼' (ID:9008) isLearned=True
[NPC Spell Manager] REGULAR NPC TOTAL: Found 27 abilities for 战士 萊雅
[NPCSpellManager] Abilities tab returning 0 non-null elements for 战士 萊雅
[NPC Spell Manager] REFACTORED: Scanning Regular NPC: 战士 萊雅
[NPC Spell Manager] REGULAR NPC UNIFIED: Found '魔法地图' (ID:8260) isLearned=True
[NPC Spell Manager] REGULAR NPC UNIFIED: Found '清净圣光' (ID:8490) isLearned=True
[NPC Spell Manager] REGULAR NPC UNIFIED: Found '鉴定' (ID:8230) isLearned=True
[NPC Spell Manager] REGULAR NPC UNIFIED: Found '黑暗之箭' (ID:50503) isLearned=True
[NPC Spell Manager] REGULAR NPC UNIFIED: Found '肉体复苏' (ID:8470) isLearned=True
[NPC Spell Manager] REGULAR NPC UNIFIED: Found '猫眼' (ID:8501) isLearned=True
[NPC Spell Manager] REGULAR NPC UNIFIED: Found '脱离' (ID:8221) isLearned=True
[NPC Spell Manager] REGULAR NPC UNIFIED: Found '心灵感应' (ID:8770) isLearned=True
[NPC Spell Manager] REGULAR NPC UNIFIED: Found '解咒' (ID:8240) isLearned=True
[NPC Spell Manager] REGULAR NPC UNIFIED: Found '归还' (ID:8220) isLearned=True
[NPC Spell Manager] REGULAR NPC UNIFIED: Found '神经之箭' (ID:50508) isLearned=True
[NPC Spell Manager] REGULAR NPC UNIFIED: displayElement is NULL for '牵引' (ID:6602)
[NPC Spell Manager] REGULAR NPC UNIFIED: Found '寒冰之箭' (ID:50501) isLearned=True
[NPC Spell Manager] REGULAR NPC UNIFIED: Found '《爱丽丝》的治愈' (ID:8404) isLearned=True
[NPC Spell Manager] REGULAR NPC UNIFIED: Found '复活' (ID:8430) isLearned=True
[NPC Spell Manager] REGULAR NPC UNIFIED: Found '剧毒瘴气' (ID:50705) isLearned=True
[NPC Spell Manager] REGULAR NPC UNIFIED: Found '轻伤治疗' (ID:8400) isLearned=True
[NPC Spell Manager] REGULAR NPC UNIFIED: Found '脆弱' (ID:8702) isLearned=True
[NPC Spell Manager] REGULAR NPC UNIFIED: Found '灾祸' (ID:8706) isLearned=True
[NPC Spell Manager] REGULAR NPC UNIFIED: Found '重力场' (ID:8708) isLearned=True
[NPC Spell Manager] REGULAR NPC UNIFIED: Found '雷电光线' (ID:50302) isLearned=True
[NPC Spell Manager] REGULAR NPC UNIFIED: Found '智者' (ID:8503) isLearned=True
[NPC Spell Manager] REGULAR NPC UNIFIED: Found '致命伤治疗' (ID:8402) isLearned=True
[NPC Spell Manager] REGULAR NPC UNIFIED: Found '飘浮' (ID:8300) isLearned=True
[NPC Spell Manager] REGULAR NPC UNIFIED: Found '剧毒之箭' (ID:50505) isLearned=True
[NPC Spell Manager] REGULAR NPC UNIFIED: Found '梦魇' (ID:8705) isLearned=True
[NPC Spell Manager] REGULAR NPC UNIFIED: Found '传送' (ID:8200) isLearned=True
[NPC Spell Manager] REGULAR NPC UNIFIED: Found '召唤鱼' (ID:9008) isLearned=True
[NPC Spell Manager] REGULAR NPC TOTAL: Found 27 abilities for 战士 萊雅
[NPC Spell Manager] REFACTORED: Scanning Regular NPC: 战士 萊雅
[NPC Spell Manager] REGULAR NPC UNIFIED: Found '魔法地图' (ID:8260) isLearned=True
[NPC Spell Manager] REGULAR NPC UNIFIED: Found '清净圣光' (ID:8490) isLearned=True
[NPC Spell Manager] REGULAR NPC UNIFIED: Found '鉴定' (ID:8230) isLearned=True
[NPC Spell Manager] REGULAR NPC UNIFIED: Found '黑暗之箭' (ID:50503) isLearned=True
[NPC Spell Manager] REGULAR NPC UNIFIED: Found '肉体复苏' (ID:8470) isLearned=True
[NPC Spell Manager] REGULAR NPC UNIFIED: Found '猫眼' (ID:8501) isLearned=True
[NPC Spell Manager] REGULAR NPC UNIFIED: Found '脱离' (ID:8221) isLearned=True
[NPC Spell Manager] REGULAR NPC UNIFIED: Found '心灵感应' (ID:8770) isLearned=True
[NPC Spell Manager] REGULAR NPC UNIFIED: Found '解咒' (ID:8240) isLearned=True
[NPC Spell Manager] REGULAR NPC UNIFIED: Found '归还' (ID:8220) isLearned=True
[NPC Spell Manager] REGULAR NPC UNIFIED: Found '神经之箭' (ID:50508) isLearned=True
[NPC Spell Manager] REGULAR NPC UNIFIED: displayElement is NULL for '牵引' (ID:6602)
[NPC Spell Manager] REGULAR NPC UNIFIED: Found '寒冰之箭' (ID:50501) isLearned=True
[NPC Spell Manager] REGULAR NPC UNIFIED: Found '《爱丽丝》的治愈' (ID:8404) isLearned=True
[NPC Spell Manager] REGULAR NPC UNIFIED: Found '复活' (ID:8430) isLearned=True
[NPC Spell Manager] REGULAR NPC UNIFIED: Found '剧毒瘴气' (ID:50705) isLearned=True
[NPC Spell Manager] REGULAR NPC UNIFIED: Found '轻伤治疗' (ID:8400) isLearned=True
[NPC Spell Manager] REGULAR NPC UNIFIED: Found '脆弱' (ID:8702) isLearned=True
[NPC Spell Manager] REGULAR NPC UNIFIED: Found '灾祸' (ID:8706) isLearned=True
[NPC Spell Manager] REGULAR NPC UNIFIED: Found '重力场' (ID:8708) isLearned=True
[NPC Spell Manager] REGULAR NPC UNIFIED: Found '雷电光线' (ID:50302) isLearned=True
[NPC Spell Manager] REGULAR NPC UNIFIED: Found '智者' (ID:8503) isLearned=True
[NPC Spell Manager] REGULAR NPC UNIFIED: Found '致命伤治疗' (ID:8402) isLearned=True
[NPC Spell Manager] REGULAR NPC UNIFIED: Found '飘浮' (ID:8300) isLearned=True
[NPC Spell Manager] REGULAR NPC UNIFIED: Found '剧毒之箭' (ID:50505) isLearned=True
[NPC Spell Manager] REGULAR NPC UNIFIED: Found '梦魇' (ID:8705) isLearned=True
[NPC Spell Manager] REGULAR NPC UNIFIED: Found '传送' (ID:8200) isLearned=True
[NPC Spell Manager] REGULAR NPC UNIFIED: Found '召唤鱼' (ID:9008) isLearned=True
[NPC Spell Manager] REGULAR NPC TOTAL: Found 27 abilities for 战士 萊雅
[NPC Spell Manager] REFACTORED: Scanning Regular NPC: 战士 萊雅
[NPC Spell Manager] REGULAR NPC UNIFIED: Found '魔法地图' (ID:8260) isLearned=True
[NPC Spell Manager] REGULAR NPC UNIFIED: Found '清净圣光' (ID:8490) isLearned=True
[NPC Spell Manager] REGULAR NPC UNIFIED: Found '鉴定' (ID:8230) isLearned=True
[NPC Spell Manager] REGULAR NPC UNIFIED: Found '黑暗之箭' (ID:50503) isLearned=True
[NPC Spell Manager] REGULAR NPC UNIFIED: Found '肉体复苏' (ID:8470) isLearned=True
[NPC Spell Manager] REGULAR NPC UNIFIED: Found '猫眼' (ID:8501) isLearned=True
[NPC Spell Manager] REGULAR NPC UNIFIED: Found '脱离' (ID:8221) isLearned=True
[NPC Spell Manager] REGULAR NPC UNIFIED: Found '心灵感应' (ID:8770) isLearned=True
[NPC Spell Manager] REGULAR NPC UNIFIED: Found '解咒' (ID:8240) isLearned=True
[NPC Spell Manager] REGULAR NPC UNIFIED: Found '归还' (ID:8220) isLearned=True
[NPC Spell Manager] REGULAR NPC UNIFIED: Found '神经之箭' (ID:50508) isLearned=True
[NPC Spell Manager] REGULAR NPC UNIFIED: displayElement is NULL for '牵引' (ID:6602)
[NPC Spell Manager] REGULAR NPC UNIFIED: Found '寒冰之箭' (ID:50501) isLearned=True
[NPC Spell Manager] REGULAR NPC UNIFIED: Found '《爱丽丝》的治愈' (ID:8404) isLearned=True
[NPC Spell Manager] REGULAR NPC UNIFIED: Found '复活' (ID:8430) isLearned=True
[NPC Spell Manager] REGULAR NPC UNIFIED: Found '剧毒瘴气' (ID:50705) isLearned=True
[NPC Spell Manager] REGULAR NPC UNIFIED: Found '轻伤治疗' (ID:8400) isLearned=True
[NPC Spell Manager] REGULAR NPC UNIFIED: Found '脆弱' (ID:8702) isLearned=True
[NPC Spell Manager] REGULAR NPC UNIFIED: Found '灾祸' (ID:8706) isLearned=True
[NPC Spell Manager] REGULAR NPC UNIFIED: Found '重力场' (ID:8708) isLearned=True
[NPC Spell Manager] REGULAR NPC UNIFIED: Found '雷电光线' (ID:50302) isLearned=True
[NPC Spell Manager] REGULAR NPC UNIFIED: Found '智者' (ID:8503) isLearned=True
[NPC Spell Manager] REGULAR NPC UNIFIED: Found '致命伤治疗' (ID:8402) isLearned=True
[NPC Spell Manager] REGULAR NPC UNIFIED: Found '飘浮' (ID:8300) isLearned=True
[NPC Spell Manager] REGULAR NPC UNIFIED: Found '剧毒之箭' (ID:50505) isLearned=True
[NPC Spell Manager] REGULAR NPC UNIFIED: Found '梦魇' (ID:8705) isLearned=True
[NPC Spell Manager] REGULAR NPC UNIFIED: Found '传送' (ID:8200) isLearned=True
[NPC Spell Manager] REGULAR NPC UNIFIED: Found '召唤鱼' (ID:9008) isLearned=True
[NPC Spell Manager] REGULAR NPC TOTAL: Found 27 abilities for 战士 萊雅
[NPC Spell Manager] RefreshRemoveAbilityDropdown: Found 0 abilities
[NPC Spell Manager] Generated 0 ability names for dropdown
[NPCSpellManagerLayer] Cleared tome tracking on UI close
[CustomAI] Processing instruction: entity=1, condition=4, action=Move (Towards), PreserveEntityAsTarget=True
[CustomAI] Instruction passed IsValid check - executing action
[CustomAI] Initial target: 亡灵 (current enemy)
[CustomAI] Processing instruction: entity=3, condition=5, action=节魔, PreserveEntityAsTarget=True
[CustomAI] Instruction failed IsValid check - skipping
[CustomAI] Processing instruction: entity=9, condition=5, action=灾祸, PreserveEntityAsTarget=True
[CustomAI] Instruction failed IsValid check - skipping
[CustomAI] Processing instruction: entity=9, condition=5, action=疯狂凝视, PreserveEntityAsTarget=True
[CustomAI] Instruction failed IsValid check - skipping
[CustomAI] Processing instruction: entity=1, condition=4, action=死亡之箭, PreserveEntityAsTarget=True
[CustomAI] Instruction passed IsValid check - executing action
[CustomAI] Initial target: 亡灵 (current enemy)
[CustomAI] Executing spell '死亡之箭' on target '亡灵' with usePartyTargeting=False
castID:Arrow,Alias:eleNether,actName:死亡之箭,n1:null?
castID:Heal,Alias:_void,actName:重伤治疗,n1:null?
8401
castID:Heal,Alias:_void,actName:重伤治疗,n1:null?
8401
[CustomAI] Processing instruction: entity=8, condition=1, action=《爱丽丝》的治愈, PreserveEntityAsTarget=False
[CustomAI] Any Party condition met by closest member: 最棒的紫色「霊の魂」 (distance: 1.0)
[CustomAI] Instruction passed IsValid check - executing action
[CustomAI] Initial target: 亡灵 (current enemy)
[CustomAI] Group casting mode: Whole Party (actionEntity=6)
[CustomAI] Executing spell '《爱丽丝》的治愈' on target '战士 萊雅' with usePartyTargeting=True
[NPCSpellFix] 战士 萊雅 attempting to cast '《爱丽丝》的治愈' - Charges: 99750, Needed: 1
[NPCSpellFix] 战士 萊雅 consumed 1 charge for '《爱丽丝》的治愈' - Remaining: 99749
[CustomAI] Processing instruction: entity=3, condition=5, action=节魔, PreserveEntityAsTarget=True
[CustomAI] Instruction failed IsValid check - skipping
[CustomAI] Processing instruction: entity=3, condition=5, action=火焰之歌, PreserveEntityAsTarget=True
[CustomAI] Instruction failed IsValid check - skipping
[CustomAI] Processing instruction: entity=3, condition=1, action=重伤治疗, PreserveEntityAsTarget=True
[CustomAI] Instruction failed IsValid check - skipping
[CustomAI] Processing instruction: entity=3, condition=5, action=加速, PreserveEntityAsTarget=True
[CustomAI] Instruction failed IsValid check - skipping
[CustomAI] Processing instruction: entity=1, condition=4, action=Move (Towards), PreserveEntityAsTarget=True
[CustomAI] Instruction failed IsValid check - skipping
[CustomAI] Processing instruction: entity=1, condition=4, action=Attack (Ranged), PreserveEntityAsTarget=True
[CustomAI] Instruction passed IsValid check - executing action
[CustomAI] Initial target: 亡灵 (current enemy)
[CustomAI] Processing instruction: entity=2, condition=4, action=Move (Towards), PreserveEntityAsTarget=True
[CustomAI] Instruction failed IsValid check - skipping
[CustomAI] Processing instruction: entity=1, condition=4, action=Attack (Melee), PreserveEntityAsTarget=True
[CustomAI] Instruction passed IsValid check - executing action
[CustomAI] Initial target: 亡灵 (current enemy)
[NPC Spell Manager] Tome pricing: 109 -> 1635 (multiplier: 15x)
[NPC Spell Manager] Tome pricing: 96 -> 1440 (multiplier: 15x)
[NPC Spell Manager] Tome pricing: 87 -> 1305 (multiplier: 15x)
[NPC Spell Manager] Tome pricing: 109 -> 1635 (multiplier: 15x)
[NPC Spell Manager] Tome pricing: 96 -> 1440 (multiplier: 15x)
[NPC Spell Manager] Tome pricing: 87 -> 1305 (multiplier: 15x)
[NPC Spell Manager] REFACTORED: Scanning Regular NPC: 战士 萊雅
[NPC Spell Manager] REGULAR NPC UNIFIED: Found '魔法地图' (ID:8260) isLearned=True
[NPC Spell Manager] REGULAR NPC UNIFIED: Found '清净圣光' (ID:8490) isLearned=True
[NPC Spell Manager] REGULAR NPC UNIFIED: Found '鉴定' (ID:8230) isLearned=True
[NPC Spell Manager] REGULAR NPC UNIFIED: Found '黑暗之箭' (ID:50503) isLearned=True
[NPC Spell Manager] REGULAR NPC UNIFIED: Found '肉体复苏' (ID:8470) isLearned=True
[NPC Spell Manager] REGULAR NPC UNIFIED: Found '猫眼' (ID:8501) isLearned=True
[NPC Spell Manager] REGULAR NPC UNIFIED: Found '脱离' (ID:8221) isLearned=True
[NPC Spell Manager] REGULAR NPC UNIFIED: Found '心灵感应' (ID:8770) isLearned=True
[NPC Spell Manager] REGULAR NPC UNIFIED: Found '解咒' (ID:8240) isLearned=True
[NPC Spell Manager] REGULAR NPC UNIFIED: Found '归还' (ID:8220) isLearned=True
[NPC Spell Manager] REGULAR NPC UNIFIED: Found '神经之箭' (ID:50508) isLearned=True
[NPC Spell Manager] REGULAR NPC UNIFIED: displayElement is NULL for '牵引' (ID:6602)
[NPC Spell Manager] REGULAR NPC UNIFIED: Found '寒冰之箭' (ID:50501) isLearned=True
[NPC Spell Manager] REGULAR NPC UNIFIED: Found '《爱丽丝》的治愈' (ID:8404) isLearned=True
[NPC Spell Manager] REGULAR NPC UNIFIED: Found '复活' (ID:8430) isLearned=True
[NPC Spell Manager] REGULAR NPC UNIFIED: Found '剧毒瘴气' (ID:50705) isLearned=True
[NPC Spell Manager] REGULAR NPC UNIFIED: Found '轻伤治疗' (ID:8400) isLearned=True
[NPC Spell Manager] REGULAR NPC UNIFIED: Found '脆弱' (ID:8702) isLearned=True
[NPC Spell Manager] REGULAR NPC UNIFIED: Found '灾祸' (ID:8706) isLearned=True
[NPC Spell Manager] REGULAR NPC UNIFIED: Found '重力场' (ID:8708) isLearned=True
[NPC Spell Manager] REGULAR NPC UNIFIED: Found '雷电光线' (ID:50302) isLearned=True
[NPC Spell Manager] REGULAR NPC UNIFIED: Found '智者' (ID:8503) isLearned=True
[NPC Spell Manager] REGULAR NPC UNIFIED: Found '致命伤治疗' (ID:8402) isLearned=True
[NPC Spell Manager] REGULAR NPC UNIFIED: Found '飘浮' (ID:8300) isLearned=True
[NPC Spell Manager] REGULAR NPC UNIFIED: Found '剧毒之箭' (ID:50505) isLearned=True
[NPC Spell Manager] REGULAR NPC UNIFIED: Found '梦魇' (ID:8705) isLearned=True
[NPC Spell Manager] REGULAR NPC UNIFIED: Found '传送' (ID:8200) isLearned=True
[NPC Spell Manager] REGULAR NPC UNIFIED: Found '召唤鱼' (ID:9008) isLearned=True
[NPC Spell Manager] REGULAR NPC TOTAL: Found 27 abilities for 战士 萊雅
[NPC Spell Manager] DisplayName DEBUG: alias='SpMagicMap', baseName='魔法地图', sourceType=Learned
[NPC Spell Manager] GetDistinguishingSuffix: baseName='魔法地图', alias='SpMagicMap'
[NPC Spell Manager] Using suffix: baseName='魔法地图' != cleanAlias='SpMagicMap'
[NPC Spell Manager] Generated DisplayName: '魔法地图 (SpMagicMap)' (suffix: ' (SpMagicMap)')
[NPC Spell Manager] ElementWrapper CONSTRUCTOR: Wrapping 'Spell' (ID:8260) with customName='魔法地图 (SpMagicMap)', sourceType=Learned, vBase=1, vPotential=6
[NPC Spell Manager] DisplayName DEBUG: alias='SpRemoveHex', baseName='清净圣光', sourceType=Learned
[NPC Spell Manager] GetDistinguishingSuffix: baseName='清净圣光', alias='SpRemoveHex'
[NPC Spell Manager] Using suffix: baseName='清净圣光' != cleanAlias='SpRemoveHex'
[NPC Spell Manager] Generated DisplayName: '清净圣光 (SpRemoveHex)' (suffix: ' (SpRemoveHex)')
[NPC Spell Manager] ElementWrapper CONSTRUCTOR: Wrapping 'Spell' (ID:8490) with customName='清净圣光 (SpRemoveHex)', sourceType=Learned, vBase=3, vPotential=100
[NPC Spell Manager] DisplayName DEBUG: alias='SpIdentify', baseName='鉴定', sourceType=Learned
[NPC Spell Manager] GetDistinguishingSuffix: baseName='鉴定', alias='SpIdentify'
[NPC Spell Manager] Using suffix: baseName='鉴定' != cleanAlias='SpIdentify'
[NPC Spell Manager] Generated DisplayName: '鉴定 (SpIdentify)' (suffix: ' (SpIdentify)')
[NPC Spell Manager] ElementWrapper CONSTRUCTOR: Wrapping 'Spell' (ID:8230) with customName='鉴定 (SpIdentify)', sourceType=Learned, vBase=1, vPotential=4
[NPC Spell Manager] DisplayName DEBUG: alias='arrow_Darkness', baseName='黑暗之箭', sourceType=Learned
[NPC Spell Manager] GetDistinguishingSuffix: baseName='黑暗之箭', alias='arrow_Darkness'
[NPC Spell Manager] Using suffix: baseName='黑暗之箭' != cleanAlias='arrow_Darkness'
[NPC Spell Manager] Generated DisplayName: '黑暗之箭 (arrow_Darkness)' (suffix: ' (arrow_Darkness)')
[NPC Spell Manager] ElementWrapper CONSTRUCTOR: Wrapping 'ActArrow' (ID:50503) with customName='黑暗之箭 (arrow_Darkness)', sourceType=Learned, vBase=8, vPotential=231
[NPC Spell Manager] DisplayName DEBUG: alias='SpRestoreBody', baseName='肉体复苏', sourceType=Learned
[NPC Spell Manager] GetDistinguishingSuffix: baseName='肉体复苏', alias='SpRestoreBody'
[NPC Spell Manager] Using suffix: baseName='肉体复苏' != cleanAlias='SpRestoreBody'
[NPC Spell Manager] Generated DisplayName: '肉体复苏 (SpRestoreBody)' (suffix: ' (SpRestoreBody)')
[NPC Spell Manager] ElementWrapper CONSTRUCTOR: Wrapping 'Spell' (ID:8470) with customName='肉体复苏 (SpRestoreBody)', sourceType=Learned, vBase=1, vPotential=25
[NPC Spell Manager] DisplayName DEBUG: alias='SpCatsEye', baseName='猫眼', sourceType=Learned
[NPC Spell Manager] GetDistinguishingSuffix: baseName='猫眼', alias='SpCatsEye'
[NPC Spell Manager] Using suffix: baseName='猫眼' != cleanAlias='SpCatsEye'
[NPC Spell Manager] Generated DisplayName: '猫眼 (SpCatsEye)' (suffix: ' (SpCatsEye)')
[NPC Spell Manager] ElementWrapper CONSTRUCTOR: Wrapping 'Spell' (ID:8501) with customName='猫眼 (SpCatsEye)', sourceType=Learned, vBase=6, vPotential=22
[NPC Spell Manager] DisplayName DEBUG: alias='SpEvac', baseName='脱离', sourceType=Learned
[NPC Spell Manager] GetDistinguishingSuffix: baseName='脱离', alias='SpEvac'
[NPC Spell Manager] Using suffix: baseName='脱离' != cleanAlias='SpEvac'
[NPC Spell Manager] Generated DisplayName: '脱离 (SpEvac)' (suffix: ' (SpEvac)')
[NPC Spell Manager] ElementWrapper CONSTRUCTOR: Wrapping 'Spell' (ID:8221) with customName='脱离 (SpEvac)', sourceType=Learned, vBase=1, vPotential=48
[NPC Spell Manager] DisplayName DEBUG: alias='SpTelepathy', baseName='心灵感应', sourceType=Learned
[NPC Spell Manager] GetDistinguishingSuffix: baseName='心灵感应', alias='SpTelepathy'
[NPC Spell Manager] Using suffix: baseName='心灵感应' != cleanAlias='SpTelepathy'
[NPC Spell Manager] Generated DisplayName: '心灵感应 (SpTelepathy)' (suffix: ' (SpTelepathy)')
[NPC Spell Manager] ElementWrapper CONSTRUCTOR: Wrapping 'Spell' (ID:8770) with customName='心灵感应 (SpTelepathy)', sourceType=Learned, vBase=1, vPotential=38
[NPC Spell Manager] DisplayName DEBUG: alias='SpUncurse', baseName='解咒', sourceType=Learned
[NPC Spell Manager] GetDistinguishingSuffix: baseName='解咒', alias='SpUncurse'
[NPC Spell Manager] Using suffix: baseName='解咒' != cleanAlias='SpUncurse'
[NPC Spell Manager] Generated DisplayName: '解咒 (SpUncurse)' (suffix: ' (SpUncurse)')
[NPC Spell Manager] ElementWrapper CONSTRUCTOR: Wrapping 'Spell' (ID:8240) with customName='解咒 (SpUncurse)', sourceType=Learned, vBase=1, vPotential=29
[NPC Spell Manager] DisplayName DEBUG: alias='SpReturn', baseName='归还', sourceType=Learned
[NPC Spell Manager] GetDistinguishingSuffix: baseName='归还', alias='SpReturn'
[NPC Spell Manager] Using suffix: baseName='归还' != cleanAlias='SpReturn'
[NPC Spell Manager] Generated DisplayName: '归还 (SpReturn)' (suffix: ' (SpReturn)')
[NPC Spell Manager] ElementWrapper CONSTRUCTOR: Wrapping 'Spell' (ID:8220) with customName='归还 (SpReturn)', sourceType=Learned, vBase=1, vPotential=14
[NPC Spell Manager] DisplayName DEBUG: alias='arrow_Nerve', baseName='神经之箭', sourceType=Learned
[NPC Spell Manager] GetDistinguishingSuffix: baseName='神经之箭', alias='arrow_Nerve'
[NPC Spell Manager] Using suffix: baseName='神经之箭' != cleanAlias='arrow_Nerve'
[NPC Spell Manager] Generated DisplayName: '神经之箭 (arrow_Nerve)' (suffix: ' (arrow_Nerve)')
[NPC Spell Manager] ElementWrapper CONSTRUCTOR: Wrapping 'ActArrow' (ID:50508) with customName='神经之箭 (arrow_Nerve)', sourceType=Learned, vBase=3, vPotential=19
[NPC Spell Manager] DisplayName DEBUG: alias='arrow_Cold', baseName='寒冰之箭', sourceType=Learned
[NPC Spell Manager] GetDistinguishingSuffix: baseName='寒冰之箭', alias='arrow_Cold'
[NPC Spell Manager] Using suffix: baseName='寒冰之箭' != cleanAlias='arrow_Cold'
[NPC Spell Manager] Generated DisplayName: '寒冰之箭 (arrow_Cold)' (suffix: ' (arrow_Cold)')
[NPC Spell Manager] ElementWrapper CONSTRUCTOR: Wrapping 'ActArrow' (ID:50501) with customName='寒冰之箭 (arrow_Cold)', sourceType=Learned, vBase=1, vPotential=118
[NPC Spell Manager] DisplayName DEBUG: alias='SpHealEris', baseName='《爱丽丝》的治愈', sourceType=Learned
[NPC Spell Manager] GetDistinguishingSuffix: baseName='《爱丽丝》的治愈', alias='SpHealEris'
[NPC Spell Manager] Using suffix: baseName='《爱丽丝》的治愈' != cleanAlias='SpHealEris'
[NPC Spell Manager] Generated DisplayName: '《爱丽丝》的治愈 (SpHealEris)' (suffix: ' (SpHealEris)')
[NPC Spell Manager] ElementWrapper CONSTRUCTOR: Wrapping 'Spell' (ID:8404) with customName='《爱丽丝》的治愈 (SpHealEris)', sourceType=Learned, vBase=32, vPotential=99749
[NPC Spell Manager] DisplayName DEBUG: alias='SpRevive', baseName='复活', sourceType=Learned
[NPC Spell Manager] GetDistinguishingSuffix: baseName='复活', alias='SpRevive'
[NPC Spell Manager] Using suffix: baseName='复活' != cleanAlias='SpRevive'
[NPC Spell Manager] Generated DisplayName: '复活 (SpRevive)' (suffix: ' (SpRevive)')
[NPC Spell Manager] ElementWrapper CONSTRUCTOR: Wrapping 'Spell' (ID:8430) with customName='复活 (SpRevive)', sourceType=Learned, vBase=3, vPotential=0
[NPC Spell Manager] DisplayName DEBUG: alias='miasma_Poison', baseName='剧毒瘴气', sourceType=Learned
[NPC Spell Manager] GetDistinguishingSuffix: baseName='剧毒瘴气', alias='miasma_Poison'
[NPC Spell Manager] Using suffix: baseName='剧毒瘴气' != cleanAlias='miasma_Poison'
[NPC Spell Manager] Generated DisplayName: '剧毒瘴气 (miasma_Poison)' (suffix: ' (miasma_Poison)')
[NPC Spell Manager] ElementWrapper CONSTRUCTOR: Wrapping 'ActMiasma' (ID:50705) with customName='剧毒瘴气 (miasma_Poison)', sourceType=Learned, vBase=4, vPotential=50
[NPC Spell Manager] DisplayName DEBUG: alias='SpHealLight', baseName='轻伤治疗', sourceType=Learned
[NPC Spell Manager] GetDistinguishingSuffix: baseName='轻伤治疗', alias='SpHealLight'
[NPC Spell Manager] Using suffix: baseName='轻伤治疗' != cleanAlias='SpHealLight'
[NPC Spell Manager] Generated DisplayName: '轻伤治疗 (SpHealLight)' (suffix: ' (SpHealLight)')
[NPC Spell Manager] ElementWrapper CONSTRUCTOR: Wrapping 'Spell' (ID:8400) with customName='轻伤治疗 (SpHealLight)', sourceType=Learned, vBase=17, vPotential=110
[NPC Spell Manager] DisplayName DEBUG: alias='SpWeakness', baseName='脆弱', sourceType=Learned
[NPC Spell Manager] GetDistinguishingSuffix: baseName='脆弱', alias='SpWeakness'
[NPC Spell Manager] Using suffix: baseName='脆弱' != cleanAlias='SpWeakness'
[NPC Spell Manager] Generated DisplayName: '脆弱 (SpWeakness)' (suffix: ' (SpWeakness)')
[NPC Spell Manager] ElementWrapper CONSTRUCTOR: Wrapping 'Spell' (ID:8702) with customName='脆弱 (SpWeakness)', sourceType=Learned, vBase=11, vPotential=25
[NPC Spell Manager] DisplayName DEBUG: alias='SpBane', baseName='灾祸', sourceType=Learned
[NPC Spell Manager] GetDistinguishingSuffix: baseName='灾祸', alias='SpBane'
[NPC Spell Manager] Using suffix: baseName='灾祸' != cleanAlias='SpBane'
[NPC Spell Manager] Generated DisplayName: '灾祸 (SpBane)' (suffix: ' (SpBane)')
[NPC Spell Manager] ElementWrapper CONSTRUCTOR: Wrapping 'Spell' (ID:8706) with customName='灾祸 (SpBane)', sourceType=Learned, vBase=2, vPotential=1
[NPC Spell Manager] DisplayName DEBUG: alias='SpGravity', baseName='重力场', sourceType=Learned
[NPC Spell Manager] GetDistinguishingSuffix: baseName='重力场', alias='SpGravity'
[NPC Spell Manager] Using suffix: baseName='重力场' != cleanAlias='SpGravity'
[NPC Spell Manager] Generated DisplayName: '重力场 (SpGravity)' (suffix: ' (SpGravity)')
[NPC Spell Manager] ElementWrapper CONSTRUCTOR: Wrapping 'Spell' (ID:8708) with customName='重力场 (SpGravity)', sourceType=Learned, vBase=8, vPotential=5
[NPC Spell Manager] DisplayName DEBUG: alias='bolt_Lightning', baseName='雷电光线', sourceType=Learned
[NPC Spell Manager] GetDistinguishingSuffix: baseName='雷电光线', alias='bolt_Lightning'
[NPC Spell Manager] Using suffix: baseName='雷电光线' != cleanAlias='bolt_Lightning'
[NPC Spell Manager] Generated DisplayName: '雷电光线 (bolt_Lightning)' (suffix: ' (bolt_Lightning)')
[NPC Spell Manager] ElementWrapper CONSTRUCTOR: Wrapping 'ActBolt' (ID:50302) with customName='雷电光线 (bolt_Lightning)', sourceType=Learned, vBase=1, vPotential=34
[NPC Spell Manager] DisplayName DEBUG: alias='SpWisdom', baseName='智者', sourceType=Learned
[NPC Spell Manager] GetDistinguishingSuffix: baseName='智者', alias='SpWisdom'
[NPC Spell Manager] Using suffix: baseName='智者' != cleanAlias='SpWisdom'
[NPC Spell Manager] Generated DisplayName: '智者 (SpWisdom)' (suffix: ' (SpWisdom)')
[NPC Spell Manager] ElementWrapper CONSTRUCTOR: Wrapping 'Spell' (ID:8503) with customName='智者 (SpWisdom)', sourceType=Learned, vBase=3, vPotential=11
[NPC Spell Manager] DisplayName DEBUG: alias='SpHealCritical', baseName='致命伤治疗', sourceType=Learned
[NPC Spell Manager] GetDistinguishingSuffix: baseName='致命伤治疗', alias='SpHealCritical'
[NPC Spell Manager] Using suffix: baseName='致命伤治疗' != cleanAlias='SpHealCritical'
[NPC Spell Manager] Generated DisplayName: '致命伤治疗 (SpHealCritical)' (suffix: ' (SpHealCritical)')
[NPC Spell Manager] ElementWrapper CONSTRUCTOR: Wrapping 'Spell' (ID:8402) with customName='致命伤治疗 (SpHealCritical)', sourceType=Learned, vBase=7, vPotential=34
[NPC Spell Manager] DisplayName DEBUG: alias='SpLevitate', baseName='飘浮', sourceType=Learned
[NPC Spell Manager] GetDistinguishingSuffix: baseName='飘浮', alias='SpLevitate'
[NPC Spell Manager] Using suffix: baseName='飘浮' != cleanAlias='SpLevitate'
[NPC Spell Manager] Generated DisplayName: '飘浮 (SpLevitate)' (suffix: ' (SpLevitate)')
[NPC Spell Manager] ElementWrapper CONSTRUCTOR: Wrapping 'Spell' (ID:8300) with customName='飘浮 (SpLevitate)', sourceType=Learned, vBase=5, vPotential=13
[NPC Spell Manager] DisplayName DEBUG: alias='arrow_Poison', baseName='剧毒之箭', sourceType=Learned
[NPC Spell Manager] GetDistinguishingSuffix: baseName='剧毒之箭', alias='arrow_Poison'
[NPC Spell Manager] Using suffix: baseName='剧毒之箭' != cleanAlias='arrow_Poison'
[NPC Spell Manager] Generated DisplayName: '剧毒之箭 (arrow_Poison)' (suffix: ' (arrow_Poison)')
[NPC Spell Manager] ElementWrapper CONSTRUCTOR: Wrapping 'ActArrow' (ID:50505) with customName='剧毒之箭 (arrow_Poison)', sourceType=Learned, vBase=1, vPotential=130
[NPC Spell Manager] DisplayName DEBUG: alias='SpNightmare', baseName='梦魇', sourceType=Learned
[NPC Spell Manager] GetDistinguishingSuffix: baseName='梦魇', alias='SpNightmare'
[NPC Spell Manager] Using suffix: baseName='梦魇' != cleanAlias='SpNightmare'
[NPC Spell Manager] Generated DisplayName: '梦魇 (SpNightmare)' (suffix: ' (SpNightmare)')
[NPC Spell Manager] ElementWrapper CONSTRUCTOR: Wrapping 'Spell' (ID:8705) with customName='梦魇 (SpNightmare)', sourceType=Learned, vBase=5, vPotential=10
[NPC Spell Manager] DisplayName DEBUG: alias='SpTeleport', baseName='传送', sourceType=Learned
[NPC Spell Manager] GetDistinguishingSuffix: baseName='传送', alias='SpTeleport'
[NPC Spell Manager] Using suffix: baseName='传送' != cleanAlias='SpTeleport'
[NPC Spell Manager] Generated DisplayName: '传送 (SpTeleport)' (suffix: ' (SpTeleport)')
[NPC Spell Manager] ElementWrapper CONSTRUCTOR: Wrapping 'Spell' (ID:8200) with customName='传送 (SpTeleport)', sourceType=Learned, vBase=9, vPotential=6
[NPC Spell Manager] DisplayName DEBUG: alias='SpSummonFish', baseName='召唤鱼', sourceType=Learned
[NPC Spell Manager] GetDistinguishingSuffix: baseName='召唤鱼', alias='SpSummonFish'
[NPC Spell Manager] Using suffix: baseName='召唤鱼' != cleanAlias='SpSummonFish'
[NPC Spell Manager] Generated DisplayName: '召唤鱼 (SpSummonFish)' (suffix: ' (SpSummonFish)')
[NPC Spell Manager] ElementWrapper CONSTRUCTOR: Wrapping 'Spell' (ID:9008) with customName='召唤鱼 (SpSummonFish)', sourceType=Learned, vBase=4, vPotential=11
[NPCSpellManager] Spells tab returning 27 non-null elements for 战士 萊雅
[NPCSpellManager] onInstantiate called:
[NPCSpellManager]   Element e: NOT NULL
[NPCSpellManager]   YKHorizontal l: NOT NULL
[NPCSpellManager]   Element type: ElementWrapper
[NPCSpellManager]   Element id: 8260
[NPCSpellManager]   ShortName: '魔法地图 (SpMagicMap)'
[NPCSpellManager]   vBase: 1
[NPCSpellManager] onInstantiate DISPLAY LOGIC: isSpell = True, e.vPotential = 6
[NPCSpellManager] onInstantiate CHARGE DISPLAY: Using charge format for '魔法地图 (SpMagicMap)' -> '魔法地图 (SpMagicMap) (1, v6)'
[NPCSpellManager]   Final displayText: '魔法地图 (SpMagicMap) (1, v6)'
[NPCSpellManager] onInstantiate called:
[NPCSpellManager]   Element e: NOT NULL
[NPCSpellManager]   YKHorizontal l: NOT NULL
[NPCSpellManager]   Element type: ElementWrapper
[NPCSpellManager]   Element id: 8490
[NPCSpellManager]   ShortName: '清净圣光 (SpRemoveHex)'
[NPCSpellManager]   vBase: 3
[NPCSpellManager] onInstantiate DISPLAY LOGIC: isSpell = True, e.vPotential = 100
[NPCSpellManager] onInstantiate CHARGE DISPLAY: Using charge format for '清净圣光 (SpRemoveHex)' -> '清净圣光 (SpRemoveHex) (3, v100)'
[NPCSpellManager]   Final displayText: '清净圣光 (SpRemoveHex) (3, v100)'
[NPCSpellManager] onInstantiate called:
[NPCSpellManager]   Element e: NOT NULL
[NPCSpellManager]   YKHorizontal l: NOT NULL
[NPCSpellManager]   Element type: ElementWrapper
[NPCSpellManager]   Element id: 8230
[NPCSpellManager]   ShortName: '鉴定 (SpIdentify)'
[NPCSpellManager]   vBase: 1
[NPCSpellManager] onInstantiate DISPLAY LOGIC: isSpell = True, e.vPotential = 4
[NPCSpellManager] onInstantiate CHARGE DISPLAY: Using charge format for '鉴定 (SpIdentify)' -> '鉴定 (SpIdentify) (1, v4)'
[NPCSpellManager]   Final displayText: '鉴定 (SpIdentify) (1, v4)'
[NPCSpellManager] onInstantiate called:
[NPCSpellManager]   Element e: NOT NULL
[NPCSpellManager]   YKHorizontal l: NOT NULL
[NPCSpellManager]   Element type: ElementWrapper
[NPCSpellManager]   Element id: 50503
[NPCSpellManager]   ShortName: '黑暗之箭 (arrow_Darkness)'
[NPCSpellManager]   vBase: 8
[NPCSpellManager] onInstantiate DISPLAY LOGIC: isSpell = True, e.vPotential = 231
[NPCSpellManager] onInstantiate CHARGE DISPLAY: Using charge format for '黑暗之箭 (arrow_Darkness)' -> '黑暗之箭 (arrow_Darkness) (8, v231)'
[NPCSpellManager]   Final displayText: '黑暗之箭 (arrow_Darkness) (8, v231)'
[NPCSpellManager] onInstantiate called:
[NPCSpellManager]   Element e: NOT NULL
[NPCSpellManager]   YKHorizontal l: NOT NULL
[NPCSpellManager]   Element type: ElementWrapper
[NPCSpellManager]   Element id: 8470
[NPCSpellManager]   ShortName: '肉体复苏 (SpRestoreBody)'
[NPCSpellManager]   vBase: 1
[NPCSpellManager] onInstantiate DISPLAY LOGIC: isSpell = True, e.vPotential = 25
[NPCSpellManager] onInstantiate CHARGE DISPLAY: Using charge format for '肉体复苏 (SpRestoreBody)' -> '肉体复苏 (SpRestoreBody) (1, v25)'
[NPCSpellManager]   Final displayText: '肉体复苏 (SpRestoreBody) (1, v25)'
[NPCSpellManager] onInstantiate called:
[NPCSpellManager]   Element e: NOT NULL
[NPCSpellManager]   YKHorizontal l: NOT NULL
[NPCSpellManager]   Element type: ElementWrapper
[NPCSpellManager]   Element id: 8501
[NPCSpellManager]   ShortName: '猫眼 (SpCatsEye)'
[NPCSpellManager]   vBase: 6
[NPCSpellManager] onInstantiate DISPLAY LOGIC: isSpell = True, e.vPotential = 22
[NPCSpellManager] onInstantiate CHARGE DISPLAY: Using charge format for '猫眼 (SpCatsEye)' -> '猫眼 (SpCatsEye) (6, v22)'
[NPCSpellManager]   Final displayText: '猫眼 (SpCatsEye) (6, v22)'
[NPCSpellManager] onInstantiate called:
[NPCSpellManager]   Element e: NOT NULL
[NPCSpellManager]   YKHorizontal l: NOT NULL
[NPCSpellManager]   Element type: ElementWrapper
[NPCSpellManager]   Element id: 8221
[NPCSpellManager]   ShortName: '脱离 (SpEvac)'
[NPCSpellManager]   vBase: 1
[NPCSpellManager] onInstantiate DISPLAY LOGIC: isSpell = True, e.vPotential = 48
[NPCSpellManager] onInstantiate CHARGE DISPLAY: Using charge format for '脱离 (SpEvac)' -> '脱离 (SpEvac) (1, v48)'
[NPCSpellManager]   Final displayText: '脱离 (SpEvac) (1, v48)'
[NPCSpellManager] onInstantiate called:
[NPCSpellManager]   Element e: NOT NULL
[NPCSpellManager]   YKHorizontal l: NOT NULL
[NPCSpellManager]   Element type: ElementWrapper
[NPCSpellManager]   Element id: 8770
[NPCSpellManager]   ShortName: '心灵感应 (SpTelepathy)'
[NPCSpellManager]   vBase: 1
[NPCSpellManager] onInstantiate DISPLAY LOGIC: isSpell = True, e.vPotential = 38
[NPCSpellManager] onInstantiate CHARGE DISPLAY: Using charge format for '心灵感应 (SpTelepathy)' -> '心灵感应 (SpTelepathy) (1, v38)'
[NPCSpellManager]   Final displayText: '心灵感应 (SpTelepathy) (1, v38)'
[NPCSpellManager] onInstantiate called:
[NPCSpellManager]   Element e: NOT NULL
[NPCSpellManager]   YKHorizontal l: NOT NULL
[NPCSpellManager]   Element type: ElementWrapper
[NPCSpellManager]   Element id: 8240
[NPCSpellManager]   ShortName: '解咒 (SpUncurse)'
[NPCSpellManager]   vBase: 1
[NPCSpellManager] onInstantiate DISPLAY LOGIC: isSpell = True, e.vPotential = 29
[NPCSpellManager] onInstantiate CHARGE DISPLAY: Using charge format for '解咒 (SpUncurse)' -> '解咒 (SpUncurse) (1, v29)'
[NPCSpellManager]   Final displayText: '解咒 (SpUncurse) (1, v29)'
[NPCSpellManager] onInstantiate called:
[NPCSpellManager]   Element e: NOT NULL
[NPCSpellManager]   YKHorizontal l: NOT NULL
[NPCSpellManager]   Element type: ElementWrapper
[NPCSpellManager]   Element id: 8220
[NPCSpellManager]   ShortName: '归还 (SpReturn)'
[NPCSpellManager]   vBase: 1
[NPCSpellManager] onInstantiate DISPLAY LOGIC: isSpell = True, e.vPotential = 14
[NPCSpellManager] onInstantiate CHARGE DISPLAY: Using charge format for '归还 (SpReturn)' -> '归还 (SpReturn) (1, v14)'
[NPCSpellManager]   Final displayText: '归还 (SpReturn) (1, v14)'
[NPCSpellManager] onInstantiate called:
[NPCSpellManager]   Element e: NOT NULL
[NPCSpellManager]   YKHorizontal l: NOT NULL
[NPCSpellManager]   Element type: ElementWrapper
[NPCSpellManager]   Element id: 50508
[NPCSpellManager]   ShortName: '神经之箭 (arrow_Nerve)'
[NPCSpellManager]   vBase: 3
[NPCSpellManager] onInstantiate DISPLAY LOGIC: isSpell = True, e.vPotential = 19
[NPCSpellManager] onInstantiate CHARGE DISPLAY: Using charge format for '神经之箭 (arrow_Nerve)' -> '神经之箭 (arrow_Nerve) (3, v19)'
[NPCSpellManager]   Final displayText: '神经之箭 (arrow_Nerve) (3, v19)'
[NPCSpellManager] onInstantiate called:
[NPCSpellManager]   Element e: NOT NULL
[NPCSpellManager]   YKHorizontal l: NOT NULL
[NPCSpellManager]   Element type: ElementWrapper
[NPCSpellManager]   Element id: 50501
[NPCSpellManager]   ShortName: '寒冰之箭 (arrow_Cold)'
[NPCSpellManager]   vBase: 1
[NPCSpellManager] onInstantiate DISPLAY LOGIC: isSpell = True, e.vPotential = 118
[NPCSpellManager] onInstantiate CHARGE DISPLAY: Using charge format for '寒冰之箭 (arrow_Cold)' -> '寒冰之箭 (arrow_Cold) (1, v118)'
[NPCSpellManager]   Final displayText: '寒冰之箭 (arrow_Cold) (1, v118)'
[NPCSpellManager] onInstantiate called:
[NPCSpellManager]   Element e: NOT NULL
[NPCSpellManager]   YKHorizontal l: NOT NULL
[NPCSpellManager]   Element type: ElementWrapper
[NPCSpellManager]   Element id: 8404
[NPCSpellManager]   ShortName: '《爱丽丝》的治愈 (SpHealEris)'
[NPCSpellManager]   vBase: 32
[NPCSpellManager] onInstantiate DISPLAY LOGIC: isSpell = True, e.vPotential = 99749
[NPCSpellManager] onInstantiate CHARGE DISPLAY: Using charge format for '《爱丽丝》的治愈 (SpHealEris)' -> '《爱丽丝》的治愈 (SpHealEris) (32, v99749)'
[NPCSpellManager]   Final displayText: '《爱丽丝》的治愈 (SpHealEris) (32, v99749)'
[NPCSpellManager] onInstantiate called:
[NPCSpellManager]   Element e: NOT NULL
[NPCSpellManager]   YKHorizontal l: NOT NULL
[NPCSpellManager]   Element type: ElementWrapper
[NPCSpellManager]   Element id: 8430
[NPCSpellManager]   ShortName: '复活 (SpRevive)'
[NPCSpellManager]   vBase: 3
[NPCSpellManager] onInstantiate DISPLAY LOGIC: isSpell = True, e.vPotential = 0
[NPCSpellManager] onInstantiate SHOW LEVEL: '复活 (SpRevive)' (isLearned=True, vBase=3) -> '复活 (SpRevive) (3)'
[NPCSpellManager]   Final displayText: '复活 (SpRevive) (3)'
[NPCSpellManager] onInstantiate called:
[NPCSpellManager]   Element e: NOT NULL
[NPCSpellManager]   YKHorizontal l: NOT NULL
[NPCSpellManager]   Element type: ElementWrapper
[NPCSpellManager]   Element id: 50705
[NPCSpellManager]   ShortName: '剧毒瘴气 (miasma_Poison)'
[NPCSpellManager]   vBase: 4
[NPCSpellManager] onInstantiate DISPLAY LOGIC: isSpell = True, e.vPotential = 50
[NPCSpellManager] onInstantiate CHARGE DISPLAY: Using charge format for '剧毒瘴气 (miasma_Poison)' -> '剧毒瘴气 (miasma_Poison) (4, v50)'
[NPCSpellManager]   Final displayText: '剧毒瘴气 (miasma_Poison) (4, v50)'
[NPCSpellManager] onInstantiate called:
[NPCSpellManager]   Element e: NOT NULL
[NPCSpellManager]   YKHorizontal l: NOT NULL
[NPCSpellManager]   Element type: ElementWrapper
[NPCSpellManager]   Element id: 8400
[NPCSpellManager]   ShortName: '轻伤治疗 (SpHealLight)'
[NPCSpellManager]   vBase: 17
[NPCSpellManager] onInstantiate DISPLAY LOGIC: isSpell = True, e.vPotential = 110
[NPCSpellManager] onInstantiate CHARGE DISPLAY: Using charge format for '轻伤治疗 (SpHealLight)' -> '轻伤治疗 (SpHealLight) (17, v110)'
[NPCSpellManager]   Final displayText: '轻伤治疗 (SpHealLight) (17, v110)'
[NPCSpellManager] onInstantiate called:
[NPCSpellManager]   Element e: NOT NULL
[NPCSpellManager]   YKHorizontal l: NOT NULL
[NPCSpellManager]   Element type: ElementWrapper
[NPCSpellManager]   Element id: 8702
[NPCSpellManager]   ShortName: '脆弱 (SpWeakness)'
[NPCSpellManager]   vBase: 11
[NPCSpellManager] onInstantiate DISPLAY LOGIC: isSpell = True, e.vPotential = 25
[NPCSpellManager] onInstantiate CHARGE DISPLAY: Using charge format for '脆弱 (SpWeakness)' -> '脆弱 (SpWeakness) (11, v25)'
[NPCSpellManager]   Final displayText: '脆弱 (SpWeakness) (11, v25)'
[NPCSpellManager] onInstantiate called:
[NPCSpellManager]   Element e: NOT NULL
[NPCSpellManager]   YKHorizontal l: NOT NULL
[NPCSpellManager]   Element type: ElementWrapper
[NPCSpellManager]   Element id: 8706
[NPCSpellManager]   ShortName: '灾祸 (SpBane)'
[NPCSpellManager]   vBase: 2
[NPCSpellManager] onInstantiate DISPLAY LOGIC: isSpell = True, e.vPotential = 1
[NPCSpellManager] onInstantiate CHARGE DISPLAY: Using charge format for '灾祸 (SpBane)' -> '灾祸 (SpBane) (2, v1)'
[NPCSpellManager]   Final displayText: '灾祸 (SpBane) (2, v1)'
[NPCSpellManager] onInstantiate called:
[NPCSpellManager]   Element e: NOT NULL
[NPCSpellManager]   YKHorizontal l: NOT NULL
[NPCSpellManager]   Element type: ElementWrapper
[NPCSpellManager]   Element id: 8708
[NPCSpellManager]   ShortName: '重力场 (SpGravity)'
[NPCSpellManager]   vBase: 8
[NPCSpellManager] onInstantiate DISPLAY LOGIC: isSpell = True, e.vPotential = 5
[NPCSpellManager] onInstantiate CHARGE DISPLAY: Using charge format for '重力场 (SpGravity)' -> '重力场 (SpGravity) (8, v5)'
[NPCSpellManager]   Final displayText: '重力场 (SpGravity) (8, v5)'
[NPCSpellManager] onInstantiate called:
[NPCSpellManager]   Element e: NOT NULL
[NPCSpellManager]   YKHorizontal l: NOT NULL
[NPCSpellManager]   Element type: ElementWrapper
[NPCSpellManager]   Element id: 50302
[NPCSpellManager]   ShortName: '雷电光线 (bolt_Lightning)'
[NPCSpellManager]   vBase: 1
[NPCSpellManager] onInstantiate DISPLAY LOGIC: isSpell = True, e.vPotential = 34
[NPCSpellManager] onInstantiate CHARGE DISPLAY: Using charge format for '雷电光线 (bolt_Lightning)' -> '雷电光线 (bolt_Lightning) (1, v34)'
[NPCSpellManager]   Final displayText: '雷电光线 (bolt_Lightning) (1, v34)'
[NPCSpellManager] onInstantiate called:
[NPCSpellManager]   Element e: NOT NULL
[NPCSpellManager]   YKHorizontal l: NOT NULL
[NPCSpellManager]   Element type: ElementWrapper
[NPCSpellManager]   Element id: 8503
[NPCSpellManager]   ShortName: '智者 (SpWisdom)'
[NPCSpellManager]   vBase: 3
[NPCSpellManager] onInstantiate DISPLAY LOGIC: isSpell = True, e.vPotential = 11
[NPCSpellManager] onInstantiate CHARGE DISPLAY: Using charge format for '智者 (SpWisdom)' -> '智者 (SpWisdom) (3, v11)'
[NPCSpellManager]   Final displayText: '智者 (SpWisdom) (3, v11)'
[NPCSpellManager] onInstantiate called:
[NPCSpellManager]   Element e: NOT NULL
[NPCSpellManager]   YKHorizontal l: NOT NULL
[NPCSpellManager]   Element type: ElementWrapper
[NPCSpellManager]   Element id: 8402
[NPCSpellManager]   ShortName: '致命伤治疗 (SpHealCritical)'
[NPCSpellManager]   vBase: 7
[NPCSpellManager] onInstantiate DISPLAY LOGIC: isSpell = True, e.vPotential = 34
[NPCSpellManager] onInstantiate CHARGE DISPLAY: Using charge format for '致命伤治疗 (SpHealCritical)' -> '致命伤治疗 (SpHealCritical) (7, v34)'
[NPCSpellManager]   Final displayText: '致命伤治疗 (SpHealCritical) (7, v34)'
[NPCSpellManager] onInstantiate called:
[NPCSpellManager]   Element e: NOT NULL
[NPCSpellManager]   YKHorizontal l: NOT NULL
[NPCSpellManager]   Element type: ElementWrapper
[NPCSpellManager]   Element id: 8300
[NPCSpellManager]   ShortName: '飘浮 (SpLevitate)'
[NPCSpellManager]   vBase: 5
[NPCSpellManager] onInstantiate DISPLAY LOGIC: isSpell = True, e.vPotential = 13
[NPCSpellManager] onInstantiate CHARGE DISPLAY: Using charge format for '飘浮 (SpLevitate)' -> '飘浮 (SpLevitate) (5, v13)'
[NPCSpellManager]   Final displayText: '飘浮 (SpLevitate) (5, v13)'
[NPCSpellManager] onInstantiate called:
[NPCSpellManager]   Element e: NOT NULL
[NPCSpellManager]   YKHorizontal l: NOT NULL
[NPCSpellManager]   Element type: ElementWrapper
[NPCSpellManager]   Element id: 50505
[NPCSpellManager]   ShortName: '剧毒之箭 (arrow_Poison)'
[NPCSpellManager]   vBase: 1
[NPCSpellManager] onInstantiate DISPLAY LOGIC: isSpell = True, e.vPotential = 130
[NPCSpellManager] onInstantiate CHARGE DISPLAY: Using charge format for '剧毒之箭 (arrow_Poison)' -> '剧毒之箭 (arrow_Poison) (1, v130)'
[NPCSpellManager]   Final displayText: '剧毒之箭 (arrow_Poison) (1, v130)'
[NPCSpellManager] onInstantiate called:
[NPCSpellManager]   Element e: NOT NULL
[NPCSpellManager]   YKHorizontal l: NOT NULL
[NPCSpellManager]   Element type: ElementWrapper
[NPCSpellManager]   Element id: 8705
[NPCSpellManager]   ShortName: '梦魇 (SpNightmare)'
[NPCSpellManager]   vBase: 5
[NPCSpellManager] onInstantiate DISPLAY LOGIC: isSpell = True, e.vPotential = 10
[NPCSpellManager] onInstantiate CHARGE DISPLAY: Using charge format for '梦魇 (SpNightmare)' -> '梦魇 (SpNightmare) (5, v10)'
[NPCSpellManager]   Final displayText: '梦魇 (SpNightmare) (5, v10)'
[NPCSpellManager] onInstantiate called:
[NPCSpellManager]   Element e: NOT NULL
[NPCSpellManager]   YKHorizontal l: NOT NULL
[NPCSpellManager]   Element type: ElementWrapper
[NPCSpellManager]   Element id: 8200
[NPCSpellManager]   ShortName: '传送 (SpTeleport)'
[NPCSpellManager]   vBase: 9
[NPCSpellManager] onInstantiate DISPLAY LOGIC: isSpell = True, e.vPotential = 6
[NPCSpellManager] onInstantiate CHARGE DISPLAY: Using charge format for '传送 (SpTeleport)' -> '传送 (SpTeleport) (9, v6)'
[NPCSpellManager]   Final displayText: '传送 (SpTeleport) (9, v6)'
[NPCSpellManager] onInstantiate called:
[NPCSpellManager]   Element e: NOT NULL
[NPCSpellManager]   YKHorizontal l: NOT NULL
[NPCSpellManager]   Element type: ElementWrapper
[NPCSpellManager]   Element id: 9008
[NPCSpellManager]   ShortName: '召唤鱼 (SpSummonFish)'
[NPCSpellManager]   vBase: 4
[NPCSpellManager] onInstantiate DISPLAY LOGIC: isSpell = True, e.vPotential = 11
[NPCSpellManager] onInstantiate CHARGE DISPLAY: Using charge format for '召唤鱼 (SpSummonFish)' -> '召唤鱼 (SpSummonFish) (4, v11)'
[NPCSpellManager]   Final displayText: '召唤鱼 (SpSummonFish) (4, v11)'
[NPC Spell Manager] REFACTORED: Scanning Regular NPC: 战士 萊雅
[NPC Spell Manager] REGULAR NPC UNIFIED: Found '魔法地图' (ID:8260) isLearned=True
[NPC Spell Manager] REGULAR NPC UNIFIED: Found '清净圣光' (ID:8490) isLearned=True
[NPC Spell Manager] REGULAR NPC UNIFIED: Found '鉴定' (ID:8230) isLearned=True
[NPC Spell Manager] REGULAR NPC UNIFIED: Found '黑暗之箭' (ID:50503) isLearned=True
[NPC Spell Manager] REGULAR NPC UNIFIED: Found '肉体复苏' (ID:8470) isLearned=True
[NPC Spell Manager] REGULAR NPC UNIFIED: Found '猫眼' (ID:8501) isLearned=True
[NPC Spell Manager] REGULAR NPC UNIFIED: Found '脱离' (ID:8221) isLearned=True
[NPC Spell Manager] REGULAR NPC UNIFIED: Found '心灵感应' (ID:8770) isLearned=True
[NPC Spell Manager] REGULAR NPC UNIFIED: Found '解咒' (ID:8240) isLearned=True
[NPC Spell Manager] REGULAR NPC UNIFIED: Found '归还' (ID:8220) isLearned=True
[NPC Spell Manager] REGULAR NPC UNIFIED: Found '神经之箭' (ID:50508) isLearned=True
[NPC Spell Manager] REGULAR NPC UNIFIED: displayElement is NULL for '牵引' (ID:6602)
[NPC Spell Manager] REGULAR NPC UNIFIED: Found '寒冰之箭' (ID:50501) isLearned=True
[NPC Spell Manager] REGULAR NPC UNIFIED: Found '《爱丽丝》的治愈' (ID:8404) isLearned=True
[NPC Spell Manager] REGULAR NPC UNIFIED: Found '复活' (ID:8430) isLearned=True
[NPC Spell Manager] REGULAR NPC UNIFIED: Found '剧毒瘴气' (ID:50705) isLearned=True
[NPC Spell Manager] REGULAR NPC UNIFIED: Found '轻伤治疗' (ID:8400) isLearned=True
[NPC Spell Manager] REGULAR NPC UNIFIED: Found '脆弱' (ID:8702) isLearned=True
[NPC Spell Manager] REGULAR NPC UNIFIED: Found '灾祸' (ID:8706) isLearned=True
[NPC Spell Manager] REGULAR NPC UNIFIED: Found '重力场' (ID:8708) isLearned=True
[NPC Spell Manager] REGULAR NPC UNIFIED: Found '雷电光线' (ID:50302) isLearned=True
[NPC Spell Manager] REGULAR NPC UNIFIED: Found '智者' (ID:8503) isLearned=True
[NPC Spell Manager] REGULAR NPC UNIFIED: Found '致命伤治疗' (ID:8402) isLearned=True
[NPC Spell Manager] REGULAR NPC UNIFIED: Found '飘浮' (ID:8300) isLearned=True
[NPC Spell Manager] REGULAR NPC UNIFIED: Found '剧毒之箭' (ID:50505) isLearned=True
[NPC Spell Manager] REGULAR NPC UNIFIED: Found '梦魇' (ID:8705) isLearned=True
[NPC Spell Manager] REGULAR NPC UNIFIED: Found '传送' (ID:8200) isLearned=True
[NPC Spell Manager] REGULAR NPC UNIFIED: Found '召唤鱼' (ID:9008) isLearned=True
[NPC Spell Manager] REGULAR NPC TOTAL: Found 27 abilities for 战士 萊雅
[NPC Spell Manager] REFACTORED: Scanning Regular NPC: 战士 萊雅
[NPC Spell Manager] REGULAR NPC UNIFIED: Found '魔法地图' (ID:8260) isLearned=True
[NPC Spell Manager] REGULAR NPC UNIFIED: Found '清净圣光' (ID:8490) isLearned=True
[NPC Spell Manager] REGULAR NPC UNIFIED: Found '鉴定' (ID:8230) isLearned=True
[NPC Spell Manager] REGULAR NPC UNIFIED: Found '黑暗之箭' (ID:50503) isLearned=True
[NPC Spell Manager] REGULAR NPC UNIFIED: Found '肉体复苏' (ID:8470) isLearned=True
[NPC Spell Manager] REGULAR NPC UNIFIED: Found '猫眼' (ID:8501) isLearned=True
[NPC Spell Manager] REGULAR NPC UNIFIED: Found '脱离' (ID:8221) isLearned=True
[NPC Spell Manager] REGULAR NPC UNIFIED: Found '心灵感应' (ID:8770) isLearned=True
[NPC Spell Manager] REGULAR NPC UNIFIED: Found '解咒' (ID:8240) isLearned=True
[NPC Spell Manager] REGULAR NPC UNIFIED: Found '归还' (ID:8220) isLearned=True
[NPC Spell Manager] REGULAR NPC UNIFIED: Found '神经之箭' (ID:50508) isLearned=True
[NPC Spell Manager] REGULAR NPC UNIFIED: displayElement is NULL for '牵引' (ID:6602)
[NPC Spell Manager] REGULAR NPC UNIFIED: Found '寒冰之箭' (ID:50501) isLearned=True
[NPC Spell Manager] REGULAR NPC UNIFIED: Found '《爱丽丝》的治愈' (ID:8404) isLearned=True
[NPC Spell Manager] REGULAR NPC UNIFIED: Found '复活' (ID:8430) isLearned=True
[NPC Spell Manager] REGULAR NPC UNIFIED: Found '剧毒瘴气' (ID:50705) isLearned=True
[NPC Spell Manager] REGULAR NPC UNIFIED: Found '轻伤治疗' (ID:8400) isLearned=True
[NPC Spell Manager] REGULAR NPC UNIFIED: Found '脆弱' (ID:8702) isLearned=True
[NPC Spell Manager] REGULAR NPC UNIFIED: Found '灾祸' (ID:8706) isLearned=True
[NPC Spell Manager] REGULAR NPC UNIFIED: Found '重力场' (ID:8708) isLearned=True
[NPC Spell Manager] REGULAR NPC UNIFIED: Found '雷电光线' (ID:50302) isLearned=True
[NPC Spell Manager] REGULAR NPC UNIFIED: Found '智者' (ID:8503) isLearned=True
[NPC Spell Manager] REGULAR NPC UNIFIED: Found '致命伤治疗' (ID:8402) isLearned=True
[NPC Spell Manager] REGULAR NPC UNIFIED: Found '飘浮' (ID:8300) isLearned=True
[NPC Spell Manager] REGULAR NPC UNIFIED: Found '剧毒之箭' (ID:50505) isLearned=True
[NPC Spell Manager] REGULAR NPC UNIFIED: Found '梦魇' (ID:8705) isLearned=True
[NPC Spell Manager] REGULAR NPC UNIFIED: Found '传送' (ID:8200) isLearned=True
[NPC Spell Manager] REGULAR NPC UNIFIED: Found '召唤鱼' (ID:9008) isLearned=True
[NPC Spell Manager] REGULAR NPC TOTAL: Found 27 abilities for 战士 萊雅
[NPC Spell Manager] REFACTORED: Scanning Regular NPC: 战士 萊雅
[NPC Spell Manager] REGULAR NPC UNIFIED: Found '魔法地图' (ID:8260) isLearned=True
[NPC Spell Manager] REGULAR NPC UNIFIED: Found '清净圣光' (ID:8490) isLearned=True
[NPC Spell Manager] REGULAR NPC UNIFIED: Found '鉴定' (ID:8230) isLearned=True
[NPC Spell Manager] REGULAR NPC UNIFIED: Found '黑暗之箭' (ID:50503) isLearned=True
[NPC Spell Manager] REGULAR NPC UNIFIED: Found '肉体复苏' (ID:8470) isLearned=True
[NPC Spell Manager] REGULAR NPC UNIFIED: Found '猫眼' (ID:8501) isLearned=True
[NPC Spell Manager] REGULAR NPC UNIFIED: Found '脱离' (ID:8221) isLearned=True
[NPC Spell Manager] REGULAR NPC UNIFIED: Found '心灵感应' (ID:8770) isLearned=True
[NPC Spell Manager] REGULAR NPC UNIFIED: Found '解咒' (ID:8240) isLearned=True
[NPC Spell Manager] REGULAR NPC UNIFIED: Found '归还' (ID:8220) isLearned=True
[NPC Spell Manager] REGULAR NPC UNIFIED: Found '神经之箭' (ID:50508) isLearned=True
[NPC Spell Manager] REGULAR NPC UNIFIED: displayElement is NULL for '牵引' (ID:6602)
[NPC Spell Manager] REGULAR NPC UNIFIED: Found '寒冰之箭' (ID:50501) isLearned=True
[NPC Spell Manager] REGULAR NPC UNIFIED: Found '《爱丽丝》的治愈' (ID:8404) isLearned=True
[NPC Spell Manager] REGULAR NPC UNIFIED: Found '复活' (ID:8430) isLearned=True
[NPC Spell Manager] REGULAR NPC UNIFIED: Found '剧毒瘴气' (ID:50705) isLearned=True
[NPC Spell Manager] REGULAR NPC UNIFIED: Found '轻伤治疗' (ID:8400) isLearned=True
[NPC Spell Manager] REGULAR NPC UNIFIED: Found '脆弱' (ID:8702) isLearned=True
[NPC Spell Manager] REGULAR NPC UNIFIED: Found '灾祸' (ID:8706) isLearned=True
[NPC Spell Manager] REGULAR NPC UNIFIED: Found '重力场' (ID:8708) isLearned=True
[NPC Spell Manager] REGULAR NPC UNIFIED: Found '雷电光线' (ID:50302) isLearned=True
[NPC Spell Manager] REGULAR NPC UNIFIED: Found '智者' (ID:8503) isLearned=True
[NPC Spell Manager] REGULAR NPC UNIFIED: Found '致命伤治疗' (ID:8402) isLearned=True
[NPC Spell Manager] REGULAR NPC UNIFIED: Found '飘浮' (ID:8300) isLearned=True
[NPC Spell Manager] REGULAR NPC UNIFIED: Found '剧毒之箭' (ID:50505) isLearned=True
[NPC Spell Manager] REGULAR NPC UNIFIED: Found '梦魇' (ID:8705) isLearned=True
[NPC Spell Manager] REGULAR NPC UNIFIED: Found '传送' (ID:8200) isLearned=True
[NPC Spell Manager] REGULAR NPC UNIFIED: Found '召唤鱼' (ID:9008) isLearned=True
[NPC Spell Manager] REGULAR NPC TOTAL: Found 27 abilities for 战士 萊雅
[NPC Spell Manager] DisplayName DEBUG: alias='SpMagicMap', baseName='魔法地图', sourceType=Learned
[NPC Spell Manager] GetDistinguishingSuffix: baseName='魔法地图', alias='SpMagicMap'
[NPC Spell Manager] Using suffix: baseName='魔法地图' != cleanAlias='SpMagicMap'
[NPC Spell Manager] Generated DisplayName: '魔法地图 (SpMagicMap)' (suffix: ' (SpMagicMap)')
[NPC Spell Manager] DisplayName DEBUG: alias='SpRemoveHex', baseName='清净圣光', sourceType=Learned
[NPC Spell Manager] GetDistinguishingSuffix: baseName='清净圣光', alias='SpRemoveHex'
[NPC Spell Manager] Using suffix: baseName='清净圣光' != cleanAlias='SpRemoveHex'
[NPC Spell Manager] Generated DisplayName: '清净圣光 (SpRemoveHex)' (suffix: ' (SpRemoveHex)')
[NPC Spell Manager] DisplayName DEBUG: alias='SpIdentify', baseName='鉴定', sourceType=Learned
[NPC Spell Manager] GetDistinguishingSuffix: baseName='鉴定', alias='SpIdentify'
[NPC Spell Manager] Using suffix: baseName='鉴定' != cleanAlias='SpIdentify'
[NPC Spell Manager] Generated DisplayName: '鉴定 (SpIdentify)' (suffix: ' (SpIdentify)')
[NPC Spell Manager] DisplayName DEBUG: alias='arrow_Darkness', baseName='黑暗之箭', sourceType=Learned
[NPC Spell Manager] GetDistinguishingSuffix: baseName='黑暗之箭', alias='arrow_Darkness'
[NPC Spell Manager] Using suffix: baseName='黑暗之箭' != cleanAlias='arrow_Darkness'
[NPC Spell Manager] Generated DisplayName: '黑暗之箭 (arrow_Darkness)' (suffix: ' (arrow_Darkness)')
[NPC Spell Manager] DisplayName DEBUG: alias='SpRestoreBody', baseName='肉体复苏', sourceType=Learned
[NPC Spell Manager] GetDistinguishingSuffix: baseName='肉体复苏', alias='SpRestoreBody'
[NPC Spell Manager] Using suffix: baseName='肉体复苏' != cleanAlias='SpRestoreBody'
[NPC Spell Manager] Generated DisplayName: '肉体复苏 (SpRestoreBody)' (suffix: ' (SpRestoreBody)')
[NPC Spell Manager] DisplayName DEBUG: alias='SpCatsEye', baseName='猫眼', sourceType=Learned
[NPC Spell Manager] GetDistinguishingSuffix: baseName='猫眼', alias='SpCatsEye'
[NPC Spell Manager] Using suffix: baseName='猫眼' != cleanAlias='SpCatsEye'
[NPC Spell Manager] Generated DisplayName: '猫眼 (SpCatsEye)' (suffix: ' (SpCatsEye)')
[NPC Spell Manager] DisplayName DEBUG: alias='SpEvac', baseName='脱离', sourceType=Learned
[NPC Spell Manager] GetDistinguishingSuffix: baseName='脱离', alias='SpEvac'
[NPC Spell Manager] Using suffix: baseName='脱离' != cleanAlias='SpEvac'
[NPC Spell Manager] Generated DisplayName: '脱离 (SpEvac)' (suffix: ' (SpEvac)')
[NPC Spell Manager] DisplayName DEBUG: alias='SpTelepathy', baseName='心灵感应', sourceType=Learned
[NPC Spell Manager] GetDistinguishingSuffix: baseName='心灵感应', alias='SpTelepathy'
[NPC Spell Manager] Using suffix: baseName='心灵感应' != cleanAlias='SpTelepathy'
[NPC Spell Manager] Generated DisplayName: '心灵感应 (SpTelepathy)' (suffix: ' (SpTelepathy)')
[NPC Spell Manager] DisplayName DEBUG: alias='SpUncurse', baseName='解咒', sourceType=Learned
[NPC Spell Manager] GetDistinguishingSuffix: baseName='解咒', alias='SpUncurse'
[NPC Spell Manager] Using suffix: baseName='解咒' != cleanAlias='SpUncurse'
[NPC Spell Manager] Generated DisplayName: '解咒 (SpUncurse)' (suffix: ' (SpUncurse)')
[NPC Spell Manager] DisplayName DEBUG: alias='SpReturn', baseName='归还', sourceType=Learned
[NPC Spell Manager] GetDistinguishingSuffix: baseName='归还', alias='SpReturn'
[NPC Spell Manager] Using suffix: baseName='归还' != cleanAlias='SpReturn'
[NPC Spell Manager] Generated DisplayName: '归还 (SpReturn)' (suffix: ' (SpReturn)')
[NPC Spell Manager] DisplayName DEBUG: alias='arrow_Nerve', baseName='神经之箭', sourceType=Learned
[NPC Spell Manager] GetDistinguishingSuffix: baseName='神经之箭', alias='arrow_Nerve'
[NPC Spell Manager] Using suffix: baseName='神经之箭' != cleanAlias='arrow_Nerve'
[NPC Spell Manager] Generated DisplayName: '神经之箭 (arrow_Nerve)' (suffix: ' (arrow_Nerve)')
[NPC Spell Manager] DisplayName DEBUG: alias='arrow_Cold', baseName='寒冰之箭', sourceType=Learned
[NPC Spell Manager] GetDistinguishingSuffix: baseName='寒冰之箭', alias='arrow_Cold'
[NPC Spell Manager] Using suffix: baseName='寒冰之箭' != cleanAlias='arrow_Cold'
[NPC Spell Manager] Generated DisplayName: '寒冰之箭 (arrow_Cold)' (suffix: ' (arrow_Cold)')
[NPC Spell Manager] DisplayName DEBUG: alias='SpHealEris', baseName='《爱丽丝》的治愈', sourceType=Learned
[NPC Spell Manager] GetDistinguishingSuffix: baseName='《爱丽丝》的治愈', alias='SpHealEris'
[NPC Spell Manager] Using suffix: baseName='《爱丽丝》的治愈' != cleanAlias='SpHealEris'
[NPC Spell Manager] Generated DisplayName: '《爱丽丝》的治愈 (SpHealEris)' (suffix: ' (SpHealEris)')
[NPC Spell Manager] DisplayName DEBUG: alias='SpRevive', baseName='复活', sourceType=Learned
[NPC Spell Manager] GetDistinguishingSuffix: baseName='复活', alias='SpRevive'
[NPC Spell Manager] Using suffix: baseName='复活' != cleanAlias='SpRevive'
[NPC Spell Manager] Generated DisplayName: '复活 (SpRevive)' (suffix: ' (SpRevive)')
[NPC Spell Manager] DisplayName DEBUG: alias='miasma_Poison', baseName='剧毒瘴气', sourceType=Learned
[NPC Spell Manager] GetDistinguishingSuffix: baseName='剧毒瘴气', alias='miasma_Poison'
[NPC Spell Manager] Using suffix: baseName='剧毒瘴气' != cleanAlias='miasma_Poison'
[NPC Spell Manager] Generated DisplayName: '剧毒瘴气 (miasma_Poison)' (suffix: ' (miasma_Poison)')
[NPC Spell Manager] DisplayName DEBUG: alias='SpHealLight', baseName='轻伤治疗', sourceType=Learned
[NPC Spell Manager] GetDistinguishingSuffix: baseName='轻伤治疗', alias='SpHealLight'
[NPC Spell Manager] Using suffix: baseName='轻伤治疗' != cleanAlias='SpHealLight'
[NPC Spell Manager] Generated DisplayName: '轻伤治疗 (SpHealLight)' (suffix: ' (SpHealLight)')
[NPC Spell Manager] DisplayName DEBUG: alias='SpWeakness', baseName='脆弱', sourceType=Learned
[NPC Spell Manager] GetDistinguishingSuffix: baseName='脆弱', alias='SpWeakness'
[NPC Spell Manager] Using suffix: baseName='脆弱' != cleanAlias='SpWeakness'
[NPC Spell Manager] Generated DisplayName: '脆弱 (SpWeakness)' (suffix: ' (SpWeakness)')
[NPC Spell Manager] DisplayName DEBUG: alias='SpBane', baseName='灾祸', sourceType=Learned
[NPC Spell Manager] GetDistinguishingSuffix: baseName='灾祸', alias='SpBane'
[NPC Spell Manager] Using suffix: baseName='灾祸' != cleanAlias='SpBane'
[NPC Spell Manager] Generated DisplayName: '灾祸 (SpBane)' (suffix: ' (SpBane)')
[NPC Spell Manager] DisplayName DEBUG: alias='SpGravity', baseName='重力场', sourceType=Learned
[NPC Spell Manager] GetDistinguishingSuffix: baseName='重力场', alias='SpGravity'
[NPC Spell Manager] Using suffix: baseName='重力场' != cleanAlias='SpGravity'
[NPC Spell Manager] Generated DisplayName: '重力场 (SpGravity)' (suffix: ' (SpGravity)')
[NPC Spell Manager] DisplayName DEBUG: alias='bolt_Lightning', baseName='雷电光线', sourceType=Learned
[NPC Spell Manager] GetDistinguishingSuffix: baseName='雷电光线', alias='bolt_Lightning'
[NPC Spell Manager] Using suffix: baseName='雷电光线' != cleanAlias='bolt_Lightning'
[NPC Spell Manager] Generated DisplayName: '雷电光线 (bolt_Lightning)' (suffix: ' (bolt_Lightning)')
[NPC Spell Manager] DisplayName DEBUG: alias='SpWisdom', baseName='智者', sourceType=Learned
[NPC Spell Manager] GetDistinguishingSuffix: baseName='智者', alias='SpWisdom'
[NPC Spell Manager] Using suffix: baseName='智者' != cleanAlias='SpWisdom'
[NPC Spell Manager] Generated DisplayName: '智者 (SpWisdom)' (suffix: ' (SpWisdom)')
[NPC Spell Manager] DisplayName DEBUG: alias='SpHealCritical', baseName='致命伤治疗', sourceType=Learned
[NPC Spell Manager] GetDistinguishingSuffix: baseName='致命伤治疗', alias='SpHealCritical'
[NPC Spell Manager] Using suffix: baseName='致命伤治疗' != cleanAlias='SpHealCritical'
[NPC Spell Manager] Generated DisplayName: '致命伤治疗 (SpHealCritical)' (suffix: ' (SpHealCritical)')
[NPC Spell Manager] DisplayName DEBUG: alias='SpLevitate', baseName='飘浮', sourceType=Learned
[NPC Spell Manager] GetDistinguishingSuffix: baseName='飘浮', alias='SpLevitate'
[NPC Spell Manager] Using suffix: baseName='飘浮' != cleanAlias='SpLevitate'
[NPC Spell Manager] Generated DisplayName: '飘浮 (SpLevitate)' (suffix: ' (SpLevitate)')
[NPC Spell Manager] DisplayName DEBUG: alias='arrow_Poison', baseName='剧毒之箭', sourceType=Learned
[NPC Spell Manager] GetDistinguishingSuffix: baseName='剧毒之箭', alias='arrow_Poison'
[NPC Spell Manager] Using suffix: baseName='剧毒之箭' != cleanAlias='arrow_Poison'
[NPC Spell Manager] Generated DisplayName: '剧毒之箭 (arrow_Poison)' (suffix: ' (arrow_Poison)')
[NPC Spell Manager] DisplayName DEBUG: alias='SpNightmare', baseName='梦魇', sourceType=Learned
[NPC Spell Manager] GetDistinguishingSuffix: baseName='梦魇', alias='SpNightmare'
[NPC Spell Manager] Using suffix: baseName='梦魇' != cleanAlias='SpNightmare'
[NPC Spell Manager] Generated DisplayName: '梦魇 (SpNightmare)' (suffix: ' (SpNightmare)')
[NPC Spell Manager] DisplayName DEBUG: alias='SpTeleport', baseName='传送', sourceType=Learned
[NPC Spell Manager] GetDistinguishingSuffix: baseName='传送', alias='SpTeleport'
[NPC Spell Manager] Using suffix: baseName='传送' != cleanAlias='SpTeleport'
[NPC Spell Manager] Generated DisplayName: '传送 (SpTeleport)' (suffix: ' (SpTeleport)')
[NPC Spell Manager] DisplayName DEBUG: alias='SpSummonFish', baseName='召唤鱼', sourceType=Learned
[NPC Spell Manager] GetDistinguishingSuffix: baseName='召唤鱼', alias='SpSummonFish'
[NPC Spell Manager] Using suffix: baseName='召唤鱼' != cleanAlias='SpSummonFish'
[NPC Spell Manager] Generated DisplayName: '召唤鱼 (SpSummonFish)' (suffix: ' (SpSummonFish)')
[NPC Spell Manager] Filtered out basic action (already known): ActWait
[NPC Spell Manager] Filtered out basic action (already known): ActMelee
[NPC Spell Manager] Filtered out basic action (already known): Melee
[NPC Spell Manager] Filtered out generic/broken name: Use -> 'Use'
[NPC Spell Manager] Filtered out generic/broken name: General -> 'general'
[NPC Spell Manager] Filtered out Task behavior: TaskMine
[NPC Spell Manager] Filtered out Task behavior: TaskDig
[NPC Spell Manager] Filtered out Task behavior: TaskCut
[NPC Spell Manager] Filtered out AI behavior: AI_Goto
[NPC Spell Manager] Filtered out basic action (already known): ActAttack
[NPC Spell Manager] Filtered out Task behavior: TaskPlow
[NPC Spell Manager] Filtered out Task behavior: TaskAttack
[NPC Spell Manager] Filtered out Task behavior: TaskTame
[NPC Spell Manager] Filtered out Task behavior: TaskTalk
[NPC Spell Manager] Filtered out Task behavior: TaskPick
[NPC Spell Manager] Filtered out Task behavior: TaskReadBoard
[NPC Spell Manager] Filtered out Task behavior: TaskFarm
[NPC Spell Manager] Filtered out Task behavior: TaskTrain
[NPC Spell Manager] Filtered out Task behavior: TaskSleepOnBed
[NPC Spell Manager] Filtered out Task behavior: TaskGoOut
[NPC Spell Manager] Filtered out AI behavior: AI_Eat
[NPC Spell Manager] Filtered out AI behavior: AI_Grab
[NPC Spell Manager] Filtered out AI behavior: AI_Haul
[NPC Spell Manager] Filtered out broken numeric name: ActReleaseHeld -> '8'
[NPC Spell Manager] Filtered out AI behavior: AI_Offer
[NPC Spell Manager] Filtered out AI behavior: AI_ReleaseHeld
[NPC Spell Manager] Filtered out AI behavior: AI_Deconstruct
[NPC Spell Manager] Filtered out AI behavior: AI_Equip
[NPC Spell Manager] Filtered out broken numeric name: ActCancelTask -> '13'
[NPC Spell Manager] Filtered out Task behavior: TaskBuild
[NPC Spell Manager] Filtered out Task behavior: TaskMoveInstalled
[NPC Spell Manager] Filtered out broken ability: ActNoItem
[NPC Spell Manager] Filtered out basic action (already known): ActThrow
[NPC Spell Manager] Filtered out AI behavior: AI_Fish
[NPC Spell Manager] Filtered out basic action (already known): ActRanged
[NPC Spell Manager] Filtered out AI behavior: AI_Read
[NPC Spell Manager] Filtered out basic action (already known): ActKick
[NPC Spell Manager] Filtered out AI behavior: AI_TendAnimal
[NPC Spell Manager] Filtered out basic action (already known): ActChat
[NPC Spell Manager] Filtered out AI behavior: AI_Drink
[NPC Spell Manager] Filtered out broken ability: ActInstall
[NPC Spell Manager] Filtered out basic action (already known): ActPick
[NPC Spell Manager] Filtered out AI behavior: AI_OpenLock
[NPC Spell Manager] Filtered out AI behavior: AI_Sleep
[NPC Spell Manager] Filtered out Task behavior: TaskHarvest
[NPC Spell Manager] Filtered out AI behavior: AI_Bladder
[NPC Spell Manager] Filtered out AI behavior: AI_PlayMusic
[NPC Spell Manager] Filtered out AI behavior: AI_Meditate
[NPC Spell Manager] Filtered out AI behavior: AI_Steal
[NPC Spell Manager] Filtered out PC-only UI ability from NPC: ActQuickCraft
[NPC Spell Manager] Filtered out AI behavior: AI_PassTime
[NPC Spell Manager] Filtered out AI behavior: AI_SelfHarm
[NPC Spell Manager] Filtered out PC-only UI ability from NPC: ActRide
[NPC Spell Manager] Available abilities for ADD dropdown: 93
[NPC Spell Manager] REFACTORED: Scanning Regular NPC: 战士 萊雅
[NPC Spell Manager] REGULAR NPC UNIFIED: Found '魔法地图' (ID:8260) isLearned=True
[NPC Spell Manager] REGULAR NPC UNIFIED: Found '清净圣光' (ID:8490) isLearned=True
[NPC Spell Manager] REGULAR NPC UNIFIED: Found '鉴定' (ID:8230) isLearned=True
[NPC Spell Manager] REGULAR NPC UNIFIED: Found '黑暗之箭' (ID:50503) isLearned=True
[NPC Spell Manager] REGULAR NPC UNIFIED: Found '肉体复苏' (ID:8470) isLearned=True
[NPC Spell Manager] REGULAR NPC UNIFIED: Found '猫眼' (ID:8501) isLearned=True
[NPC Spell Manager] REGULAR NPC UNIFIED: Found '脱离' (ID:8221) isLearned=True
[NPC Spell Manager] REGULAR NPC UNIFIED: Found '心灵感应' (ID:8770) isLearned=True
[NPC Spell Manager] REGULAR NPC UNIFIED: Found '解咒' (ID:8240) isLearned=True
[NPC Spell Manager] REGULAR NPC UNIFIED: Found '归还' (ID:8220) isLearned=True
[NPC Spell Manager] REGULAR NPC UNIFIED: Found '神经之箭' (ID:50508) isLearned=True
[NPC Spell Manager] REGULAR NPC UNIFIED: displayElement is NULL for '牵引' (ID:6602)
[NPC Spell Manager] REGULAR NPC UNIFIED: Found '寒冰之箭' (ID:50501) isLearned=True
[NPC Spell Manager] REGULAR NPC UNIFIED: Found '《爱丽丝》的治愈' (ID:8404) isLearned=True
[NPC Spell Manager] REGULAR NPC UNIFIED: Found '复活' (ID:8430) isLearned=True
[NPC Spell Manager] REGULAR NPC UNIFIED: Found '剧毒瘴气' (ID:50705) isLearned=True
[NPC Spell Manager] REGULAR NPC UNIFIED: Found '轻伤治疗' (ID:8400) isLearned=True
[NPC Spell Manager] REGULAR NPC UNIFIED: Found '脆弱' (ID:8702) isLearned=True
[NPC Spell Manager] REGULAR NPC UNIFIED: Found '灾祸' (ID:8706) isLearned=True
[NPC Spell Manager] REGULAR NPC UNIFIED: Found '重力场' (ID:8708) isLearned=True
[NPC Spell Manager] REGULAR NPC UNIFIED: Found '雷电光线' (ID:50302) isLearned=True
[NPC Spell Manager] REGULAR NPC UNIFIED: Found '智者' (ID:8503) isLearned=True
[NPC Spell Manager] REGULAR NPC UNIFIED: Found '致命伤治疗' (ID:8402) isLearned=True
[NPC Spell Manager] REGULAR NPC UNIFIED: Found '飘浮' (ID:8300) isLearned=True
[NPC Spell Manager] REGULAR NPC UNIFIED: Found '剧毒之箭' (ID:50505) isLearned=True
[NPC Spell Manager] REGULAR NPC UNIFIED: Found '梦魇' (ID:8705) isLearned=True
[NPC Spell Manager] REGULAR NPC UNIFIED: Found '传送' (ID:8200) isLearned=True
[NPC Spell Manager] REGULAR NPC UNIFIED: Found '召唤鱼' (ID:9008) isLearned=True
[NPC Spell Manager] REGULAR NPC TOTAL: Found 27 abilities for 战士 萊雅
[NPCSpellManager] Abilities tab returning 0 non-null elements for 战士 萊雅
[NPC Spell Manager] REFACTORED: Scanning Regular NPC: 战士 萊雅
[NPC Spell Manager] REGULAR NPC UNIFIED: Found '魔法地图' (ID:8260) isLearned=True
[NPC Spell Manager] REGULAR NPC UNIFIED: Found '清净圣光' (ID:8490) isLearned=True
[NPC Spell Manager] REGULAR NPC UNIFIED: Found '鉴定' (ID:8230) isLearned=True
[NPC Spell Manager] REGULAR NPC UNIFIED: Found '黑暗之箭' (ID:50503) isLearned=True
[NPC Spell Manager] REGULAR NPC UNIFIED: Found '肉体复苏' (ID:8470) isLearned=True
[NPC Spell Manager] REGULAR NPC UNIFIED: Found '猫眼' (ID:8501) isLearned=True
[NPC Spell Manager] REGULAR NPC UNIFIED: Found '脱离' (ID:8221) isLearned=True
[NPC Spell Manager] REGULAR NPC UNIFIED: Found '心灵感应' (ID:8770) isLearned=True
[NPC Spell Manager] REGULAR NPC UNIFIED: Found '解咒' (ID:8240) isLearned=True
[NPC Spell Manager] REGULAR NPC UNIFIED: Found '归还' (ID:8220) isLearned=True
[NPC Spell Manager] REGULAR NPC UNIFIED: Found '神经之箭' (ID:50508) isLearned=True
[NPC Spell Manager] REGULAR NPC UNIFIED: displayElement is NULL for '牵引' (ID:6602)
[NPC Spell Manager] REGULAR NPC UNIFIED: Found '寒冰之箭' (ID:50501) isLearned=True
[NPC Spell Manager] REGULAR NPC UNIFIED: Found '《爱丽丝》的治愈' (ID:8404) isLearned=True
[NPC Spell Manager] REGULAR NPC UNIFIED: Found '复活' (ID:8430) isLearned=True
[NPC Spell Manager] REGULAR NPC UNIFIED: Found '剧毒瘴气' (ID:50705) isLearned=True
[NPC Spell Manager] REGULAR NPC UNIFIED: Found '轻伤治疗' (ID:8400) isLearned=True
[NPC Spell Manager] REGULAR NPC UNIFIED: Found '脆弱' (ID:8702) isLearned=True
[NPC Spell Manager] REGULAR NPC UNIFIED: Found '灾祸' (ID:8706) isLearned=True
[NPC Spell Manager] REGULAR NPC UNIFIED: Found '重力场' (ID:8708) isLearned=True
[NPC Spell Manager] REGULAR NPC UNIFIED: Found '雷电光线' (ID:50302) isLearned=True
[NPC Spell Manager] REGULAR NPC UNIFIED: Found '智者' (ID:8503) isLearned=True
[NPC Spell Manager] REGULAR NPC UNIFIED: Found '致命伤治疗' (ID:8402) isLearned=True
[NPC Spell Manager] REGULAR NPC UNIFIED: Found '飘浮' (ID:8300) isLearned=True
[NPC Spell Manager] REGULAR NPC UNIFIED: Found '剧毒之箭' (ID:50505) isLearned=True
[NPC Spell Manager] REGULAR NPC UNIFIED: Found '梦魇' (ID:8705) isLearned=True
[NPC Spell Manager] REGULAR NPC UNIFIED: Found '传送' (ID:8200) isLearned=True
[NPC Spell Manager] REGULAR NPC UNIFIED: Found '召唤鱼' (ID:9008) isLearned=True
[NPC Spell Manager] REGULAR NPC TOTAL: Found 27 abilities for 战士 萊雅
[NPC Spell Manager] REFACTORED: Scanning Regular NPC: 战士 萊雅
[NPC Spell Manager] REGULAR NPC UNIFIED: Found '魔法地图' (ID:8260) isLearned=True
[NPC Spell Manager] REGULAR NPC UNIFIED: Found '清净圣光' (ID:8490) isLearned=True
[NPC Spell Manager] REGULAR NPC UNIFIED: Found '鉴定' (ID:8230) isLearned=True
[NPC Spell Manager] REGULAR NPC UNIFIED: Found '黑暗之箭' (ID:50503) isLearned=True
[NPC Spell Manager] REGULAR NPC UNIFIED: Found '肉体复苏' (ID:8470) isLearned=True
[NPC Spell Manager] REGULAR NPC UNIFIED: Found '猫眼' (ID:8501) isLearned=True
[NPC Spell Manager] REGULAR NPC UNIFIED: Found '脱离' (ID:8221) isLearned=True
[NPC Spell Manager] REGULAR NPC UNIFIED: Found '心灵感应' (ID:8770) isLearned=True
[NPC Spell Manager] REGULAR NPC UNIFIED: Found '解咒' (ID:8240) isLearned=True
[NPC Spell Manager] REGULAR NPC UNIFIED: Found '归还' (ID:8220) isLearned=True
[NPC Spell Manager] REGULAR NPC UNIFIED: Found '神经之箭' (ID:50508) isLearned=True
[NPC Spell Manager] REGULAR NPC UNIFIED: displayElement is NULL for '牵引' (ID:6602)
[NPC Spell Manager] REGULAR NPC UNIFIED: Found '寒冰之箭' (ID:50501) isLearned=True
[NPC Spell Manager] REGULAR NPC UNIFIED: Found '《爱丽丝》的治愈' (ID:8404) isLearned=True
[NPC Spell Manager] REGULAR NPC UNIFIED: Found '复活' (ID:8430) isLearned=True
[NPC Spell Manager] REGULAR NPC UNIFIED: Found '剧毒瘴气' (ID:50705) isLearned=True
[NPC Spell Manager] REGULAR NPC UNIFIED: Found '轻伤治疗' (ID:8400) isLearned=True
[NPC Spell Manager] REGULAR NPC UNIFIED: Found '脆弱' (ID:8702) isLearned=True
[NPC Spell Manager] REGULAR NPC UNIFIED: Found '灾祸' (ID:8706) isLearned=True
[NPC Spell Manager] REGULAR NPC UNIFIED: Found '重力场' (ID:8708) isLearned=True
[NPC Spell Manager] REGULAR NPC UNIFIED: Found '雷电光线' (ID:50302) isLearned=True
[NPC Spell Manager] REGULAR NPC UNIFIED: Found '智者' (ID:8503) isLearned=True
[NPC Spell Manager] REGULAR NPC UNIFIED: Found '致命伤治疗' (ID:8402) isLearned=True
[NPC Spell Manager] REGULAR NPC UNIFIED: Found '飘浮' (ID:8300) isLearned=True
[NPC Spell Manager] REGULAR NPC UNIFIED: Found '剧毒之箭' (ID:50505) isLearned=True
[NPC Spell Manager] REGULAR NPC UNIFIED: Found '梦魇' (ID:8705) isLearned=True
[NPC Spell Manager] REGULAR NPC UNIFIED: Found '传送' (ID:8200) isLearned=True
[NPC Spell Manager] REGULAR NPC UNIFIED: Found '召唤鱼' (ID:9008) isLearned=True
[NPC Spell Manager] REGULAR NPC TOTAL: Found 27 abilities for 战士 萊雅
[NPC Spell Manager] REFACTORED: Scanning Regular NPC: 战士 萊雅
[NPC Spell Manager] REGULAR NPC UNIFIED: Found '魔法地图' (ID:8260) isLearned=True
[NPC Spell Manager] REGULAR NPC UNIFIED: Found '清净圣光' (ID:8490) isLearned=True
[NPC Spell Manager] REGULAR NPC UNIFIED: Found '鉴定' (ID:8230) isLearned=True
[NPC Spell Manager] REGULAR NPC UNIFIED: Found '黑暗之箭' (ID:50503) isLearned=True
[NPC Spell Manager] REGULAR NPC UNIFIED: Found '肉体复苏' (ID:8470) isLearned=True
[NPC Spell Manager] REGULAR NPC UNIFIED: Found '猫眼' (ID:8501) isLearned=True
[NPC Spell Manager] REGULAR NPC UNIFIED: Found '脱离' (ID:8221) isLearned=True
[NPC Spell Manager] REGULAR NPC UNIFIED: Found '心灵感应' (ID:8770) isLearned=True
[NPC Spell Manager] REGULAR NPC UNIFIED: Found '解咒' (ID:8240) isLearned=True
[NPC Spell Manager] REGULAR NPC UNIFIED: Found '归还' (ID:8220) isLearned=True
[NPC Spell Manager] REGULAR NPC UNIFIED: Found '神经之箭' (ID:50508) isLearned=True
[NPC Spell Manager] REGULAR NPC UNIFIED: displayElement is NULL for '牵引' (ID:6602)
[NPC Spell Manager] REGULAR NPC UNIFIED: Found '寒冰之箭' (ID:50501) isLearned=True
[NPC Spell Manager] REGULAR NPC UNIFIED: Found '《爱丽丝》的治愈' (ID:8404) isLearned=True
[NPC Spell Manager] REGULAR NPC UNIFIED: Found '复活' (ID:8430) isLearned=True
[NPC Spell Manager] REGULAR NPC UNIFIED: Found '剧毒瘴气' (ID:50705) isLearned=True
[NPC Spell Manager] REGULAR NPC UNIFIED: Found '轻伤治疗' (ID:8400) isLearned=True
[NPC Spell Manager] REGULAR NPC UNIFIED: Found '脆弱' (ID:8702) isLearned=True
[NPC Spell Manager] REGULAR NPC UNIFIED: Found '灾祸' (ID:8706) isLearned=True
[NPC Spell Manager] REGULAR NPC UNIFIED: Found '重力场' (ID:8708) isLearned=True
[NPC Spell Manager] REGULAR NPC UNIFIED: Found '雷电光线' (ID:50302) isLearned=True
[NPC Spell Manager] REGULAR NPC UNIFIED: Found '智者' (ID:8503) isLearned=True
[NPC Spell Manager] REGULAR NPC UNIFIED: Found '致命伤治疗' (ID:8402) isLearned=True
[NPC Spell Manager] REGULAR NPC UNIFIED: Found '飘浮' (ID:8300) isLearned=True
[NPC Spell Manager] REGULAR NPC UNIFIED: Found '剧毒之箭' (ID:50505) isLearned=True
[NPC Spell Manager] REGULAR NPC UNIFIED: Found '梦魇' (ID:8705) isLearned=True
[NPC Spell Manager] REGULAR NPC UNIFIED: Found '传送' (ID:8200) isLearned=True
[NPC Spell Manager] REGULAR NPC UNIFIED: Found '召唤鱼' (ID:9008) isLearned=True
[NPC Spell Manager] REGULAR NPC TOTAL: Found 27 abilities for 战士 萊雅
[NPC Spell Manager] RefreshRemoveAbilityDropdown: Found 0 abilities
[NPC Spell Manager] Generated 0 ability names for dropdown
Unloading 1 Unused Serialized files (Serialized files now loaded: 2)
Unloading 607 unused Assets to reduce memory usage. Loaded Objects now: 30198.
Total: 127.616100 ms (FindLiveObjects: 1.772000 ms CreateObjectMapping: 0.636300 ms MarkObjects: 124.805000 ms  DeleteObjects: 0.402100 ms)

